identity,"(2S,3R)-2-amino-3-hydroxy-4-(4-nitrophenyl)butanoic_acid","(2S,6R)-diamino-(5R,7)-dihydroxy-heptanoic_acid","(4S)-5,5,5-trichloroleucine","(E)-4-methylhex-2-enoic_acid","(S,E)-2-amino-4-decenoic_acid","1-(1,1-dimethylallyl)-tryptophan","1-aminocyclopropane-1-carboxylic_acid","1-pyrroline-5-carboxylic_acid","10,14-dimethyloctadecanoic_acid","2,3-diaminobutyric_acid","2,3-diaminopropionic_acid","2,3-dihydroxy-para-aminobenzoic_acid","2,3-dihydroxybenzoic_acid","2,3-dihydroxyhexadecanoic_acid","2,4-diaminobutyric_acid","2,4-dihydroxypentanoic_acid","2-(1-methylcyclopropyl)-D-glycine","2-amino-3,5-dimethyl-4-hexenoic_Acid","2-amino-3-hydroxycyclopent-2-enone","2-amino-6-hydroxy-4-methyl-8-oxodecanoic_acid","2-aminoadipic_acid","2-aminobutyric_acid","2-aminoisobutyric_acid","2-carboxy-6-hydroxyoctahydroindole","2-chlorobenzoic_acid","2-ketoglutaric_acid","2-ketoisocaproic_acid","2-ketoisovaleric_acid","2-methylserine","2-sulfamoylacetic_acid","2R-hydroxy-3-methylpentanoic_acid","2R-hydroxyisovaleric_acid","2S-amino-9,10-epoxy-8-oxodecanoic_acid","2S-aminodecanoic_acid","2S-aminododecanoic_acid","2S-aminooctanoic_acid","2S-hydroxyisocaproic_acid","2S-methyl-3-oxobutyrine","3,3-dihomophenylalanine","3,4-dehydrolysine","3,4-dihydroxybenzoic_acid","3,5-dihydroxyphenylglycine","3-(2-nitrocyclopropylalanine)","3-(3-pyridyl)-alanine","3-amino-2,4-dihydroxybenzoic_acid","3-amino-4-hydroxybenzoic_acid","3-amino-6-hydroxy-2-piperidone","3-hydroxy-4-methylproline","3-hydroxy-O-methyl-5-methyltyrosine","3-hydroxy-para-aminobenzoic_acid","3-hydroxyasparagine","3-hydroxyaspartic_acid","3-hydroxyglutamine","3-hydroxykynurenine","3-hydroxyleucine","3-hydroxypicolinic_acid","3-hydroxyquinaldic_acid","3-hydroxytyrosine","3-hydroxyvaline","3-methoxyanthranilic_acid","3-methoxyaspartic_acid","3-methylasparagine","3-nitrotyrosine","3R-hydroxy-2,4-diaminobutyric_acid","3R-hydroxyhomotyrosine","3R-methylbeta-alanine","3R-methylglutamic_acid","3S-cyclohex-2-enylalanine","3S-hydroxy-4R-methyloctanoic_acid","3S-methylaspartic_acid","3S-methylleucine","3S-methylproline","4,5-dehydroarginine","4-acetamidopyrrole-2-carboxylic_acid","4-amino-2-hydroxy-3-isopropoxybenzoic_acid","4-aminobutyric_acid","4-hydroxy-3-nitrobenzoic_acid","4-hydroxy-D-kynurenine","4-hydroxybenzoic_acid","4-hydroxyglutamine","4-hydroxyphenylglycine","4-hydroxyphenylpyruvic_acid","4-methoxytryptophan","4-methylproline","4-nitrotryptophan","4R-E-butenyl-4R-methylthreonine","4R-hydroxyproline","4R-propylproline","4S,5-dihydroxy-2S-aminopentanoic_acid","4S-acetyl-5S-methylproline","4S-hydroxylysine","4S-methylazetidine-2S-carboxylic_acid","4S-propenylproline","5,5-dimethylpipecolic_acid","5-aminolevulinic_acid","5-chloroanthranilic_acid","5-chlorotryptophan","5-methoxytyrosine","5-methylorsellinic_acid","5S-methylproline","6,7-dichlorotryptophan","6-chloro-4-hydroxy-1-methyl-indole-3-carboxylic_acid","6-chloro-4-hydroxyindole-3-carboxylic_acid","6-chlorotryptophan","6-hydroxy-tetrahydro-isoquinoline-3-carboxylic_acid","6-methylsalicylic_acid","6S-methyl-pipecolic_acid","An_acid_hydrazine_polyene_(intermediate_14)","D-lysergic_acid","N-formylglycine","N-hydroxyvaline","N-methylphenylalanine","N-methyltyrosine","N1-methoxytryptophan","N5-acetyl-N5-hydroxyornithine","N5-cis-anhydromevalonyl-N5-hydroxyornithine","N5-formyl-N5-hydroxyornithine","N5-hydroxyornithine","N6-hydroxylysine","O-dimethylallyl-L-tyrosine","O-methyltyrosine","R-3-hydroxy-3-methylproline","R-aza-beta-tyrosine","R-beta-methyltryptophan","R-beta-phenylalanine","R-beta-tyrosine","S-adenosylmethionine","S-beta-hydroxycyclohex-2S-enylalanine","S-beta-hydroxyenduracididine","acetic_acid","alanine","alaninol","anthranilic_acid","arginine","argininol","asparagine","aspartic_acid","azetidine-2-carboxylic_acid","benzoic_acid","benzoxazolinate","beta-alanine","beta-hydroxy-3-hydroxy-O-methyl-5-methyltyrosine","beta-hydroxy-gamma-methyl-hexadecanoic_acid","beta-hydroxyphenylalanine","beta-hydroxytyrosine","beta-lysine","beta-methylphenylalanine","betaine","butyric_acid","caffeic_acid","capreomycidine","cinnamic_acid","citrulline","colletorin_D_acid","coumaric_acid","cysteic_acid","cysteine","dehydrophenylalanine","dehydrotryptophan","dehydrovaline","dihydrolysergic_acid","dimethylsulfoniopropionic_acid","enduracididine","fatty_acid","fumaric_acid","glutamic_acid","glutamine","glycine","graminine","grifolic_acid","guanidinoacetic_acid","histidine","homoserine","homotyrosine","indole_pyruvic_acid","isoleucine","isovaline","kynurenine","lactic_acid","leucine","leucinol","linoleic_acid","lysine","malic_acid","malonamate","meta-tyrosine","methionine","methylglutaconyl_hydroxyornithine","nicotinic_acid","norcoronamic_acid","ochratoxin_beta","ornithine","p-hydroxymandelate","para-aminobenzoic_acid","phenylalanine","phenylalaninol","phenylglycine","phenyllactic_acid","phenylpyruvic_acid","pipecolic_acid","piperazic_acid","piperonylic_acid","proline","pyrrole-2-carboxylic_acid","pyruvic_acid","quinoxaline-2-carboxylic_acid","salicylic_acid","serine","succinic_semialdehyde","succinyl-hydrazinoacetic_acid","threonine","trans-2-crotylglycine","trans-2-hexenoic_acid","tricarballylic_acid","tryptophan","tyrosine","ustethylinic_acid","valine","valine_isocyanide","valinol"
"(2S,3R)-2-amino-3-hydroxy-4-(4-nitrophenyl)butanoic_acid",1.0,0.25,0.18,0.13,0.18,0.21,0.12,0.11,0.12,0.27,0.24,0.2,0.16,0.2,0.22,0.2,0.21,0.23,0.09,0.2,0.21,0.23,0.13,0.07,0.16,0.15,0.17,0.12,0.14,0.15,0.19,0.18,0.17,0.2,0.2,0.2,0.2,0.12,0.29,0.2,0.16,0.23,0.28,0.3,0.17,0.2,0.08,0.08,0.25,0.2,0.29,0.31,0.37,0.24,0.28,0.15,0.14,0.34,0.2,0.16,0.24,0.25,0.43,0.39,0.64,0.21,0.27,0.2,0.17,0.26,0.26,0.08,0.18,0.12,0.19,0.15,0.26,0.24,0.17,0.24,0.26,0.26,0.22,0.08,0.33,0.26,0.08,0.09,0.24,0.07,0.23,0.09,0.07,0.1,0.14,0.2,0.24,0.3,0.13,0.08,0.24,0.11,0.11,0.24,0.13,0.15,0.08,0.11,0.1,0.12,0.14,0.3,0.31,0.23,0.21,0.17,0.21,0.2,0.2,0.32,0.36,0.1,0.22,0.25,0.26,0.24,0.14,0.24,0.24,0.11,0.22,0.13,0.19,0.19,0.1,0.22,0.23,0.09,0.18,0.14,0.15,0.25,0.16,0.35,0.33,0.18,0.31,0.12,0.12,0.14,0.17,0.16,0.19,0.14,0.15,0.21,0.23,0.18,0.15,0.12,0.1,0.12,0.19,0.14,0.11,0.22,0.21,0.17,0.21,0.12,0.14,0.25,0.22,0.32,0.17,0.28,0.14,0.25,0.19,0.22,0.12,0.14,0.21,0.21,0.15,0.3,0.2,0.18,0.15,0.11,0.12,0.21,0.24,0.22,0.38,0.3,0.28,0.36,0.24,0.08,0.08,0.14,0.09,0.16,0.11,0.17,0.16,0.24,0.12,0.11,0.3,0.2,0.11,0.18,0.25,0.4,0.14,0.27,0.16,0.12
"(2S,6R)-diamino-(5R,7)-dihydroxy-heptanoic_acid",0.25,1.0,0.36,0.16,0.28,0.2,0.16,0.1,0.17,0.27,0.41,0.13,0.1,0.28,0.48,0.25,0.24,0.22,0.08,0.3,0.43,0.39,0.17,0.09,0.11,0.16,0.18,0.16,0.21,0.19,0.24,0.23,0.32,0.41,0.41,0.41,0.25,0.15,0.36,0.25,0.11,0.22,0.28,0.27,0.12,0.15,0.07,0.1,0.24,0.12,0.29,0.31,0.34,0.26,0.28,0.1,0.09,0.28,0.25,0.11,0.24,0.24,0.24,0.37,0.28,0.27,0.26,0.27,0.24,0.26,0.25,0.1,0.28,0.09,0.13,0.19,0.09,0.26,0.11,0.39,0.22,0.13,0.22,0.1,0.21,0.25,0.1,0.11,0.48,0.09,0.41,0.11,0.09,0.09,0.18,0.12,0.23,0.24,0.1,0.1,0.23,0.08,0.08,0.23,0.08,0.1,0.1,0.13,0.08,0.15,0.18,0.17,0.16,0.22,0.36,0.31,0.36,0.41,0.39,0.24,0.28,0.1,0.18,0.17,0.22,0.21,0.14,0.21,0.2,0.15,0.3,0.31,0.14,0.38,0.22,0.38,0.39,0.11,0.12,0.09,0.2,0.19,0.22,0.25,0.24,0.26,0.21,0.16,0.16,0.09,0.18,0.11,0.42,0.1,0.1,0.35,0.39,0.13,0.1,0.16,0.08,0.15,0.26,0.18,0.14,0.46,0.45,0.22,0.36,0.09,0.18,0.28,0.54,0.36,0.11,0.27,0.18,0.28,0.26,0.37,0.22,0.11,0.43,0.27,0.2,0.28,0.42,0.29,0.1,0.14,0.08,0.45,0.19,0.18,0.32,0.23,0.24,0.22,0.14,0.1,0.1,0.09,0.11,0.11,0.14,0.09,0.11,0.52,0.15,0.13,0.3,0.33,0.14,0.23,0.25,0.31,0.11,0.27,0.17,0.32
"(4S)-5,5,5-trichloroleucine",0.18,0.36,1.0,0.21,0.36,0.21,0.14,0.1,0.38,0.28,0.37,0.12,0.1,0.36,0.43,0.23,0.25,0.24,0.08,0.41,0.53,0.45,0.19,0.08,0.1,0.18,0.2,0.18,0.19,0.17,0.29,0.21,0.51,0.66,0.66,0.66,0.23,0.17,0.41,0.23,0.1,0.21,0.26,0.25,0.12,0.14,0.07,0.12,0.25,0.12,0.26,0.24,0.24,0.24,0.26,0.09,0.08,0.26,0.26,0.13,0.25,0.26,0.22,0.26,0.2,0.28,0.31,0.25,0.28,0.27,0.26,0.12,0.26,0.11,0.14,0.24,0.08,0.24,0.11,0.31,0.21,0.12,0.25,0.12,0.2,0.29,0.1,0.16,0.31,0.1,0.33,0.13,0.11,0.11,0.24,0.11,0.22,0.26,0.12,0.12,0.22,0.1,0.08,0.22,0.08,0.12,0.12,0.15,0.09,0.14,0.19,0.19,0.18,0.24,0.44,0.38,0.41,0.45,0.48,0.25,0.29,0.11,0.17,0.2,0.2,0.19,0.15,0.17,0.17,0.18,0.31,0.19,0.12,0.43,0.17,0.34,0.35,0.11,0.11,0.09,0.22,0.18,0.33,0.2,0.19,0.27,0.22,0.18,0.26,0.09,0.17,0.1,0.43,0.12,0.09,0.32,0.4,0.12,0.1,0.18,0.09,0.2,0.24,0.16,0.13,0.47,0.45,0.2,0.41,0.12,0.17,0.26,0.43,0.33,0.1,0.36,0.23,0.26,0.23,0.38,0.17,0.27,0.53,0.21,0.18,0.26,0.42,0.36,0.09,0.16,0.09,0.5,0.15,0.13,0.3,0.15,0.22,0.18,0.12,0.1,0.09,0.09,0.1,0.1,0.17,0.09,0.1,0.37,0.17,0.12,0.27,0.38,0.19,0.21,0.23,0.28,0.16,0.28,0.19,0.18
"(E)-4-methylhex-2-enoic_acid",0.13,0.16,0.21,1.0,0.24,0.15,0.13,0.11,0.25,0.25,0.21,0.11,0.11,0.23,0.19,0.28,0.18,0.24,0.09,0.22,0.18,0.33,0.19,0.1,0.11,0.17,0.29,0.27,0.19,0.17,0.36,0.26,0.14,0.24,0.24,0.24,0.28,0.16,0.15,0.24,0.11,0.14,0.14,0.14,0.11,0.11,0.05,0.14,0.15,0.11,0.16,0.17,0.18,0.13,0.23,0.11,0.1,0.15,0.19,0.12,0.18,0.23,0.12,0.19,0.15,0.3,0.25,0.14,0.26,0.24,0.23,0.14,0.18,0.12,0.16,0.17,0.1,0.13,0.12,0.18,0.14,0.14,0.13,0.14,0.11,0.24,0.11,0.18,0.18,0.12,0.17,0.15,0.15,0.13,0.16,0.1,0.12,0.15,0.14,0.14,0.12,0.11,0.09,0.12,0.11,0.14,0.14,0.14,0.08,0.2,0.23,0.22,0.21,0.14,0.18,0.17,0.18,0.17,0.16,0.17,0.17,0.13,0.14,0.15,0.17,0.16,0.08,0.11,0.11,0.23,0.28,0.19,0.11,0.16,0.08,0.19,0.2,0.12,0.13,0.1,0.18,0.12,0.24,0.14,0.13,0.17,0.19,0.21,0.27,0.22,0.11,0.26,0.16,0.16,0.24,0.18,0.2,0.14,0.13,0.17,0.08,0.2,0.14,0.2,0.38,0.19,0.18,0.2,0.18,0.13,0.16,0.14,0.19,0.15,0.11,0.34,0.23,0.14,0.29,0.27,0.16,0.21,0.18,0.21,0.18,0.14,0.21,0.17,0.11,0.15,0.12,0.18,0.14,0.12,0.17,0.11,0.15,0.17,0.15,0.11,0.11,0.1,0.11,0.11,0.21,0.1,0.12,0.21,0.21,0.25,0.24,0.24,0.42,0.21,0.13,0.16,0.18,0.25,0.23,0.17
"(S,E)-2-amino-4-decenoic_acid",0.18,0.28,0.36,0.24,1.0,0.23,0.14,0.09,0.27,0.27,0.35,0.12,0.09,0.35,0.33,0.22,0.24,0.26,0.07,0.3,0.34,0.43,0.18,0.08,0.1,0.14,0.19,0.18,0.19,0.17,0.29,0.21,0.27,0.53,0.53,0.53,0.22,0.16,0.29,0.32,0.1,0.2,0.25,0.24,0.11,0.14,0.07,0.11,0.24,0.11,0.22,0.24,0.24,0.23,0.25,0.09,0.08,0.26,0.26,0.13,0.24,0.25,0.22,0.25,0.2,0.27,0.27,0.24,0.28,0.26,0.26,0.12,0.42,0.1,0.14,0.2,0.08,0.23,0.1,0.31,0.2,0.12,0.22,0.12,0.2,0.32,0.09,0.18,0.31,0.1,0.29,0.12,0.13,0.11,0.16,0.11,0.21,0.25,0.12,0.12,0.21,0.12,0.08,0.21,0.08,0.11,0.11,0.15,0.07,0.19,0.19,0.18,0.17,0.23,0.32,0.29,0.32,0.32,0.32,0.27,0.28,0.11,0.17,0.18,0.2,0.19,0.14,0.17,0.16,0.17,0.3,0.19,0.12,0.31,0.14,0.33,0.34,0.1,0.11,0.08,0.18,0.17,0.29,0.2,0.19,0.23,0.22,0.17,0.25,0.11,0.17,0.12,0.31,0.13,0.12,0.31,0.34,0.14,0.12,0.17,0.08,0.16,0.24,0.16,0.16,0.32,0.31,0.19,0.29,0.14,0.16,0.25,0.33,0.26,0.1,0.35,0.22,0.25,0.23,0.36,0.16,0.47,0.34,0.2,0.18,0.25,0.33,0.29,0.09,0.15,0.09,0.35,0.15,0.13,0.29,0.15,0.21,0.17,0.12,0.09,0.09,0.09,0.1,0.1,0.16,0.09,0.1,0.35,0.2,0.21,0.26,0.55,0.33,0.21,0.23,0.28,0.15,0.27,0.18,0.17
"1-(1,1-dimethylallyl)-tryptophan",0.21,0.2,0.21,0.15,0.23,1.0,0.1,0.11,0.12,0.19,0.24,0.15,0.15,0.14,0.23,0.16,0.17,0.21,0.07,0.2,0.22,0.26,0.17,0.08,0.17,0.1,0.14,0.15,0.18,0.12,0.15,0.14,0.18,0.23,0.23,0.23,0.16,0.18,0.31,0.19,0.13,0.19,0.19,0.34,0.14,0.16,0.07,0.08,0.27,0.14,0.16,0.16,0.17,0.26,0.18,0.16,0.19,0.3,0.23,0.17,0.17,0.18,0.27,0.18,0.23,0.19,0.19,0.2,0.12,0.18,0.18,0.09,0.21,0.11,0.16,0.12,0.11,0.24,0.14,0.22,0.21,0.15,0.33,0.09,0.3,0.19,0.07,0.1,0.22,0.08,0.21,0.09,0.1,0.08,0.12,0.14,0.32,0.29,0.12,0.09,0.32,0.18,0.09,0.32,0.11,0.16,0.08,0.09,0.13,0.12,0.13,0.26,0.21,0.58,0.21,0.2,0.21,0.21,0.2,0.31,0.32,0.08,0.2,0.27,0.25,0.2,0.16,0.15,0.16,0.11,0.2,0.13,0.2,0.2,0.08,0.23,0.23,0.07,0.19,0.18,0.15,0.17,0.11,0.25,0.2,0.15,0.27,0.12,0.15,0.14,0.16,0.2,0.2,0.14,0.15,0.22,0.23,0.21,0.22,0.14,0.13,0.12,0.22,0.11,0.11,0.22,0.22,0.13,0.19,0.12,0.12,0.3,0.23,0.26,0.22,0.2,0.18,0.3,0.15,0.25,0.12,0.13,0.22,0.14,0.12,0.32,0.24,0.2,0.17,0.11,0.13,0.22,0.17,0.16,0.39,0.24,0.27,0.26,0.2,0.07,0.07,0.16,0.07,0.15,0.11,0.18,0.18,0.24,0.12,0.11,0.21,0.26,0.13,0.14,0.42,0.32,0.15,0.19,0.15,0.12
"1-aminocyclopropane-1-carboxylic_acid",0.12,0.16,0.14,0.13,0.14,0.1,1.0,0.17,0.11,0.21,0.21,0.21,0.17,0.12,0.19,0.15,0.32,0.17,0.19,0.13,0.17,0.2,0.3,0.14,0.14,0.17,0.15,0.17,0.24,0.21,0.14,0.17,0.16,0.16,0.16,0.16,0.15,0.25,0.14,0.16,0.18,0.21,0.17,0.13,0.2,0.2,0.13,0.16,0.14,0.2,0.19,0.21,0.17,0.15,0.19,0.16,0.14,0.17,0.19,0.14,0.18,0.19,0.14,0.19,0.17,0.21,0.17,0.16,0.12,0.2,0.19,0.17,0.14,0.11,0.16,0.21,0.14,0.15,0.2,0.17,0.21,0.17,0.1,0.17,0.1,0.14,0.17,0.14,0.17,0.14,0.16,0.19,0.14,0.23,0.2,0.16,0.11,0.15,0.17,0.17,0.11,0.12,0.13,0.11,0.16,0.16,0.16,0.13,0.09,0.15,0.15,0.11,0.14,0.11,0.14,0.11,0.14,0.16,0.16,0.12,0.14,0.23,0.16,0.12,0.16,0.19,0.06,0.16,0.16,0.24,0.24,0.09,0.18,0.15,0.06,0.19,0.2,0.2,0.17,0.11,0.23,0.14,0.11,0.16,0.19,0.17,0.16,0.17,0.17,0.19,0.19,0.18,0.15,0.12,0.21,0.18,0.2,0.21,0.12,0.27,0.09,0.15,0.16,0.2,0.21,0.19,0.18,0.26,0.14,0.1,0.2,0.14,0.19,0.18,0.1,0.18,0.24,0.14,0.19,0.19,0.07,0.11,0.17,0.16,0.23,0.17,0.17,0.11,0.13,0.39,0.14,0.18,0.17,0.19,0.16,0.1,0.18,0.13,0.14,0.17,0.17,0.15,0.18,0.14,0.21,0.12,0.19,0.21,0.16,0.17,0.2,0.17,0.15,0.17,0.12,0.19,0.14,0.21,0.14,0.08
"1-pyrroline-5-carboxylic_acid",0.11,0.1,0.1,0.11,0.09,0.11,0.17,1.0,0.1,0.13,0.13,0.14,0.14,0.1,0.12,0.12,0.15,0.14,0.09,0.09,0.11,0.12,0.14,0.21,0.15,0.13,0.12,0.14,0.12,0.13,0.12,0.13,0.14,0.11,0.11,0.11,0.12,0.2,0.12,0.11,0.15,0.14,0.14,0.17,0.14,0.14,0.14,0.2,0.12,0.14,0.12,0.13,0.11,0.11,0.12,0.17,0.15,0.15,0.12,0.12,0.11,0.12,0.12,0.12,0.12,0.13,0.11,0.22,0.1,0.12,0.12,0.24,0.09,0.15,0.11,0.13,0.12,0.11,0.16,0.11,0.14,0.14,0.09,0.21,0.09,0.09,0.21,0.18,0.11,0.21,0.11,0.23,0.18,0.22,0.12,0.13,0.1,0.13,0.14,0.25,0.1,0.11,0.11,0.1,0.19,0.14,0.24,0.11,0.14,0.12,0.16,0.12,0.12,0.1,0.12,0.1,0.1,0.11,0.1,0.12,0.14,0.19,0.14,0.1,0.14,0.13,0.08,0.22,0.16,0.23,0.14,0.03,0.15,0.1,0.02,0.12,0.12,0.29,0.17,0.15,0.14,0.1,0.1,0.14,0.13,0.11,0.13,0.13,0.14,0.16,0.2,0.15,0.1,0.13,0.14,0.11,0.12,0.14,0.11,0.17,0.14,0.12,0.16,0.15,0.16,0.12,0.11,0.15,0.1,0.11,0.12,0.14,0.12,0.12,0.11,0.11,0.12,0.12,0.15,0.12,0.03,0.12,0.11,0.13,0.14,0.14,0.11,0.1,0.17,0.19,0.15,0.11,0.14,0.16,0.17,0.08,0.15,0.14,0.15,0.25,0.24,0.16,0.26,0.15,0.21,0.16,0.15,0.13,0.13,0.14,0.16,0.11,0.12,0.13,0.11,0.16,0.12,0.13,0.12,0.03
"10,14-dimethyloctadecanoic_acid",0.12,0.17,0.38,0.25,0.27,0.12,0.11,0.1,1.0,0.21,0.18,0.1,0.1,0.41,0.2,0.24,0.16,0.18,0.05,0.23,0.36,0.24,0.16,0.09,0.1,0.26,0.24,0.23,0.17,0.18,0.26,0.22,0.28,0.42,0.42,0.42,0.24,0.14,0.19,0.15,0.1,0.12,0.13,0.12,0.09,0.09,0.05,0.12,0.13,0.09,0.14,0.14,0.15,0.12,0.19,0.09,0.09,0.13,0.17,0.11,0.16,0.19,0.11,0.16,0.13,0.25,0.25,0.12,0.44,0.21,0.2,0.12,0.13,0.11,0.15,0.33,0.09,0.12,0.11,0.15,0.12,0.12,0.14,0.12,0.1,0.21,0.1,0.19,0.15,0.11,0.18,0.13,0.11,0.11,0.24,0.09,0.11,0.14,0.12,0.12,0.11,0.1,0.08,0.11,0.1,0.12,0.12,0.22,0.09,0.17,0.2,0.16,0.16,0.13,0.21,0.2,0.19,0.21,0.23,0.13,0.15,0.12,0.15,0.14,0.18,0.17,0.09,0.1,0.1,0.19,0.23,0.16,0.1,0.2,0.12,0.17,0.21,0.11,0.11,0.09,0.27,0.11,0.46,0.12,0.11,0.24,0.17,0.22,0.41,0.09,0.1,0.1,0.2,0.12,0.1,0.16,0.17,0.1,0.08,0.15,0.1,0.28,0.12,0.21,0.13,0.3,0.22,0.21,0.19,0.12,0.17,0.13,0.2,0.16,0.1,0.26,0.2,0.13,0.24,0.23,0.14,0.46,0.25,0.21,0.19,0.13,0.21,0.2,0.1,0.13,0.09,0.22,0.12,0.11,0.15,0.1,0.13,0.15,0.13,0.1,0.1,0.09,0.1,0.1,0.17,0.09,0.1,0.18,0.25,0.1,0.21,0.21,0.24,0.22,0.12,0.14,0.16,0.21,0.19,0.15
"2,3-diaminobutyric_acid",0.27,0.27,0.28,0.25,0.27,0.19,0.21,0.13,0.21,1.0,0.36,0.16,0.13,0.23,0.33,0.33,0.36,0.5,0.1,0.29,0.3,0.41,0.29,0.11,0.13,0.16,0.29,0.33,0.23,0.2,0.32,0.38,0.22,0.32,0.32,0.32,0.33,0.24,0.24,0.28,0.13,0.29,0.23,0.22,0.16,0.19,0.09,0.16,0.22,0.16,0.45,0.5,0.4,0.21,0.57,0.12,0.11,0.24,0.39,0.17,0.48,0.57,0.2,0.43,0.31,0.43,0.52,0.22,0.22,0.63,0.6,0.16,0.24,0.14,0.22,0.2,0.11,0.21,0.15,0.3,0.29,0.12,0.2,0.16,0.17,0.4,0.13,0.14,0.3,0.14,0.28,0.18,0.14,0.15,0.19,0.15,0.19,0.23,0.16,0.17,0.19,0.12,0.1,0.19,0.12,0.16,0.16,0.13,0.09,0.15,0.33,0.21,0.2,0.21,0.32,0.24,0.28,0.28,0.27,0.22,0.26,0.15,0.19,0.33,0.23,0.22,0.12,0.29,0.29,0.29,0.59,0.3,0.17,0.26,0.12,0.33,0.35,0.15,0.16,0.11,0.22,0.29,0.21,0.37,0.34,0.24,0.46,0.21,0.22,0.11,0.22,0.13,0.26,0.12,0.12,0.31,0.35,0.16,0.12,0.26,0.09,0.19,0.22,0.19,0.2,0.32,0.31,0.25,0.28,0.1,0.19,0.23,0.33,0.24,0.1,0.55,0.23,0.23,0.44,0.43,0.24,0.14,0.3,0.25,0.22,0.23,0.33,0.25,0.12,0.22,0.11,0.31,0.21,0.19,0.28,0.17,0.31,0.2,0.13,0.13,0.12,0.11,0.13,0.13,0.26,0.11,0.14,0.36,0.2,0.17,0.63,0.33,0.19,0.26,0.21,0.26,0.14,0.67,0.32,0.26
"2,3-diaminopropionic_acid",0.24,0.41,0.37,0.21,0.35,0.24,0.21,0.13,0.18,0.36,1.0,0.16,0.13,0.23,0.6,0.28,0.31,0.29,0.1,0.33,0.46,0.55,0.23,0.11,0.13,0.21,0.24,0.22,0.23,0.25,0.27,0.26,0.32,0.42,0.42,0.42,0.28,0.19,0.37,0.37,0.13,0.29,0.34,0.33,0.16,0.19,0.09,0.12,0.29,0.16,0.33,0.36,0.35,0.31,0.32,0.12,0.11,0.35,0.33,0.14,0.31,0.32,0.29,0.5,0.27,0.5,0.35,0.33,0.18,0.35,0.33,0.12,0.35,0.11,0.15,0.3,0.11,0.31,0.15,0.46,0.29,0.16,0.26,0.12,0.25,0.27,0.13,0.14,0.46,0.11,0.48,0.14,0.11,0.11,0.29,0.15,0.28,0.3,0.12,0.13,0.28,0.1,0.1,0.28,0.1,0.12,0.12,0.17,0.07,0.19,0.23,0.21,0.2,0.27,0.37,0.28,0.37,0.42,0.41,0.29,0.34,0.12,0.22,0.2,0.28,0.26,0.14,0.22,0.22,0.22,0.42,0.24,0.17,0.39,0.16,0.52,0.55,0.15,0.16,0.11,0.33,0.2,0.17,0.28,0.26,0.33,0.27,0.21,0.22,0.11,0.22,0.13,0.39,0.12,0.12,0.48,0.55,0.16,0.12,0.21,0.07,0.19,0.32,0.25,0.2,0.5,0.48,0.39,0.37,0.1,0.24,0.34,0.52,0.37,0.13,0.36,0.23,0.34,0.3,0.5,0.19,0.14,0.52,0.3,0.27,0.34,0.44,0.28,0.12,0.18,0.09,0.55,0.21,0.19,0.42,0.21,0.31,0.24,0.17,0.13,0.12,0.11,0.13,0.13,0.2,0.11,0.14,0.58,0.2,0.17,0.35,0.44,0.19,0.32,0.31,0.39,0.14,0.36,0.22,0.21
"2,3-dihydroxy-para-aminobenzoic_acid",0.2,0.13,0.12,0.11,0.12,0.15,0.21,0.14,0.1,0.16,0.16,1.0,0.52,0.1,0.15,0.12,0.18,0.14,0.19,0.11,0.14,0.16,0.18,0.09,0.33,0.13,0.12,0.13,0.15,0.16,0.11,0.13,0.11,0.13,0.13,0.13,0.12,0.16,0.21,0.16,0.29,0.24,0.11,0.19,0.59,0.39,0.11,0.1,0.17,0.43,0.15,0.16,0.14,0.27,0.15,0.26,0.24,0.23,0.15,0.34,0.14,0.15,0.2,0.15,0.23,0.16,0.14,0.14,0.1,0.16,0.19,0.11,0.12,0.18,0.55,0.16,0.24,0.33,0.32,0.14,0.27,0.24,0.15,0.11,0.15,0.12,0.11,0.09,0.14,0.09,0.13,0.11,0.09,0.12,0.16,0.47,0.16,0.2,0.24,0.11,0.19,0.24,0.25,0.16,0.19,0.26,0.1,0.11,0.14,0.12,0.12,0.18,0.2,0.16,0.12,0.1,0.12,0.13,0.13,0.17,0.2,0.13,0.22,0.17,0.23,0.25,0.1,0.14,0.16,0.17,0.18,0.07,0.48,0.12,0.05,0.15,0.16,0.12,0.3,0.21,0.17,0.17,0.09,0.23,0.25,0.14,0.22,0.13,0.13,0.22,0.16,0.21,0.12,0.2,0.24,0.14,0.16,0.24,0.18,0.17,0.12,0.12,0.16,0.15,0.15,0.15,0.14,0.19,0.12,0.17,0.16,0.17,0.15,0.24,0.16,0.14,0.15,0.29,0.14,0.15,0.06,0.12,0.14,0.12,0.17,0.22,0.14,0.1,0.24,0.15,0.34,0.14,0.24,0.36,0.23,0.17,0.25,0.2,0.21,0.11,0.11,0.22,0.11,0.25,0.15,0.25,0.39,0.16,0.12,0.14,0.16,0.14,0.12,0.13,0.18,0.25,0.24,0.16,0.15,0.06
"2,3-dihydroxybenzoic_acid",0.16,0.1,0.1,0.11,0.09,0.15,0.17,0.14,0.1,0.13,0.13,0.52,1.0,0.1,0.12,0.12,0.11,0.14,0.12,0.09,0.11,0.12,0.14,0.1,0.44,0.13,0.12,0.14,0.12,0.17,0.12,0.13,0.09,0.11,0.11,0.11,0.12,0.12,0.21,0.14,0.34,0.21,0.09,0.2,0.56,0.31,0.08,0.11,0.17,0.31,0.12,0.13,0.11,0.38,0.12,0.4,0.31,0.24,0.12,0.39,0.11,0.12,0.2,0.12,0.21,0.13,0.11,0.11,0.1,0.12,0.12,0.11,0.09,0.18,0.39,0.13,0.28,0.24,0.33,0.11,0.24,0.24,0.18,0.11,0.18,0.09,0.11,0.1,0.11,0.09,0.11,0.12,0.1,0.1,0.12,0.3,0.14,0.2,0.28,0.11,0.17,0.28,0.29,0.17,0.19,0.45,0.11,0.11,0.16,0.12,0.12,0.22,0.21,0.16,0.1,0.08,0.1,0.11,0.1,0.15,0.17,0.1,0.2,0.18,0.24,0.22,0.07,0.14,0.14,0.17,0.14,0.03,0.44,0.1,0.02,0.12,0.12,0.12,0.36,0.25,0.18,0.17,0.1,0.24,0.22,0.11,0.23,0.13,0.14,0.26,0.11,0.26,0.1,0.24,0.24,0.11,0.12,0.24,0.19,0.13,0.16,0.12,0.11,0.15,0.16,0.12,0.11,0.15,0.1,0.2,0.12,0.14,0.12,0.21,0.22,0.11,0.12,0.26,0.15,0.12,0.03,0.12,0.11,0.13,0.14,0.26,0.11,0.08,0.28,0.12,0.38,0.11,0.25,0.28,0.24,0.18,0.26,0.24,0.26,0.11,0.11,0.22,0.11,0.3,0.16,0.26,0.65,0.13,0.13,0.11,0.12,0.11,0.12,0.13,0.21,0.22,0.28,0.13,0.15,0.03
"2,3-dihydroxyhexadecanoic_acid",0.2,0.28,0.36,0.23,0.35,0.14,0.12,0.1,0.41,0.23,0.23,0.1,0.1,1.0,0.25,0.29,0.2,0.19,0.05,0.24,0.26,0.3,0.17,0.09,0.11,0.16,0.22,0.2,0.18,0.15,0.41,0.37,0.26,0.55,0.55,0.55,0.29,0.15,0.22,0.18,0.11,0.16,0.16,0.16,0.1,0.12,0.05,0.12,0.16,0.1,0.25,0.31,0.26,0.15,0.24,0.1,0.09,0.16,0.21,0.11,0.2,0.21,0.14,0.28,0.22,0.27,0.23,0.16,0.42,0.22,0.21,0.13,0.16,0.11,0.13,0.19,0.09,0.15,0.11,0.23,0.16,0.13,0.15,0.13,0.12,0.22,0.1,0.2,0.23,0.11,0.25,0.14,0.11,0.12,0.15,0.12,0.16,0.19,0.13,0.13,0.13,0.1,0.11,0.16,0.08,0.12,0.12,0.13,0.1,0.15,0.21,0.2,0.19,0.15,0.26,0.2,0.22,0.25,0.28,0.16,0.19,0.12,0.16,0.14,0.18,0.18,0.11,0.16,0.15,0.2,0.25,0.13,0.11,0.24,0.12,0.21,0.22,0.11,0.12,0.09,0.16,0.16,0.53,0.18,0.18,0.22,0.18,0.19,0.29,0.09,0.13,0.11,0.24,0.12,0.1,0.2,0.22,0.1,0.08,0.16,0.12,0.18,0.15,0.18,0.14,0.24,0.24,0.18,0.22,0.11,0.15,0.16,0.25,0.2,0.11,0.27,0.21,0.16,0.31,0.24,0.11,0.32,0.3,0.27,0.16,0.16,0.26,0.21,0.1,0.14,0.1,0.27,0.19,0.14,0.18,0.1,0.17,0.22,0.14,0.1,0.1,0.09,0.11,0.11,0.19,0.09,0.11,0.23,0.15,0.1,0.26,0.22,0.25,0.23,0.15,0.18,0.17,0.23,0.21,0.12
"2,4-diaminobutyric_acid",0.22,0.48,0.43,0.19,0.33,0.23,0.19,0.12,0.2,0.33,0.6,0.15,0.12,0.25,1.0,0.26,0.29,0.27,0.1,0.31,0.54,0.5,0.21,0.1,0.12,0.19,0.22,0.2,0.21,0.23,0.25,0.24,0.38,0.5,0.5,0.5,0.26,0.18,0.43,0.39,0.12,0.27,0.32,0.31,0.15,0.18,0.09,0.15,0.28,0.15,0.31,0.33,0.32,0.3,0.3,0.11,0.1,0.33,0.31,0.13,0.29,0.3,0.28,0.4,0.26,0.39,0.32,0.31,0.21,0.32,0.31,0.15,0.33,0.1,0.15,0.33,0.1,0.3,0.14,0.42,0.27,0.15,0.24,0.15,0.24,0.26,0.16,0.16,0.42,0.1,0.62,0.13,0.13,0.14,0.27,0.14,0.26,0.28,0.12,0.12,0.26,0.09,0.1,0.26,0.12,0.11,0.11,0.16,0.09,0.18,0.21,0.2,0.19,0.26,0.43,0.32,0.43,0.5,0.48,0.28,0.32,0.14,0.21,0.19,0.26,0.24,0.16,0.21,0.21,0.2,0.38,0.22,0.16,0.46,0.18,0.48,0.5,0.18,0.15,0.11,0.36,0.19,0.19,0.26,0.24,0.41,0.25,0.19,0.2,0.11,0.21,0.12,0.46,0.11,0.12,0.44,0.5,0.15,0.12,0.19,0.09,0.18,0.31,0.23,0.18,0.59,0.57,0.35,0.43,0.1,0.22,0.32,0.62,0.43,0.12,0.33,0.21,0.32,0.27,0.46,0.18,0.13,0.68,0.28,0.25,0.32,0.52,0.33,0.12,0.17,0.09,0.71,0.19,0.17,0.39,0.19,0.29,0.23,0.16,0.16,0.12,0.11,0.16,0.12,0.18,0.11,0.13,0.52,0.19,0.16,0.32,0.41,0.17,0.29,0.29,0.37,0.13,0.33,0.21,0.19
"2,4-dihydroxypentanoic_acid",0.2,0.25,0.23,0.28,0.22,0.16,0.15,0.12,0.24,0.33,0.28,0.12,0.12,0.29,0.26,1.0,0.24,0.27,0.06,0.31,0.23,0.32,0.21,0.1,0.12,0.19,0.32,0.3,0.21,0.19,0.4,0.41,0.18,0.26,0.26,0.26,0.7,0.18,0.19,0.22,0.12,0.19,0.18,0.18,0.11,0.15,0.06,0.15,0.19,0.11,0.26,0.28,0.28,0.17,0.35,0.11,0.1,0.19,0.26,0.13,0.24,0.3,0.16,0.3,0.22,0.39,0.32,0.18,0.28,0.32,0.31,0.15,0.19,0.13,0.18,0.19,0.1,0.17,0.14,0.37,0.19,0.19,0.17,0.15,0.14,0.29,0.12,0.16,0.32,0.13,0.3,0.17,0.13,0.14,0.18,0.14,0.18,0.19,0.15,0.16,0.15,0.12,0.1,0.18,0.15,0.15,0.15,0.16,0.09,0.18,0.31,0.24,0.22,0.17,0.23,0.2,0.19,0.22,0.21,0.19,0.22,0.14,0.15,0.19,0.18,0.17,0.1,0.21,0.18,0.26,0.38,0.22,0.12,0.21,0.08,0.26,0.27,0.14,0.15,0.11,0.2,0.19,0.26,0.22,0.21,0.19,0.25,0.24,0.25,0.11,0.15,0.12,0.21,0.14,0.12,0.24,0.27,0.12,0.09,0.19,0.09,0.22,0.18,0.23,0.18,0.25,0.24,0.23,0.19,0.12,0.18,0.18,0.26,0.19,0.12,0.33,0.21,0.18,0.47,0.4,0.22,0.16,0.23,0.45,0.2,0.18,0.27,0.21,0.12,0.17,0.11,0.24,0.23,0.13,0.22,0.12,0.2,0.36,0.2,0.12,0.12,0.11,0.12,0.12,0.24,0.11,0.13,0.28,0.19,0.12,0.38,0.27,0.21,0.29,0.17,0.21,0.16,0.33,0.3,0.19
"2-(1-methylcyclopropyl)-D-glycine",0.21,0.24,0.25,0.18,0.24,0.17,0.32,0.15,0.16,0.36,0.31,0.18,0.11,0.2,0.29,0.24,1.0,0.29,0.12,0.23,0.26,0.35,0.24,0.12,0.12,0.14,0.21,0.23,0.2,0.17,0.23,0.32,0.22,0.28,0.28,0.28,0.24,0.21,0.22,0.24,0.12,0.25,0.27,0.2,0.14,0.17,0.11,0.17,0.2,0.17,0.29,0.31,0.26,0.19,0.37,0.11,0.1,0.21,0.33,0.15,0.31,0.32,0.18,0.28,0.21,0.31,0.3,0.23,0.16,0.35,0.38,0.18,0.21,0.12,0.2,0.17,0.1,0.19,0.13,0.26,0.25,0.11,0.18,0.18,0.16,0.24,0.15,0.15,0.26,0.15,0.24,0.19,0.15,0.26,0.17,0.17,0.17,0.21,0.14,0.18,0.17,0.11,0.09,0.17,0.11,0.14,0.17,0.11,0.1,0.13,0.29,0.19,0.18,0.19,0.25,0.2,0.22,0.24,0.24,0.2,0.24,0.27,0.17,0.21,0.21,0.19,0.12,0.23,0.22,0.24,0.41,0.2,0.15,0.23,0.11,0.29,0.3,0.17,0.14,0.1,0.19,0.2,0.15,0.24,0.23,0.21,0.27,0.18,0.19,0.1,0.23,0.12,0.23,0.11,0.11,0.27,0.3,0.14,0.11,0.22,0.11,0.17,0.22,0.16,0.17,0.28,0.27,0.21,0.22,0.09,0.17,0.21,0.29,0.22,0.09,0.31,0.2,0.21,0.3,0.32,0.17,0.12,0.26,0.21,0.19,0.21,0.29,0.2,0.11,0.28,0.13,0.27,0.18,0.16,0.24,0.15,0.27,0.18,0.12,0.15,0.14,0.13,0.15,0.12,0.22,0.13,0.12,0.31,0.13,0.15,0.35,0.29,0.16,0.22,0.19,0.23,0.12,0.42,0.28,0.22
"2-amino-3,5-dimethyl-4-hexenoic_Acid",0.23,0.22,0.24,0.24,0.26,0.21,0.17,0.14,0.18,0.5,0.29,0.14,0.14,0.19,0.27,0.27,0.29,1.0,0.09,0.25,0.24,0.32,0.22,0.12,0.14,0.13,0.23,0.26,0.19,0.16,0.26,0.3,0.19,0.26,0.26,0.26,0.27,0.23,0.24,0.26,0.11,0.27,0.2,0.25,0.13,0.16,0.11,0.16,0.22,0.13,0.36,0.38,0.32,0.21,0.44,0.13,0.12,0.23,0.31,0.21,0.38,0.44,0.2,0.34,0.3,0.33,0.41,0.19,0.18,0.48,0.46,0.14,0.23,0.15,0.19,0.16,0.09,0.21,0.16,0.24,0.27,0.14,0.22,0.14,0.17,0.37,0.14,0.12,0.24,0.14,0.23,0.15,0.15,0.12,0.16,0.13,0.19,0.26,0.14,0.14,0.19,0.11,0.09,0.19,0.13,0.16,0.13,0.14,0.1,0.16,0.27,0.21,0.2,0.21,0.31,0.27,0.27,0.23,0.22,0.28,0.26,0.13,0.19,0.32,0.23,0.22,0.15,0.25,0.24,0.27,0.43,0.23,0.18,0.22,0.1,0.27,0.28,0.12,0.17,0.12,0.21,0.25,0.18,0.34,0.32,0.2,0.42,0.17,0.17,0.12,0.19,0.18,0.22,0.18,0.17,0.25,0.28,0.2,0.16,0.25,0.1,0.16,0.19,0.15,0.2,0.26,0.25,0.19,0.24,0.15,0.16,0.2,0.27,0.24,0.11,0.43,0.19,0.22,0.33,0.34,0.19,0.15,0.24,0.2,0.17,0.29,0.27,0.27,0.14,0.18,0.12,0.25,0.21,0.15,0.3,0.17,0.29,0.2,0.14,0.11,0.11,0.1,0.11,0.14,0.25,0.12,0.15,0.29,0.16,0.17,0.48,0.31,0.19,0.21,0.23,0.29,0.12,0.5,0.26,0.21
"2-amino-3-hydroxycyclopent-2-enone",0.09,0.08,0.08,0.09,0.07,0.07,0.19,0.09,0.05,0.1,0.1,0.19,0.12,0.05,0.1,0.06,0.12,0.09,1.0,0.07,0.09,0.1,0.12,0.08,0.09,0.07,0.06,0.07,0.1,0.1,0.06,0.07,0.09,0.08,0.08,0.08,0.06,0.1,0.13,0.08,0.12,0.15,0.1,0.1,0.18,0.18,0.19,0.08,0.11,0.18,0.1,0.1,0.09,0.14,0.09,0.11,0.1,0.13,0.1,0.13,0.09,0.09,0.11,0.09,0.13,0.1,0.09,0.1,0.05,0.1,0.1,0.09,0.07,0.08,0.15,0.1,0.1,0.14,0.14,0.09,0.15,0.12,0.08,0.09,0.08,0.07,0.09,0.08,0.09,0.07,0.08,0.09,0.08,0.08,0.1,0.14,0.08,0.11,0.12,0.09,0.08,0.09,0.1,0.08,0.12,0.11,0.08,0.06,0.07,0.06,0.06,0.08,0.1,0.08,0.08,0.06,0.08,0.08,0.08,0.09,0.1,0.08,0.12,0.09,0.11,0.14,0.07,0.1,0.15,0.09,0.12,0.08,0.16,0.08,0.05,0.1,0.1,0.1,0.11,0.08,0.11,0.11,0.05,0.11,0.14,0.09,0.11,0.07,0.07,0.11,0.15,0.09,0.08,0.09,0.12,0.09,0.1,0.12,0.09,0.11,0.09,0.06,0.15,0.08,0.08,0.09,0.09,0.12,0.08,0.08,0.1,0.1,0.1,0.16,0.07,0.09,0.1,0.12,0.08,0.09,0.06,0.05,0.09,0.07,0.11,0.12,0.09,0.06,0.09,0.13,0.13,0.09,0.12,0.17,0.11,0.09,0.12,0.09,0.09,0.09,0.09,0.11,0.09,0.09,0.08,0.08,0.13,0.1,0.07,0.09,0.1,0.09,0.06,0.07,0.09,0.14,0.1,0.1,0.06,0.07
"2-amino-6-hydroxy-4-methyl-8-oxodecanoic_acid",0.2,0.3,0.41,0.22,0.3,0.2,0.13,0.09,0.23,0.29,0.33,0.11,0.09,0.24,0.31,0.31,0.23,0.25,0.07,1.0,0.29,0.41,0.17,0.08,0.09,0.13,0.25,0.2,0.18,0.16,0.31,0.26,0.23,0.34,0.34,0.34,0.31,0.15,0.25,0.21,0.09,0.19,0.24,0.23,0.11,0.13,0.06,0.11,0.24,0.11,0.24,0.26,0.29,0.28,0.31,0.09,0.08,0.24,0.24,0.12,0.23,0.27,0.21,0.27,0.22,0.29,0.32,0.26,0.26,0.29,0.28,0.11,0.24,0.1,0.16,0.16,0.08,0.28,0.1,0.4,0.19,0.11,0.21,0.11,0.19,0.27,0.09,0.15,0.44,0.1,0.42,0.12,0.1,0.1,0.18,0.11,0.2,0.24,0.16,0.11,0.2,0.09,0.07,0.2,0.09,0.11,0.11,0.11,0.07,0.12,0.21,0.17,0.17,0.22,0.28,0.23,0.25,0.28,0.27,0.24,0.27,0.11,0.18,0.19,0.21,0.2,0.13,0.18,0.18,0.16,0.32,0.21,0.12,0.26,0.11,0.39,0.41,0.1,0.1,0.08,0.17,0.19,0.25,0.21,0.2,0.22,0.24,0.16,0.2,0.08,0.16,0.09,0.26,0.11,0.09,0.3,0.32,0.11,0.09,0.16,0.07,0.15,0.23,0.15,0.12,0.31,0.3,0.18,0.25,0.1,0.18,0.24,0.31,0.25,0.09,0.33,0.21,0.3,0.29,0.47,0.22,0.15,0.29,0.26,0.17,0.24,0.32,0.23,0.09,0.15,0.09,0.3,0.17,0.12,0.28,0.14,0.2,0.19,0.12,0.09,0.09,0.08,0.09,0.09,0.15,0.08,0.09,0.33,0.13,0.11,0.32,0.32,0.18,0.23,0.22,0.26,0.15,0.29,0.21,0.19
"2-aminoadipic_acid",0.21,0.43,0.53,0.18,0.34,0.22,0.17,0.11,0.36,0.3,0.46,0.14,0.11,0.26,0.54,0.23,0.26,0.24,0.09,0.29,1.0,0.44,0.19,0.1,0.11,0.31,0.2,0.18,0.19,0.25,0.23,0.21,0.47,0.56,0.56,0.56,0.23,0.16,0.48,0.27,0.11,0.24,0.3,0.29,0.14,0.17,0.08,0.11,0.26,0.14,0.32,0.3,0.29,0.28,0.27,0.11,0.1,0.31,0.28,0.12,0.26,0.27,0.26,0.31,0.24,0.3,0.33,0.29,0.26,0.29,0.28,0.11,0.31,0.1,0.14,0.46,0.1,0.28,0.12,0.38,0.24,0.14,0.26,0.11,0.22,0.27,0.11,0.12,0.38,0.09,0.4,0.12,0.1,0.1,0.33,0.13,0.24,0.26,0.11,0.11,0.24,0.09,0.09,0.24,0.09,0.11,0.11,0.25,0.08,0.2,0.19,0.18,0.18,0.24,0.48,0.4,0.48,0.56,0.54,0.26,0.3,0.1,0.22,0.18,0.27,0.26,0.15,0.2,0.19,0.17,0.33,0.19,0.15,0.52,0.2,0.42,0.5,0.12,0.13,0.1,0.38,0.17,0.24,0.24,0.22,0.37,0.23,0.21,0.32,0.1,0.2,0.11,0.52,0.11,0.11,0.39,0.44,0.14,0.11,0.17,0.08,0.29,0.28,0.25,0.16,0.73,0.56,0.3,0.48,0.11,0.24,0.3,0.54,0.39,0.11,0.3,0.19,0.3,0.24,0.41,0.16,0.28,0.6,0.3,0.27,0.3,0.46,0.41,0.11,0.15,0.08,0.62,0.18,0.16,0.35,0.18,0.26,0.21,0.15,0.11,0.11,0.1,0.11,0.11,0.16,0.1,0.12,0.46,0.3,0.14,0.29,0.41,0.16,0.31,0.27,0.33,0.12,0.3,0.19,0.17
"2-aminobutyric_acid",0.23,0.39,0.45,0.33,0.43,0.26,0.2,0.12,0.24,0.41,0.55,0.16,0.12,0.3,0.5,0.32,0.35,0.32,0.1,0.41,0.44,1.0,0.27,0.11,0.13,0.2,0.28,0.26,0.27,0.24,0.42,0.3,0.31,0.52,0.52,0.52,0.32,0.23,0.35,0.31,0.13,0.28,0.33,0.32,0.15,0.19,0.09,0.15,0.32,0.15,0.32,0.35,0.33,0.31,0.36,0.12,0.11,0.34,0.38,0.17,0.35,0.36,0.28,0.36,0.26,0.41,0.38,0.32,0.25,0.39,0.38,0.16,0.34,0.14,0.18,0.24,0.11,0.31,0.14,0.44,0.28,0.16,0.28,0.16,0.24,0.3,0.12,0.2,0.44,0.13,0.41,0.17,0.14,0.14,0.23,0.15,0.27,0.32,0.16,0.16,0.27,0.12,0.1,0.27,0.1,0.15,0.15,0.16,0.09,0.19,0.27,0.24,0.23,0.29,0.4,0.3,0.35,0.41,0.39,0.32,0.38,0.15,0.22,0.22,0.27,0.25,0.16,0.22,0.21,0.28,0.47,0.29,0.17,0.38,0.15,0.5,0.52,0.14,0.15,0.11,0.26,0.22,0.24,0.27,0.25,0.28,0.3,0.25,0.32,0.11,0.22,0.13,0.38,0.14,0.12,0.46,0.52,0.16,0.12,0.25,0.09,0.23,0.31,0.24,0.19,0.48,0.46,0.3,0.35,0.12,0.23,0.33,0.5,0.35,0.12,0.52,0.32,0.33,0.35,0.55,0.23,0.2,0.44,0.29,0.26,0.33,0.48,0.31,0.12,0.21,0.11,0.46,0.2,0.18,0.41,0.2,0.3,0.23,0.17,0.12,0.12,0.11,0.13,0.13,0.25,0.11,0.13,0.55,0.19,0.16,0.39,0.48,0.27,0.3,0.3,0.38,0.2,0.41,0.26,0.25
"2-aminoisobutyric_acid",0.13,0.17,0.19,0.19,0.18,0.17,0.3,0.14,0.16,0.29,0.23,0.18,0.14,0.17,0.21,0.21,0.24,0.22,0.12,0.17,0.19,0.27,1.0,0.12,0.15,0.18,0.22,0.25,0.53,0.23,0.2,0.24,0.14,0.21,0.21,0.21,0.21,0.56,0.15,0.17,0.15,0.18,0.14,0.14,0.17,0.17,0.1,0.17,0.15,0.17,0.21,0.23,0.19,0.13,0.25,0.13,0.12,0.15,0.38,0.19,0.24,0.25,0.12,0.2,0.15,0.29,0.23,0.14,0.16,0.27,0.26,0.18,0.15,0.15,0.17,0.23,0.12,0.13,0.17,0.19,0.18,0.14,0.13,0.18,0.11,0.18,0.14,0.15,0.23,0.15,0.17,0.2,0.15,0.16,0.22,0.17,0.12,0.15,0.18,0.19,0.12,0.13,0.11,0.12,0.11,0.17,0.17,0.14,0.1,0.17,0.21,0.16,0.15,0.14,0.19,0.17,0.15,0.17,0.17,0.15,0.18,0.17,0.14,0.15,0.17,0.16,0.08,0.14,0.14,0.36,0.33,0.15,0.19,0.16,0.06,0.21,0.22,0.17,0.18,0.12,0.25,0.15,0.15,0.17,0.16,0.18,0.21,0.24,0.25,0.12,0.14,0.15,0.16,0.13,0.14,0.19,0.22,0.18,0.13,0.3,0.1,0.22,0.14,0.22,0.24,0.2,0.19,0.29,0.15,0.11,0.22,0.14,0.21,0.15,0.11,0.24,0.53,0.14,0.28,0.25,0.12,0.15,0.19,0.17,0.25,0.14,0.22,0.15,0.14,0.25,0.12,0.19,0.14,0.21,0.17,0.1,0.19,0.14,0.15,0.14,0.14,0.12,0.15,0.15,0.31,0.12,0.15,0.23,0.17,0.19,0.27,0.22,0.21,0.18,0.13,0.16,0.15,0.29,0.2,0.13
"2-carboxy-6-hydroxyoctahydroindole",0.07,0.09,0.08,0.1,0.08,0.08,0.14,0.21,0.09,0.11,0.11,0.09,0.1,0.09,0.1,0.1,0.12,0.12,0.08,0.08,0.1,0.11,0.12,1.0,0.1,0.11,0.11,0.15,0.1,0.11,0.1,0.11,0.14,0.09,0.09,0.09,0.1,0.11,0.08,0.09,0.1,0.09,0.15,0.08,0.09,0.09,0.18,0.23,0.07,0.09,0.1,0.11,0.1,0.08,0.1,0.09,0.08,0.08,0.1,0.08,0.1,0.1,0.07,0.1,0.08,0.11,0.1,0.15,0.09,0.11,0.1,0.24,0.08,0.11,0.1,0.11,0.08,0.08,0.11,0.1,0.09,0.09,0.08,0.31,0.08,0.08,0.39,0.27,0.1,0.32,0.09,0.42,0.27,0.28,0.11,0.09,0.09,0.07,0.09,0.35,0.09,0.08,0.1,0.09,0.24,0.09,0.33,0.1,0.13,0.11,0.1,0.11,0.1,0.07,0.08,0.07,0.08,0.09,0.09,0.09,0.08,0.22,0.08,0.09,0.09,0.09,0.08,0.15,0.14,0.14,0.12,0.03,0.1,0.09,0.02,0.1,0.11,0.35,0.11,0.09,0.11,0.07,0.08,0.09,0.09,0.09,0.09,0.11,0.11,0.09,0.17,0.1,0.09,0.09,0.09,0.1,0.11,0.09,0.1,0.11,0.15,0.14,0.14,0.12,0.13,0.1,0.1,0.12,0.08,0.08,0.11,0.1,0.1,0.08,0.1,0.1,0.1,0.08,0.12,0.1,0.02,0.08,0.1,0.11,0.11,0.08,0.09,0.07,0.09,0.16,0.11,0.1,0.1,0.13,0.09,0.05,0.1,0.09,0.1,0.31,0.31,0.11,0.32,0.12,0.13,0.09,0.1,0.11,0.11,0.1,0.11,0.09,0.1,0.11,0.09,0.09,0.08,0.11,0.1,0.03
"2-chlorobenzoic_acid",0.16,0.11,0.1,0.11,0.1,0.17,0.14,0.15,0.1,0.13,0.13,0.33,0.44,0.11,0.12,0.12,0.12,0.14,0.09,0.09,0.11,0.13,0.15,0.1,1.0,0.14,0.13,0.14,0.12,0.13,0.12,0.14,0.09,0.11,0.11,0.11,0.12,0.13,0.25,0.14,0.27,0.18,0.09,0.2,0.32,0.24,0.08,0.11,0.13,0.24,0.12,0.13,0.11,0.25,0.12,0.28,0.29,0.18,0.12,0.36,0.12,0.12,0.15,0.12,0.18,0.13,0.11,0.12,0.1,0.13,0.12,0.11,0.1,0.22,0.26,0.13,0.22,0.19,0.3,0.11,0.21,0.21,0.16,0.11,0.16,0.1,0.11,0.1,0.11,0.1,0.11,0.12,0.1,0.1,0.13,0.4,0.2,0.16,0.21,0.11,0.25,0.32,0.3,0.2,0.2,0.28,0.11,0.11,0.14,0.13,0.12,0.26,0.18,0.19,0.1,0.08,0.1,0.11,0.11,0.15,0.18,0.11,0.17,0.21,0.28,0.19,0.07,0.12,0.11,0.18,0.15,0.03,0.52,0.1,0.02,0.12,0.13,0.13,0.43,0.29,0.19,0.13,0.1,0.28,0.19,0.11,0.27,0.14,0.14,0.19,0.12,0.31,0.1,0.16,0.21,0.12,0.13,0.29,0.22,0.14,0.17,0.13,0.11,0.16,0.17,0.12,0.12,0.16,0.1,0.13,0.13,0.15,0.12,0.18,0.23,0.12,0.12,0.31,0.15,0.12,0.03,0.12,0.11,0.13,0.14,0.21,0.11,0.08,0.29,0.12,0.26,0.12,0.22,0.29,0.28,0.22,0.31,0.29,0.31,0.11,0.11,0.23,0.12,0.31,0.17,0.3,0.54,0.13,0.13,0.11,0.13,0.11,0.12,0.14,0.21,0.19,0.18,0.13,0.16,0.03
"2-ketoglutaric_acid",0.15,0.16,0.18,0.17,0.14,0.1,0.17,0.13,0.26,0.16,0.21,0.13,0.13,0.16,0.19,0.19,0.14,0.13,0.07,0.13,0.31,0.2,0.18,0.11,0.14,1.0,0.36,0.23,0.19,0.26,0.19,0.17,0.16,0.16,0.16,0.16,0.19,0.15,0.14,0.16,0.14,0.13,0.17,0.13,0.12,0.12,0.06,0.12,0.12,0.12,0.15,0.16,0.17,0.12,0.14,0.12,0.11,0.14,0.15,0.11,0.14,0.14,0.14,0.19,0.14,0.21,0.21,0.16,0.19,0.15,0.15,0.17,0.14,0.11,0.1,0.38,0.14,0.12,0.15,0.17,0.13,0.3,0.13,0.13,0.12,0.17,0.13,0.14,0.17,0.11,0.16,0.14,0.11,0.12,0.43,0.12,0.11,0.12,0.13,0.13,0.11,0.1,0.1,0.11,0.1,0.12,0.12,0.36,0.07,0.25,0.15,0.15,0.14,0.11,0.14,0.14,0.14,0.16,0.16,0.12,0.14,0.12,0.16,0.09,0.2,0.19,0.08,0.1,0.1,0.24,0.18,0.09,0.14,0.15,0.06,0.19,0.25,0.15,0.17,0.11,0.42,0.09,0.18,0.12,0.12,0.21,0.12,0.33,0.42,0.12,0.1,0.14,0.15,0.12,0.13,0.18,0.2,0.17,0.12,0.22,0.07,0.36,0.13,0.33,0.21,0.33,0.22,0.33,0.14,0.12,0.25,0.14,0.19,0.14,0.23,0.18,0.19,0.14,0.19,0.19,0.07,0.25,0.17,0.26,0.29,0.14,0.17,0.14,0.13,0.14,0.09,0.18,0.13,0.15,0.16,0.1,0.14,0.17,0.32,0.13,0.13,0.12,0.14,0.14,0.28,0.12,0.14,0.21,0.45,0.13,0.15,0.21,0.19,0.27,0.12,0.15,0.14,0.16,0.14,0.08
"2-ketoisocaproic_acid",0.17,0.18,0.2,0.29,0.19,0.14,0.15,0.12,0.24,0.29,0.24,0.12,0.12,0.22,0.22,0.32,0.21,0.23,0.06,0.25,0.2,0.28,0.22,0.11,0.13,0.36,1.0,0.38,0.27,0.19,0.31,0.3,0.15,0.23,0.23,0.23,0.38,0.19,0.17,0.19,0.13,0.16,0.19,0.15,0.12,0.12,0.06,0.15,0.16,0.12,0.18,0.19,0.24,0.18,0.26,0.12,0.11,0.16,0.22,0.14,0.21,0.26,0.16,0.21,0.16,0.35,0.33,0.18,0.29,0.28,0.27,0.16,0.16,0.14,0.18,0.19,0.14,0.18,0.14,0.2,0.16,0.28,0.15,0.16,0.14,0.23,0.12,0.17,0.2,0.13,0.19,0.17,0.14,0.14,0.19,0.11,0.13,0.17,0.19,0.16,0.13,0.12,0.1,0.13,0.12,0.15,0.15,0.16,0.09,0.19,0.27,0.21,0.19,0.15,0.2,0.16,0.17,0.19,0.18,0.16,0.19,0.15,0.18,0.17,0.23,0.21,0.11,0.12,0.12,0.28,0.33,0.23,0.13,0.18,0.09,0.27,0.28,0.14,0.15,0.11,0.21,0.14,0.27,0.15,0.14,0.23,0.22,0.25,0.26,0.11,0.12,0.13,0.18,0.14,0.12,0.21,0.23,0.16,0.12,0.25,0.09,0.23,0.15,0.24,0.19,0.21,0.21,0.24,0.17,0.12,0.19,0.16,0.22,0.17,0.22,0.3,0.22,0.19,0.35,0.36,0.23,0.17,0.2,0.29,0.21,0.16,0.23,0.16,0.12,0.17,0.11,0.21,0.16,0.14,0.19,0.12,0.17,0.19,0.3,0.12,0.12,0.11,0.13,0.13,0.32,0.11,0.13,0.24,0.19,0.12,0.28,0.23,0.22,0.3,0.14,0.18,0.17,0.29,0.26,0.2
"2-ketoisovaleric_acid",0.12,0.16,0.18,0.27,0.18,0.15,0.17,0.14,0.23,0.33,0.22,0.13,0.14,0.2,0.2,0.3,0.23,0.26,0.07,0.2,0.18,0.26,0.25,0.15,0.14,0.23,0.38,1.0,0.2,0.17,0.29,0.35,0.13,0.21,0.21,0.21,0.3,0.21,0.15,0.17,0.14,0.17,0.14,0.14,0.13,0.13,0.06,0.17,0.15,0.13,0.2,0.22,0.18,0.13,0.29,0.13,0.11,0.14,0.25,0.15,0.23,0.29,0.12,0.19,0.14,0.33,0.27,0.14,0.23,0.32,0.3,0.17,0.14,0.15,0.19,0.17,0.11,0.13,0.16,0.18,0.17,0.17,0.16,0.17,0.13,0.21,0.14,0.15,0.18,0.14,0.17,0.19,0.15,0.16,0.16,0.12,0.14,0.15,0.17,0.18,0.14,0.13,0.11,0.14,0.13,0.17,0.17,0.14,0.09,0.16,0.3,0.19,0.18,0.16,0.18,0.14,0.15,0.17,0.16,0.15,0.17,0.16,0.14,0.18,0.17,0.16,0.08,0.14,0.13,0.33,0.39,0.2,0.14,0.16,0.06,0.2,0.21,0.16,0.17,0.12,0.18,0.15,0.22,0.17,0.16,0.17,0.24,0.23,0.24,0.12,0.17,0.14,0.16,0.12,0.13,0.19,0.21,0.17,0.13,0.29,0.1,0.21,0.13,0.21,0.22,0.19,0.19,0.21,0.15,0.1,0.16,0.14,0.2,0.15,0.17,0.28,0.2,0.14,0.41,0.29,0.16,0.15,0.18,0.22,0.18,0.14,0.21,0.14,0.13,0.19,0.12,0.19,0.18,0.15,0.17,0.1,0.19,0.17,0.19,0.14,0.13,0.16,0.14,0.14,0.38,0.12,0.15,0.22,0.17,0.14,0.32,0.21,0.2,0.23,0.15,0.16,0.18,0.33,0.29,0.17
"2-methylserine",0.14,0.21,0.19,0.19,0.19,0.18,0.24,0.12,0.17,0.23,0.23,0.15,0.12,0.18,0.21,0.21,0.2,0.19,0.1,0.18,0.19,0.27,0.53,0.1,0.12,0.19,0.27,0.2,1.0,0.23,0.21,0.19,0.15,0.22,0.22,0.22,0.21,0.43,0.16,0.18,0.12,0.15,0.15,0.15,0.15,0.15,0.09,0.15,0.16,0.15,0.17,0.19,0.19,0.14,0.21,0.11,0.1,0.16,0.31,0.16,0.2,0.21,0.13,0.21,0.16,0.28,0.23,0.15,0.17,0.22,0.21,0.15,0.16,0.13,0.15,0.23,0.1,0.14,0.14,0.19,0.15,0.15,0.14,0.15,0.12,0.19,0.12,0.16,0.28,0.13,0.18,0.17,0.13,0.14,0.22,0.14,0.13,0.16,0.15,0.16,0.13,0.12,0.1,0.13,0.09,0.15,0.15,0.16,0.09,0.18,0.17,0.17,0.16,0.15,0.19,0.18,0.16,0.18,0.18,0.16,0.18,0.14,0.15,0.14,0.18,0.17,0.1,0.12,0.12,0.26,0.26,0.22,0.16,0.17,0.11,0.21,0.22,0.14,0.15,0.11,0.25,0.13,0.16,0.15,0.14,0.19,0.18,0.24,0.25,0.11,0.12,0.12,0.17,0.14,0.12,0.2,0.22,0.15,0.12,0.24,0.09,0.22,0.15,0.23,0.18,0.21,0.2,0.29,0.16,0.12,0.22,0.15,0.26,0.16,0.12,0.24,0.62,0.15,0.22,0.25,0.18,0.16,0.19,0.19,0.25,0.15,0.23,0.16,0.12,0.21,0.11,0.2,0.12,0.17,0.18,0.16,0.16,0.15,0.16,0.12,0.12,0.11,0.12,0.12,0.24,0.11,0.13,0.28,0.19,0.16,0.22,0.23,0.21,0.19,0.14,0.17,0.16,0.23,0.17,0.19
"2-sulfamoylacetic_acid",0.15,0.19,0.17,0.17,0.17,0.12,0.21,0.13,0.18,0.2,0.25,0.16,0.17,0.15,0.23,0.19,0.17,0.16,0.1,0.16,0.25,0.24,0.23,0.11,0.13,0.26,0.19,0.17,0.23,1.0,0.18,0.16,0.15,0.19,0.19,0.19,0.19,0.19,0.17,0.19,0.17,0.16,0.16,0.16,0.19,0.19,0.09,0.12,0.17,0.19,0.19,0.2,0.21,0.18,0.18,0.16,0.14,0.2,0.19,0.14,0.17,0.18,0.2,0.22,0.17,0.25,0.25,0.16,0.18,0.19,0.19,0.12,0.17,0.14,0.12,0.3,0.17,0.15,0.15,0.21,0.2,0.16,0.12,0.12,0.12,0.17,0.13,0.14,0.21,0.11,0.19,0.18,0.11,0.11,0.29,0.15,0.13,0.17,0.16,0.17,0.13,0.12,0.13,0.16,0.1,0.16,0.16,0.21,0.07,0.24,0.14,0.14,0.14,0.13,0.21,0.13,0.17,0.19,0.19,0.14,0.16,0.12,0.19,0.12,0.23,0.22,0.09,0.13,0.12,0.22,0.23,0.13,0.17,0.18,0.09,0.23,0.29,0.15,0.16,0.11,0.33,0.14,0.17,0.16,0.15,0.24,0.15,0.26,0.27,0.15,0.13,0.13,0.18,0.15,0.12,0.31,0.24,0.16,0.12,0.21,0.07,0.24,0.15,0.32,0.2,0.27,0.21,0.39,0.17,0.12,0.29,0.16,0.23,0.17,0.16,0.21,0.23,0.16,0.18,0.22,0.11,0.17,0.21,0.25,0.33,0.16,0.2,0.16,0.12,0.18,0.09,0.21,0.13,0.19,0.19,0.13,0.21,0.2,0.17,0.13,0.12,0.11,0.13,0.17,0.2,0.11,0.18,0.25,0.25,0.21,0.19,0.2,0.19,0.26,0.18,0.18,0.17,0.2,0.14,0.12
"2R-hydroxy-3-methylpentanoic_acid",0.19,0.24,0.29,0.36,0.29,0.15,0.14,0.12,0.26,0.32,0.27,0.11,0.12,0.41,0.25,0.4,0.23,0.26,0.06,0.31,0.23,0.42,0.2,0.1,0.12,0.19,0.31,0.29,0.21,0.18,1.0,0.52,0.17,0.29,0.29,0.29,0.4,0.17,0.19,0.21,0.12,0.18,0.18,0.18,0.11,0.14,0.05,0.14,0.18,0.11,0.3,0.38,0.27,0.17,0.33,0.11,0.1,0.18,0.25,0.13,0.23,0.29,0.16,0.29,0.22,0.38,0.36,0.18,0.35,0.31,0.3,0.15,0.22,0.13,0.17,0.18,0.1,0.17,0.13,0.27,0.18,0.15,0.16,0.15,0.14,0.32,0.12,0.19,0.27,0.12,0.25,0.16,0.13,0.14,0.17,0.14,0.17,0.19,0.15,0.15,0.15,0.11,0.12,0.17,0.12,0.14,0.14,0.15,0.09,0.17,0.3,0.23,0.22,0.17,0.22,0.17,0.19,0.21,0.21,0.18,0.21,0.14,0.15,0.19,0.18,0.17,0.1,0.18,0.17,0.25,0.36,0.21,0.12,0.2,0.08,0.25,0.26,0.13,0.14,0.1,0.19,0.18,0.33,0.21,0.2,0.18,0.24,0.23,0.29,0.11,0.15,0.12,0.2,0.14,0.11,0.23,0.26,0.11,0.09,0.19,0.09,0.21,0.17,0.22,0.17,0.24,0.23,0.22,0.19,0.12,0.17,0.18,0.25,0.19,0.12,0.54,0.25,0.18,0.45,0.33,0.17,0.19,0.23,0.32,0.19,0.18,0.26,0.18,0.11,0.16,0.11,0.23,0.23,0.13,0.21,0.12,0.19,0.26,0.16,0.12,0.11,0.11,0.12,0.12,0.23,0.11,0.12,0.27,0.18,0.12,0.36,0.3,0.25,0.28,0.16,0.2,0.19,0.32,0.29,0.19
"2R-hydroxyisovaleric_acid",0.18,0.23,0.21,0.26,0.21,0.14,0.17,0.13,0.22,0.38,0.26,0.13,0.13,0.37,0.24,0.41,0.32,0.3,0.07,0.26,0.21,0.3,0.24,0.11,0.14,0.17,0.3,0.35,0.19,0.16,0.52,1.0,0.16,0.24,0.24,0.24,0.41,0.2,0.18,0.2,0.14,0.21,0.17,0.16,0.12,0.16,0.06,0.16,0.17,0.12,0.35,0.45,0.26,0.15,0.45,0.12,0.11,0.17,0.29,0.14,0.27,0.33,0.14,0.28,0.21,0.38,0.31,0.16,0.27,0.36,0.41,0.17,0.17,0.14,0.19,0.16,0.11,0.15,0.15,0.26,0.21,0.13,0.15,0.17,0.12,0.28,0.13,0.14,0.26,0.14,0.24,0.19,0.14,0.15,0.15,0.16,0.16,0.18,0.17,0.17,0.14,0.12,0.13,0.16,0.13,0.16,0.16,0.13,0.09,0.15,0.41,0.22,0.21,0.16,0.21,0.16,0.18,0.2,0.19,0.17,0.2,0.16,0.13,0.21,0.16,0.15,0.09,0.19,0.19,0.31,0.44,0.19,0.14,0.19,0.06,0.24,0.25,0.15,0.17,0.11,0.17,0.2,0.25,0.24,0.23,0.17,0.28,0.22,0.23,0.12,0.16,0.14,0.19,0.12,0.13,0.22,0.25,0.13,0.1,0.22,0.09,0.2,0.16,0.2,0.21,0.23,0.22,0.2,0.18,0.1,0.15,0.17,0.24,0.18,0.1,0.32,0.19,0.17,0.56,0.33,0.15,0.14,0.21,0.32,0.17,0.17,0.25,0.17,0.13,0.19,0.12,0.22,0.26,0.15,0.2,0.1,0.22,0.25,0.14,0.13,0.13,0.12,0.14,0.14,0.28,0.12,0.14,0.26,0.16,0.13,0.43,0.25,0.19,0.27,0.15,0.19,0.14,0.45,0.39,0.22
"2S-amino-9,10-epoxy-8-oxodecanoic_acid",0.17,0.32,0.51,0.14,0.27,0.18,0.16,0.14,0.28,0.22,0.32,0.11,0.09,0.26,0.38,0.18,0.22,0.19,0.09,0.23,0.47,0.31,0.14,0.14,0.09,0.16,0.15,0.13,0.15,0.15,0.17,0.16,1.0,0.49,0.49,0.49,0.18,0.12,0.37,0.21,0.09,0.19,0.29,0.23,0.11,0.13,0.11,0.13,0.21,0.11,0.24,0.22,0.22,0.22,0.2,0.08,0.08,0.24,0.21,0.1,0.2,0.2,0.21,0.23,0.19,0.22,0.22,0.28,0.17,0.21,0.21,0.13,0.24,0.08,0.11,0.22,0.08,0.22,0.1,0.28,0.19,0.11,0.21,0.13,0.19,0.21,0.14,0.14,0.28,0.12,0.3,0.14,0.12,0.12,0.18,0.1,0.2,0.21,0.09,0.14,0.2,0.07,0.07,0.2,0.11,0.08,0.13,0.14,0.1,0.12,0.15,0.15,0.14,0.2,0.37,0.32,0.37,0.41,0.43,0.21,0.23,0.13,0.16,0.15,0.18,0.17,0.16,0.2,0.2,0.12,0.24,0.14,0.14,0.38,0.16,0.31,0.31,0.15,0.1,0.1,0.19,0.14,0.22,0.18,0.17,0.24,0.18,0.13,0.16,0.08,0.2,0.09,0.38,0.09,0.09,0.29,0.31,0.11,0.09,0.13,0.1,0.15,0.28,0.14,0.11,0.41,0.4,0.18,0.37,0.09,0.15,0.23,0.38,0.3,0.09,0.22,0.15,0.26,0.17,0.3,0.12,0.19,0.47,0.18,0.16,0.23,0.34,0.3,0.09,0.17,0.12,0.44,0.14,0.12,0.27,0.14,0.2,0.16,0.11,0.14,0.13,0.12,0.14,0.09,0.11,0.08,0.09,0.32,0.15,0.11,0.21,0.31,0.12,0.19,0.22,0.26,0.1,0.22,0.14,0.13
"2S-aminodecanoic_acid",0.2,0.41,0.66,0.24,0.53,0.23,0.16,0.11,0.42,0.32,0.42,0.13,0.11,0.55,0.5,0.26,0.28,0.26,0.08,0.34,0.56,0.52,0.21,0.09,0.11,0.16,0.23,0.21,0.22,0.19,0.29,0.24,0.49,1.0,1.0,1.0,0.26,0.19,0.45,0.26,0.11,0.23,0.28,0.28,0.13,0.16,0.08,0.13,0.27,0.13,0.3,0.28,0.27,0.26,0.29,0.1,0.09,0.29,0.3,0.14,0.28,0.29,0.24,0.29,0.22,0.32,0.31,0.28,0.35,0.31,0.3,0.13,0.29,0.12,0.16,0.23,0.09,0.26,0.12,0.35,0.23,0.13,0.24,0.13,0.22,0.26,0.11,0.2,0.35,0.11,0.38,0.14,0.12,0.12,0.19,0.12,0.23,0.28,0.13,0.14,0.23,0.1,0.09,0.23,0.08,0.13,0.13,0.14,0.1,0.15,0.22,0.21,0.2,0.26,0.5,0.38,0.45,0.52,0.55,0.27,0.32,0.12,0.19,0.2,0.22,0.21,0.16,0.19,0.18,0.21,0.36,0.22,0.14,0.48,0.19,0.39,0.41,0.12,0.12,0.09,0.21,0.19,0.45,0.22,0.21,0.3,0.25,0.2,0.3,0.1,0.19,0.11,0.48,0.12,0.1,0.37,0.41,0.13,0.1,0.2,0.1,0.19,0.27,0.19,0.15,0.48,0.46,0.23,0.45,0.11,0.19,0.28,0.5,0.37,0.11,0.37,0.26,0.28,0.27,0.43,0.19,0.33,0.62,0.23,0.21,0.28,0.48,0.39,0.1,0.18,0.1,0.58,0.17,0.15,0.33,0.17,0.24,0.19,0.14,0.11,0.1,0.1,0.11,0.11,0.19,0.1,0.11,0.42,0.16,0.14,0.31,0.39,0.26,0.24,0.26,0.31,0.17,0.32,0.21,0.2
"2S-aminododecanoic_acid",0.2,0.41,0.66,0.24,0.53,0.23,0.16,0.11,0.42,0.32,0.42,0.13,0.11,0.55,0.5,0.26,0.28,0.26,0.08,0.34,0.56,0.52,0.21,0.09,0.11,0.16,0.23,0.21,0.22,0.19,0.29,0.24,0.49,1.0,1.0,1.0,0.26,0.19,0.45,0.26,0.11,0.23,0.28,0.28,0.13,0.16,0.08,0.13,0.27,0.13,0.3,0.28,0.27,0.26,0.29,0.1,0.09,0.29,0.3,0.14,0.28,0.29,0.24,0.29,0.22,0.32,0.31,0.28,0.35,0.31,0.3,0.13,0.29,0.12,0.16,0.23,0.09,0.26,0.12,0.35,0.23,0.13,0.24,0.13,0.22,0.26,0.11,0.2,0.35,0.11,0.38,0.14,0.12,0.12,0.19,0.12,0.23,0.28,0.13,0.14,0.23,0.1,0.09,0.23,0.08,0.13,0.13,0.14,0.1,0.15,0.22,0.21,0.2,0.26,0.5,0.38,0.45,0.52,0.55,0.27,0.32,0.12,0.19,0.2,0.22,0.21,0.16,0.19,0.18,0.21,0.36,0.22,0.14,0.48,0.19,0.39,0.41,0.12,0.12,0.09,0.21,0.19,0.45,0.22,0.21,0.3,0.25,0.2,0.3,0.1,0.19,0.11,0.48,0.12,0.1,0.37,0.41,0.13,0.1,0.2,0.1,0.19,0.27,0.19,0.15,0.48,0.46,0.23,0.45,0.11,0.19,0.28,0.5,0.37,0.11,0.37,0.26,0.28,0.27,0.43,0.19,0.33,0.62,0.23,0.21,0.28,0.48,0.39,0.1,0.18,0.1,0.58,0.17,0.15,0.33,0.17,0.24,0.19,0.14,0.11,0.1,0.1,0.11,0.11,0.19,0.1,0.11,0.42,0.16,0.14,0.31,0.39,0.26,0.24,0.26,0.31,0.17,0.32,0.21,0.2
"2S-aminooctanoic_acid",0.2,0.41,0.66,0.24,0.53,0.23,0.16,0.11,0.42,0.32,0.42,0.13,0.11,0.55,0.5,0.26,0.28,0.26,0.08,0.34,0.56,0.52,0.21,0.09,0.11,0.16,0.23,0.21,0.22,0.19,0.29,0.24,0.49,1.0,1.0,1.0,0.26,0.19,0.45,0.26,0.11,0.23,0.28,0.28,0.13,0.16,0.08,0.13,0.27,0.13,0.3,0.28,0.27,0.26,0.29,0.1,0.09,0.29,0.3,0.14,0.28,0.29,0.24,0.29,0.22,0.32,0.31,0.28,0.35,0.31,0.3,0.13,0.29,0.12,0.16,0.23,0.09,0.26,0.12,0.35,0.23,0.13,0.24,0.13,0.22,0.26,0.11,0.2,0.35,0.11,0.38,0.14,0.12,0.12,0.19,0.12,0.23,0.28,0.13,0.14,0.23,0.1,0.09,0.23,0.08,0.13,0.13,0.14,0.1,0.15,0.22,0.21,0.2,0.26,0.5,0.38,0.45,0.52,0.55,0.27,0.32,0.12,0.19,0.2,0.22,0.21,0.16,0.19,0.18,0.21,0.36,0.22,0.14,0.48,0.19,0.39,0.41,0.12,0.12,0.09,0.21,0.19,0.45,0.22,0.21,0.3,0.25,0.2,0.3,0.1,0.19,0.11,0.48,0.12,0.1,0.37,0.41,0.13,0.1,0.2,0.1,0.19,0.27,0.19,0.15,0.48,0.46,0.23,0.45,0.11,0.19,0.28,0.5,0.37,0.11,0.37,0.26,0.28,0.27,0.43,0.19,0.33,0.62,0.23,0.21,0.28,0.48,0.39,0.1,0.18,0.1,0.58,0.17,0.15,0.33,0.17,0.24,0.19,0.14,0.11,0.1,0.1,0.11,0.11,0.19,0.1,0.11,0.42,0.16,0.14,0.31,0.39,0.26,0.24,0.26,0.31,0.17,0.32,0.21,0.2
"2S-hydroxyisocaproic_acid",0.2,0.25,0.23,0.28,0.22,0.16,0.15,0.12,0.24,0.33,0.28,0.12,0.12,0.29,0.26,0.7,0.24,0.27,0.06,0.31,0.23,0.32,0.21,0.1,0.12,0.19,0.38,0.3,0.21,0.19,0.4,0.41,0.18,0.26,0.26,0.26,1.0,0.18,0.19,0.22,0.12,0.23,0.18,0.18,0.11,0.15,0.06,0.15,0.19,0.11,0.26,0.28,0.28,0.17,0.35,0.11,0.1,0.19,0.26,0.13,0.24,0.3,0.16,0.3,0.22,0.39,0.32,0.18,0.28,0.32,0.31,0.15,0.19,0.13,0.18,0.19,0.1,0.17,0.14,0.37,0.23,0.15,0.17,0.15,0.14,0.29,0.12,0.16,0.32,0.13,0.3,0.17,0.13,0.14,0.18,0.14,0.18,0.19,0.15,0.16,0.15,0.12,0.1,0.18,0.15,0.15,0.15,0.16,0.09,0.18,0.31,0.24,0.22,0.17,0.23,0.2,0.19,0.22,0.21,0.19,0.22,0.14,0.15,0.19,0.22,0.21,0.1,0.21,0.18,0.26,0.38,0.22,0.12,0.21,0.08,0.26,0.27,0.14,0.15,0.11,0.2,0.21,0.26,0.26,0.24,0.19,0.29,0.24,0.25,0.11,0.15,0.12,0.21,0.14,0.12,0.24,0.27,0.12,0.09,0.19,0.09,0.22,0.18,0.23,0.18,0.25,0.24,0.23,0.19,0.12,0.18,0.18,0.26,0.19,0.12,0.33,0.21,0.18,0.47,0.52,0.32,0.16,0.23,0.45,0.2,0.18,0.27,0.21,0.12,0.17,0.11,0.24,0.28,0.13,0.22,0.12,0.24,0.36,0.16,0.12,0.12,0.11,0.12,0.12,0.24,0.11,0.13,0.28,0.19,0.12,0.38,0.27,0.21,0.29,0.17,0.21,0.16,0.33,0.3,0.19
"2S-methyl-3-oxobutyrine",0.12,0.15,0.17,0.16,0.16,0.18,0.25,0.2,0.14,0.24,0.19,0.16,0.12,0.15,0.18,0.18,0.21,0.23,0.1,0.15,0.16,0.23,0.56,0.11,0.13,0.15,0.19,0.21,0.43,0.19,0.17,0.2,0.12,0.19,0.19,0.19,0.18,1.0,0.14,0.15,0.13,0.16,0.13,0.18,0.15,0.15,0.09,0.15,0.16,0.15,0.18,0.19,0.16,0.12,0.21,0.15,0.14,0.16,0.32,0.17,0.21,0.21,0.14,0.17,0.13,0.24,0.2,0.12,0.14,0.23,0.22,0.16,0.13,0.17,0.15,0.19,0.11,0.12,0.14,0.16,0.16,0.12,0.12,0.16,0.1,0.16,0.12,0.14,0.2,0.16,0.15,0.17,0.14,0.14,0.19,0.15,0.11,0.17,0.16,0.16,0.11,0.12,0.1,0.11,0.1,0.15,0.15,0.12,0.09,0.14,0.18,0.14,0.13,0.13,0.2,0.16,0.14,0.15,0.15,0.16,0.19,0.15,0.15,0.14,0.15,0.14,0.09,0.12,0.15,0.35,0.27,0.12,0.17,0.14,0.06,0.18,0.19,0.14,0.15,0.14,0.21,0.14,0.14,0.15,0.14,0.16,0.18,0.2,0.21,0.11,0.18,0.13,0.14,0.14,0.12,0.21,0.19,0.16,0.12,0.3,0.09,0.19,0.15,0.18,0.19,0.17,0.17,0.24,0.14,0.12,0.19,0.16,0.18,0.14,0.1,0.21,0.43,0.13,0.23,0.21,0.1,0.14,0.16,0.15,0.21,0.16,0.19,0.16,0.16,0.21,0.11,0.17,0.12,0.18,0.19,0.09,0.17,0.12,0.13,0.12,0.12,0.11,0.13,0.13,0.32,0.14,0.13,0.19,0.15,0.16,0.28,0.19,0.18,0.15,0.12,0.18,0.14,0.24,0.17,0.11
"3,3-dihomophenylalanine",0.29,0.36,0.41,0.15,0.29,0.31,0.14,0.12,0.19,0.24,0.37,0.21,0.21,0.22,0.43,0.19,0.22,0.24,0.13,0.25,0.48,0.35,0.15,0.08,0.25,0.14,0.17,0.15,0.16,0.17,0.19,0.18,0.37,0.45,0.45,0.45,0.19,0.14,1.0,0.23,0.18,0.27,0.26,0.45,0.2,0.23,0.09,0.09,0.3,0.2,0.26,0.24,0.24,0.36,0.22,0.2,0.21,0.39,0.26,0.21,0.22,0.22,0.33,0.26,0.32,0.24,0.24,0.28,0.19,0.24,0.23,0.09,0.29,0.13,0.19,0.21,0.16,0.33,0.2,0.31,0.31,0.24,0.3,0.09,0.29,0.2,0.1,0.11,0.31,0.08,0.33,0.1,0.08,0.09,0.17,0.2,0.29,0.34,0.15,0.1,0.29,0.12,0.12,0.29,0.14,0.2,0.09,0.12,0.15,0.14,0.16,0.38,0.26,0.34,0.41,0.32,0.41,0.45,0.44,0.33,0.38,0.09,0.25,0.28,0.37,0.28,0.17,0.2,0.22,0.14,0.27,0.16,0.29,0.47,0.2,0.34,0.35,0.11,0.29,0.21,0.22,0.2,0.18,0.37,0.28,0.27,0.36,0.14,0.15,0.16,0.22,0.25,0.43,0.14,0.18,0.32,0.35,0.27,0.21,0.14,0.17,0.14,0.27,0.16,0.13,0.42,0.41,0.2,0.41,0.12,0.17,0.32,0.43,0.58,0.22,0.25,0.16,0.42,0.19,0.33,0.14,0.16,0.48,0.21,0.18,0.46,0.38,0.33,0.21,0.13,0.15,0.5,0.24,0.23,0.6,0.39,0.41,0.42,0.36,0.1,0.09,0.16,0.1,0.22,0.13,0.22,0.26,0.37,0.14,0.12,0.24,0.31,0.13,0.21,0.38,0.43,0.16,0.24,0.19,0.14
"3,4-dehydrolysine",0.2,0.25,0.23,0.24,0.32,0.19,0.16,0.11,0.15,0.28,0.37,0.16,0.14,0.18,0.39,0.22,0.24,0.26,0.08,0.21,0.27,0.31,0.17,0.09,0.14,0.16,0.19,0.17,0.18,0.19,0.21,0.2,0.21,0.26,0.26,0.26,0.22,0.15,0.23,1.0,0.11,0.23,0.22,0.21,0.16,0.16,0.08,0.1,0.19,0.13,0.26,0.28,0.27,0.23,0.25,0.1,0.09,0.22,0.26,0.14,0.24,0.25,0.19,0.33,0.22,0.32,0.27,0.21,0.15,0.27,0.26,0.1,0.29,0.09,0.16,0.28,0.09,0.23,0.12,0.27,0.23,0.13,0.17,0.1,0.17,0.29,0.11,0.12,0.27,0.09,0.33,0.11,0.12,0.1,0.23,0.15,0.18,0.2,0.1,0.11,0.23,0.1,0.11,0.18,0.08,0.1,0.1,0.14,0.06,0.23,0.18,0.21,0.2,0.18,0.23,0.21,0.26,0.26,0.25,0.22,0.22,0.1,0.19,0.17,0.22,0.21,0.11,0.19,0.18,0.16,0.31,0.18,0.17,0.24,0.13,0.3,0.31,0.12,0.12,0.09,0.3,0.17,0.14,0.22,0.21,0.3,0.22,0.16,0.17,0.12,0.19,0.14,0.24,0.12,0.13,0.28,0.31,0.16,0.13,0.16,0.08,0.15,0.21,0.19,0.19,0.29,0.28,0.28,0.23,0.13,0.19,0.22,0.3,0.23,0.11,0.28,0.18,0.25,0.22,0.29,0.15,0.2,0.35,0.23,0.21,0.22,0.26,0.21,0.1,0.14,0.1,0.37,0.17,0.15,0.26,0.17,0.24,0.19,0.14,0.11,0.1,0.1,0.11,0.11,0.15,0.1,0.14,0.32,0.23,0.2,0.27,0.34,0.26,0.24,0.2,0.24,0.14,0.28,0.18,0.16
"3,4-dihydroxybenzoic_acid",0.16,0.11,0.1,0.11,0.1,0.13,0.18,0.15,0.1,0.13,0.13,0.29,0.34,0.11,0.12,0.12,0.12,0.11,0.12,0.09,0.11,0.13,0.15,0.1,0.27,0.14,0.13,0.14,0.12,0.17,0.12,0.14,0.09,0.11,0.11,0.11,0.12,0.13,0.18,0.11,1.0,0.25,0.09,0.17,0.37,0.64,0.08,0.11,0.2,0.64,0.12,0.13,0.11,0.22,0.12,0.32,0.32,0.39,0.12,0.25,0.12,0.12,0.26,0.12,0.21,0.13,0.11,0.12,0.1,0.13,0.12,0.11,0.1,0.22,0.22,0.13,0.55,0.22,0.52,0.11,0.25,0.25,0.14,0.11,0.13,0.1,0.11,0.1,0.11,0.1,0.11,0.12,0.1,0.1,0.13,0.27,0.17,0.27,0.33,0.11,0.15,0.25,0.26,0.2,0.22,0.32,0.11,0.11,0.12,0.13,0.12,0.19,0.21,0.14,0.1,0.1,0.1,0.11,0.11,0.15,0.18,0.11,0.2,0.16,0.21,0.23,0.07,0.12,0.11,0.18,0.15,0.03,0.27,0.1,0.02,0.12,0.13,0.13,0.43,0.22,0.14,0.2,0.1,0.21,0.23,0.11,0.2,0.14,0.14,0.43,0.12,0.23,0.1,0.24,0.25,0.12,0.13,0.21,0.16,0.14,0.12,0.13,0.11,0.16,0.17,0.12,0.12,0.16,0.1,0.2,0.13,0.15,0.12,0.22,0.2,0.12,0.12,0.18,0.15,0.12,0.03,0.12,0.11,0.13,0.14,0.24,0.11,0.1,0.33,0.12,0.2,0.12,0.26,0.44,0.21,0.15,0.23,0.21,0.23,0.11,0.11,0.43,0.12,0.27,0.17,0.23,0.37,0.13,0.13,0.11,0.13,0.11,0.16,0.14,0.19,0.23,0.29,0.13,0.16,0.03
"3,5-dihydroxyphenylglycine",0.23,0.22,0.21,0.14,0.2,0.19,0.21,0.14,0.12,0.29,0.29,0.24,0.21,0.16,0.27,0.19,0.25,0.27,0.15,0.19,0.24,0.28,0.18,0.09,0.18,0.13,0.16,0.17,0.15,0.16,0.18,0.21,0.19,0.23,0.23,0.23,0.23,0.16,0.27,0.23,0.25,1.0,0.2,0.25,0.23,0.3,0.11,0.1,0.28,0.26,0.27,0.29,0.24,0.27,0.26,0.19,0.21,0.33,0.27,0.18,0.25,0.26,0.28,0.26,0.33,0.24,0.24,0.22,0.12,0.28,0.27,0.11,0.2,0.18,0.21,0.16,0.21,0.33,0.28,0.24,0.62,0.24,0.2,0.11,0.2,0.2,0.11,0.09,0.24,0.09,0.23,0.11,0.09,0.1,0.16,0.22,0.24,0.29,0.24,0.11,0.24,0.18,0.19,0.27,0.21,0.19,0.1,0.14,0.1,0.12,0.19,0.21,0.26,0.21,0.21,0.16,0.21,0.23,0.22,0.22,0.26,0.1,0.28,0.23,0.3,0.36,0.13,0.22,0.21,0.17,0.32,0.14,0.21,0.22,0.1,0.27,0.28,0.12,0.21,0.15,0.17,0.31,0.12,0.34,0.41,0.2,0.33,0.13,0.13,0.22,0.22,0.18,0.22,0.18,0.24,0.25,0.28,0.2,0.16,0.17,0.1,0.12,0.24,0.15,0.15,0.26,0.25,0.19,0.21,0.15,0.16,0.26,0.27,0.34,0.14,0.25,0.15,0.26,0.23,0.26,0.12,0.12,0.24,0.2,0.17,0.36,0.24,0.17,0.17,0.15,0.15,0.25,0.37,0.23,0.3,0.21,0.54,0.24,0.18,0.11,0.11,0.18,0.11,0.18,0.15,0.15,0.22,0.29,0.12,0.14,0.28,0.24,0.12,0.21,0.23,0.36,0.21,0.29,0.18,0.13
"3-(2-nitrocyclopropylalanine)",0.28,0.28,0.26,0.14,0.25,0.19,0.17,0.14,0.13,0.23,0.34,0.11,0.09,0.16,0.32,0.18,0.27,0.2,0.1,0.24,0.3,0.33,0.14,0.15,0.09,0.17,0.19,0.14,0.15,0.16,0.18,0.17,0.29,0.28,0.28,0.28,0.18,0.13,0.26,0.22,0.09,0.2,1.0,0.24,0.11,0.14,0.11,0.14,0.22,0.11,0.22,0.23,0.23,0.23,0.21,0.09,0.08,0.25,0.22,0.1,0.21,0.21,0.32,0.24,0.2,0.23,0.23,0.36,0.13,0.22,0.22,0.14,0.25,0.08,0.12,0.16,0.17,0.23,0.1,0.3,0.2,0.17,0.2,0.17,0.28,0.2,0.17,0.17,0.3,0.15,0.28,0.18,0.15,0.13,0.16,0.11,0.21,0.22,0.09,0.14,0.21,0.07,0.08,0.21,0.12,0.09,0.14,0.12,0.09,0.13,0.15,0.15,0.15,0.2,0.26,0.21,0.26,0.28,0.28,0.22,0.24,0.13,0.16,0.15,0.19,0.18,0.15,0.21,0.21,0.13,0.25,0.15,0.12,0.27,0.11,0.32,0.33,0.16,0.11,0.08,0.17,0.15,0.12,0.19,0.18,0.2,0.19,0.14,0.14,0.08,0.21,0.09,0.3,0.09,0.09,0.31,0.33,0.11,0.09,0.14,0.12,0.13,0.35,0.19,0.12,0.31,0.31,0.19,0.26,0.08,0.16,0.24,0.32,0.26,0.14,0.24,0.15,0.24,0.18,0.31,0.13,0.1,0.3,0.19,0.17,0.24,0.29,0.21,0.09,0.18,0.11,0.31,0.14,0.12,0.28,0.14,0.21,0.17,0.18,0.17,0.14,0.11,0.15,0.09,0.12,0.08,0.1,0.34,0.13,0.12,0.22,0.29,0.12,0.2,0.22,0.27,0.1,0.23,0.15,0.14
"3-(3-pyridyl)-alanine",0.3,0.27,0.25,0.14,0.24,0.34,0.13,0.17,0.12,0.22,0.33,0.19,0.2,0.16,0.31,0.18,0.2,0.25,0.1,0.23,0.29,0.32,0.14,0.08,0.2,0.13,0.15,0.14,0.15,0.16,0.18,0.16,0.23,0.28,0.28,0.28,0.18,0.18,0.45,0.21,0.17,0.25,0.24,1.0,0.19,0.21,0.09,0.09,0.37,0.19,0.21,0.22,0.22,0.33,0.21,0.28,0.2,0.47,0.21,0.2,0.2,0.21,0.4,0.24,0.33,0.22,0.22,0.26,0.13,0.22,0.21,0.09,0.24,0.15,0.18,0.16,0.15,0.3,0.18,0.29,0.28,0.22,0.33,0.09,0.33,0.19,0.09,0.1,0.29,0.12,0.28,0.09,0.08,0.08,0.15,0.18,0.33,0.41,0.14,0.09,0.33,0.11,0.12,0.33,0.13,0.19,0.09,0.11,0.12,0.12,0.15,0.35,0.27,0.35,0.28,0.23,0.25,0.28,0.27,0.4,0.46,0.08,0.29,0.24,0.31,0.26,0.16,0.18,0.23,0.16,0.24,0.14,0.23,0.26,0.11,0.31,0.32,0.1,0.23,0.2,0.2,0.19,0.12,0.31,0.26,0.19,0.3,0.16,0.14,0.15,0.23,0.2,0.26,0.15,0.16,0.3,0.32,0.22,0.18,0.16,0.12,0.12,0.28,0.15,0.12,0.31,0.3,0.18,0.25,0.13,0.15,0.46,0.31,0.38,0.18,0.23,0.15,0.36,0.18,0.31,0.12,0.12,0.29,0.19,0.17,0.54,0.28,0.23,0.43,0.12,0.15,0.3,0.22,0.21,0.65,0.36,0.33,0.39,0.3,0.09,0.09,0.15,0.09,0.2,0.15,0.23,0.21,0.33,0.13,0.11,0.25,0.28,0.12,0.19,0.39,0.51,0.15,0.22,0.18,0.13
"3-amino-2,4-dihydroxybenzoic_acid",0.17,0.12,0.12,0.11,0.11,0.14,0.2,0.14,0.09,0.16,0.16,0.59,0.56,0.1,0.15,0.11,0.14,0.13,0.18,0.11,0.14,0.15,0.17,0.09,0.32,0.12,0.12,0.13,0.15,0.19,0.11,0.12,0.11,0.13,0.13,0.13,0.11,0.15,0.2,0.16,0.37,0.23,0.11,0.19,1.0,0.42,0.1,0.1,0.19,0.38,0.15,0.16,0.14,0.36,0.14,0.29,0.26,0.29,0.15,0.41,0.14,0.14,0.24,0.14,0.22,0.16,0.14,0.13,0.1,0.15,0.15,0.1,0.11,0.17,0.44,0.16,0.3,0.29,0.31,0.14,0.26,0.23,0.15,0.1,0.15,0.11,0.11,0.09,0.14,0.09,0.13,0.11,0.12,0.1,0.15,0.36,0.16,0.25,0.26,0.11,0.18,0.26,0.28,0.18,0.18,0.29,0.1,0.14,0.12,0.12,0.11,0.18,0.2,0.16,0.12,0.09,0.12,0.13,0.12,0.17,0.19,0.1,0.21,0.17,0.22,0.24,0.1,0.13,0.16,0.16,0.17,0.06,0.41,0.12,0.05,0.15,0.15,0.12,0.29,0.21,0.17,0.19,0.09,0.22,0.24,0.13,0.22,0.12,0.13,0.28,0.16,0.21,0.12,0.23,0.23,0.14,0.15,0.23,0.18,0.16,0.12,0.12,0.16,0.14,0.15,0.14,0.14,0.19,0.12,0.19,0.15,0.16,0.15,0.23,0.19,0.14,0.15,0.25,0.14,0.14,0.06,0.12,0.14,0.12,0.21,0.22,0.13,0.1,0.23,0.14,0.33,0.14,0.24,0.34,0.22,0.17,0.24,0.19,0.21,0.11,0.1,0.21,0.11,0.24,0.15,0.21,0.43,0.16,0.12,0.14,0.15,0.13,0.15,0.12,0.2,0.24,0.26,0.16,0.14,0.06
"3-amino-4-hydroxybenzoic_acid",0.2,0.15,0.14,0.11,0.14,0.16,0.2,0.14,0.09,0.19,0.19,0.39,0.31,0.12,0.18,0.15,0.17,0.16,0.18,0.13,0.17,0.19,0.17,0.09,0.24,0.12,0.12,0.13,0.15,0.19,0.14,0.16,0.13,0.16,0.16,0.16,0.15,0.15,0.23,0.16,0.64,0.3,0.14,0.21,0.42,1.0,0.1,0.1,0.24,0.69,0.18,0.19,0.17,0.29,0.18,0.29,0.3,0.36,0.18,0.3,0.17,0.18,0.3,0.18,0.26,0.19,0.17,0.16,0.1,0.19,0.18,0.1,0.14,0.2,0.3,0.16,0.5,0.32,0.46,0.17,0.3,0.23,0.17,0.1,0.17,0.14,0.11,0.09,0.17,0.09,0.16,0.11,0.09,0.1,0.15,0.36,0.21,0.31,0.3,0.11,0.18,0.23,0.24,0.23,0.21,0.29,0.1,0.11,0.12,0.12,0.15,0.21,0.22,0.18,0.14,0.14,0.14,0.16,0.15,0.19,0.22,0.1,0.21,0.2,0.22,0.24,0.11,0.16,0.18,0.16,0.21,0.06,0.37,0.15,0.05,0.18,0.19,0.12,0.38,0.21,0.17,0.24,0.09,0.26,0.28,0.13,0.25,0.12,0.13,0.31,0.19,0.21,0.15,0.23,0.23,0.17,0.19,0.23,0.18,0.16,0.12,0.12,0.18,0.14,0.15,0.18,0.17,0.19,0.14,0.19,0.15,0.19,0.18,0.26,0.19,0.17,0.15,0.28,0.18,0.18,0.06,0.12,0.17,0.16,0.17,0.32,0.19,0.14,0.3,0.14,0.19,0.17,0.27,0.5,0.26,0.17,0.28,0.23,0.21,0.11,0.1,0.39,0.11,0.24,0.15,0.21,0.33,0.19,0.12,0.14,0.19,0.16,0.15,0.16,0.23,0.28,0.26,0.19,0.18,0.06
"3-amino-6-hydroxy-2-piperidone",0.08,0.07,0.07,0.05,0.07,0.07,0.13,0.14,0.05,0.09,0.09,0.11,0.08,0.05,0.09,0.06,0.11,0.11,0.19,0.06,0.08,0.09,0.1,0.18,0.08,0.06,0.06,0.06,0.09,0.09,0.05,0.06,0.11,0.08,0.08,0.08,0.06,0.09,0.09,0.08,0.08,0.11,0.11,0.09,0.1,0.1,1.0,0.16,0.08,0.1,0.09,0.09,0.11,0.08,0.08,0.08,0.07,0.09,0.09,0.09,0.08,0.11,0.08,0.08,0.09,0.09,0.08,0.16,0.05,0.12,0.09,0.17,0.07,0.09,0.11,0.12,0.07,0.08,0.09,0.08,0.11,0.08,0.09,0.14,0.09,0.07,0.17,0.12,0.08,0.12,0.08,0.15,0.15,0.15,0.09,0.1,0.1,0.08,0.08,0.17,0.1,0.11,0.09,0.1,0.13,0.08,0.16,0.05,0.1,0.06,0.06,0.07,0.07,0.07,0.07,0.06,0.07,0.08,0.07,0.1,0.09,0.13,0.09,0.1,0.1,0.1,0.08,0.16,0.19,0.08,0.1,0.07,0.11,0.07,0.05,0.12,0.09,0.19,0.09,0.07,0.1,0.08,0.04,0.1,0.1,0.11,0.1,0.06,0.06,0.07,0.22,0.08,0.07,0.08,0.08,0.08,0.09,0.14,0.11,0.09,0.1,0.06,0.19,0.07,0.07,0.08,0.08,0.11,0.09,0.07,0.09,0.11,0.09,0.09,0.09,0.08,0.09,0.09,0.07,0.08,0.06,0.04,0.11,0.06,0.1,0.09,0.08,0.06,0.08,0.15,0.12,0.11,0.08,0.12,0.1,0.08,0.11,0.08,0.08,0.17,0.17,0.1,0.18,0.11,0.07,0.1,0.08,0.09,0.06,0.08,0.09,0.08,0.06,0.06,0.1,0.1,0.07,0.09,0.05,0.06
"3-hydroxy-4-methylproline",0.08,0.1,0.12,0.14,0.11,0.08,0.16,0.2,0.12,0.16,0.12,0.1,0.11,0.12,0.15,0.15,0.17,0.16,0.08,0.11,0.11,0.15,0.17,0.23,0.11,0.12,0.15,0.17,0.15,0.12,0.14,0.16,0.13,0.13,0.13,0.13,0.15,0.15,0.09,0.1,0.11,0.1,0.14,0.09,0.1,0.1,0.16,1.0,0.1,0.1,0.11,0.12,0.11,0.08,0.14,0.1,0.09,0.09,0.15,0.12,0.14,0.14,0.08,0.11,0.09,0.16,0.14,0.13,0.12,0.15,0.15,0.48,0.09,0.14,0.13,0.12,0.09,0.08,0.12,0.11,0.1,0.1,0.11,0.39,0.09,0.11,0.35,0.3,0.11,0.26,0.1,0.33,0.3,0.31,0.12,0.1,0.09,0.1,0.13,0.31,0.09,0.1,0.11,0.09,0.21,0.13,0.29,0.11,0.18,0.12,0.15,0.12,0.11,0.09,0.12,0.09,0.09,0.1,0.1,0.12,0.11,0.29,0.09,0.12,0.1,0.1,0.1,0.13,0.16,0.21,0.17,0.06,0.11,0.1,0.02,0.11,0.12,0.31,0.12,0.09,0.13,0.1,0.12,0.1,0.1,0.1,0.12,0.16,0.17,0.1,0.16,0.11,0.1,0.12,0.1,0.11,0.12,0.1,0.1,0.16,0.16,0.15,0.16,0.14,0.15,0.11,0.11,0.14,0.09,0.11,0.12,0.11,0.11,0.09,0.11,0.14,0.15,0.09,0.18,0.14,0.06,0.12,0.11,0.12,0.13,0.09,0.13,0.1,0.1,0.25,0.17,0.11,0.11,0.11,0.1,0.05,0.11,0.1,0.11,0.27,0.23,0.12,0.28,0.14,0.19,0.1,0.11,0.12,0.12,0.11,0.15,0.13,0.15,0.12,0.1,0.1,0.12,0.16,0.14,0.06
"3-hydroxy-O-methyl-5-methyltyrosine",0.25,0.24,0.25,0.15,0.24,0.27,0.14,0.12,0.13,0.22,0.29,0.17,0.17,0.16,0.28,0.19,0.2,0.22,0.11,0.24,0.26,0.32,0.15,0.07,0.13,0.12,0.16,0.15,0.16,0.17,0.18,0.17,0.21,0.27,0.27,0.27,0.19,0.16,0.3,0.19,0.2,0.28,0.22,0.37,0.19,0.24,0.08,0.1,1.0,0.22,0.19,0.2,0.2,0.3,0.21,0.17,0.18,0.52,0.21,0.22,0.26,0.21,0.42,0.21,0.3,0.22,0.23,0.26,0.14,0.22,0.21,0.1,0.22,0.18,0.23,0.14,0.18,0.3,0.16,0.26,0.25,0.2,0.35,0.1,0.25,0.2,0.08,0.13,0.26,0.13,0.24,0.11,0.09,0.12,0.14,0.16,0.3,0.56,0.25,0.1,0.27,0.18,0.17,0.32,0.14,0.24,0.1,0.1,0.1,0.11,0.16,0.26,0.27,0.34,0.28,0.23,0.22,0.24,0.24,0.39,0.51,0.1,0.21,0.2,0.22,0.23,0.17,0.19,0.16,0.17,0.24,0.15,0.15,0.23,0.1,0.28,0.28,0.09,0.14,0.11,0.15,0.55,0.13,0.22,0.23,0.17,0.24,0.14,0.15,0.18,0.17,0.13,0.23,0.27,0.15,0.26,0.28,0.15,0.12,0.17,0.1,0.14,0.23,0.16,0.1,0.27,0.26,0.16,0.22,0.23,0.14,0.32,0.28,0.33,0.15,0.23,0.16,0.27,0.18,0.3,0.14,0.13,0.26,0.17,0.15,0.44,0.28,0.23,0.12,0.13,0.13,0.26,0.2,0.16,0.44,0.23,0.23,0.25,0.18,0.08,0.08,0.14,0.08,0.13,0.16,0.12,0.18,0.29,0.11,0.1,0.22,0.28,0.13,0.17,0.32,0.45,0.25,0.22,0.16,0.14
"3-hydroxy-para-aminobenzoic_acid",0.2,0.12,0.12,0.11,0.11,0.14,0.2,0.14,0.09,0.16,0.16,0.43,0.31,0.1,0.15,0.11,0.17,0.13,0.18,0.11,0.14,0.15,0.17,0.09,0.24,0.12,0.12,0.13,0.15,0.19,0.11,0.12,0.11,0.13,0.13,0.13,0.11,0.15,0.2,0.13,0.64,0.26,0.11,0.19,0.38,0.69,0.1,0.1,0.22,1.0,0.15,0.16,0.14,0.26,0.14,0.29,0.3,0.29,0.15,0.26,0.14,0.14,0.24,0.14,0.22,0.16,0.14,0.13,0.1,0.15,0.15,0.1,0.11,0.2,0.33,0.16,0.45,0.29,0.46,0.14,0.26,0.23,0.15,0.1,0.15,0.11,0.11,0.09,0.14,0.09,0.13,0.11,0.09,0.12,0.15,0.41,0.18,0.25,0.3,0.11,0.16,0.23,0.24,0.21,0.21,0.29,0.1,0.11,0.12,0.12,0.11,0.18,0.2,0.16,0.12,0.12,0.12,0.13,0.12,0.17,0.19,0.12,0.21,0.17,0.22,0.24,0.1,0.13,0.16,0.16,0.17,0.06,0.37,0.12,0.05,0.15,0.15,0.12,0.38,0.21,0.17,0.22,0.09,0.22,0.24,0.13,0.22,0.12,0.13,0.28,0.16,0.21,0.12,0.23,0.23,0.14,0.15,0.23,0.18,0.16,0.12,0.12,0.16,0.14,0.15,0.14,0.14,0.19,0.12,0.19,0.15,0.16,0.15,0.23,0.19,0.14,0.15,0.25,0.14,0.14,0.06,0.12,0.14,0.12,0.17,0.25,0.13,0.12,0.3,0.14,0.19,0.14,0.27,0.5,0.22,0.17,0.24,0.19,0.21,0.11,0.1,0.39,0.11,0.24,0.15,0.24,0.33,0.16,0.12,0.14,0.15,0.13,0.11,0.12,0.2,0.24,0.26,0.16,0.14,0.06
"3-hydroxyasparagine",0.29,0.29,0.26,0.16,0.22,0.16,0.19,0.12,0.14,0.45,0.33,0.15,0.12,0.25,0.31,0.26,0.29,0.36,0.1,0.24,0.32,0.32,0.21,0.1,0.12,0.15,0.18,0.2,0.17,0.19,0.3,0.35,0.24,0.3,0.3,0.3,0.26,0.18,0.26,0.26,0.12,0.27,0.22,0.21,0.15,0.18,0.09,0.11,0.19,0.15,1.0,0.68,0.48,0.2,0.46,0.11,0.1,0.22,0.31,0.13,0.38,0.52,0.19,0.46,0.33,0.28,0.37,0.21,0.17,0.43,0.42,0.12,0.26,0.1,0.15,0.19,0.1,0.2,0.14,0.42,0.27,0.12,0.17,0.12,0.16,0.33,0.12,0.1,0.32,0.1,0.3,0.13,0.1,0.11,0.18,0.14,0.18,0.19,0.12,0.16,0.18,0.09,0.1,0.18,0.09,0.11,0.11,0.12,0.07,0.14,0.21,0.17,0.16,0.17,0.3,0.23,0.3,0.3,0.29,0.19,0.22,0.11,0.18,0.25,0.22,0.21,0.1,0.31,0.31,0.2,0.38,0.17,0.16,0.32,0.15,0.36,0.32,0.14,0.15,0.11,0.2,0.28,0.16,0.39,0.37,0.23,0.33,0.15,0.15,0.11,0.21,0.12,0.32,0.09,0.12,0.29,0.32,0.19,0.14,0.24,0.07,0.14,0.21,0.17,0.18,0.3,0.33,0.23,0.3,0.08,0.22,0.22,0.31,0.23,0.1,0.38,0.17,0.22,0.33,0.3,0.14,0.1,0.32,0.28,0.25,0.22,0.27,0.24,0.12,0.17,0.09,0.33,0.23,0.17,0.26,0.16,0.29,0.23,0.12,0.12,0.12,0.11,0.12,0.12,0.18,0.11,0.13,0.33,0.14,0.16,0.5,0.27,0.13,0.24,0.2,0.24,0.1,0.45,0.21,0.15
"3-hydroxyaspartic_acid",0.31,0.31,0.24,0.17,0.24,0.16,0.21,0.13,0.14,0.5,0.36,0.16,0.13,0.31,0.33,0.28,0.31,0.38,0.1,0.26,0.3,0.35,0.23,0.11,0.13,0.16,0.19,0.22,0.19,0.2,0.38,0.45,0.22,0.28,0.28,0.28,0.28,0.19,0.24,0.28,0.13,0.29,0.23,0.22,0.16,0.19,0.09,0.12,0.2,0.16,0.68,1.0,0.46,0.21,0.5,0.12,0.11,0.24,0.33,0.14,0.42,0.43,0.2,0.5,0.35,0.3,0.4,0.22,0.18,0.48,0.45,0.12,0.24,0.11,0.15,0.2,0.11,0.21,0.15,0.35,0.29,0.12,0.17,0.12,0.17,0.35,0.13,0.11,0.35,0.11,0.32,0.14,0.11,0.11,0.19,0.19,0.21,0.2,0.12,0.17,0.19,0.1,0.13,0.21,0.1,0.12,0.12,0.13,0.07,0.15,0.23,0.18,0.17,0.18,0.28,0.21,0.28,0.28,0.27,0.2,0.23,0.12,0.19,0.26,0.23,0.22,0.11,0.33,0.32,0.22,0.42,0.18,0.17,0.26,0.12,0.33,0.35,0.15,0.16,0.11,0.22,0.29,0.17,0.42,0.39,0.24,0.36,0.21,0.17,0.11,0.22,0.13,0.26,0.09,0.12,0.31,0.35,0.16,0.12,0.21,0.07,0.15,0.22,0.19,0.2,0.32,0.31,0.25,0.28,0.08,0.19,0.23,0.33,0.24,0.1,0.42,0.19,0.23,0.37,0.32,0.15,0.11,0.3,0.3,0.22,0.23,0.29,0.22,0.12,0.18,0.09,0.31,0.25,0.19,0.28,0.17,0.31,0.24,0.13,0.13,0.12,0.11,0.13,0.13,0.2,0.11,0.14,0.36,0.15,0.17,0.55,0.29,0.14,0.26,0.21,0.26,0.11,0.5,0.22,0.16
"3-hydroxyglutamine",0.37,0.34,0.24,0.18,0.24,0.17,0.17,0.11,0.15,0.4,0.35,0.14,0.11,0.26,0.32,0.28,0.26,0.32,0.09,0.29,0.29,0.33,0.19,0.1,0.11,0.17,0.24,0.18,0.19,0.21,0.27,0.26,0.22,0.27,0.27,0.27,0.28,0.16,0.24,0.27,0.11,0.24,0.23,0.22,0.14,0.17,0.11,0.11,0.2,0.14,0.48,0.46,1.0,0.24,0.41,0.11,0.1,0.24,0.28,0.12,0.34,0.41,0.2,0.58,0.42,0.3,0.43,0.22,0.26,0.38,0.37,0.11,0.27,0.1,0.14,0.21,0.1,0.24,0.12,0.38,0.24,0.14,0.18,0.11,0.18,0.34,0.11,0.12,0.33,0.09,0.31,0.12,0.1,0.1,0.2,0.13,0.19,0.2,0.14,0.11,0.19,0.09,0.09,0.19,0.09,0.11,0.11,0.14,0.07,0.16,0.19,0.18,0.18,0.19,0.28,0.22,0.28,0.27,0.26,0.2,0.23,0.1,0.22,0.23,0.27,0.26,0.12,0.29,0.28,0.17,0.33,0.19,0.15,0.29,0.17,0.54,0.38,0.12,0.13,0.1,0.22,0.26,0.24,0.35,0.33,0.28,0.3,0.17,0.18,0.1,0.2,0.11,0.29,0.11,0.11,0.3,0.33,0.21,0.13,0.21,0.07,0.16,0.22,0.2,0.16,0.31,0.39,0.25,0.31,0.09,0.24,0.23,0.32,0.24,0.11,0.39,0.19,0.26,0.29,0.31,0.16,0.12,0.29,0.35,0.32,0.23,0.28,0.22,0.11,0.15,0.08,0.3,0.21,0.19,0.27,0.18,0.26,0.24,0.15,0.11,0.11,0.1,0.11,0.11,0.16,0.1,0.12,0.35,0.17,0.14,0.44,0.28,0.16,0.31,0.21,0.26,0.12,0.4,0.19,0.17
"3-hydroxykynurenine",0.24,0.26,0.24,0.13,0.23,0.26,0.15,0.11,0.12,0.21,0.31,0.27,0.38,0.15,0.3,0.17,0.19,0.21,0.14,0.28,0.28,0.31,0.13,0.08,0.25,0.12,0.18,0.13,0.14,0.18,0.17,0.15,0.22,0.26,0.26,0.26,0.17,0.12,0.36,0.23,0.22,0.27,0.23,0.33,0.36,0.29,0.08,0.08,0.3,0.26,0.2,0.21,0.24,1.0,0.2,0.26,0.21,0.38,0.2,0.36,0.19,0.2,0.33,0.22,0.29,0.21,0.24,0.25,0.15,0.21,0.2,0.11,0.23,0.12,0.24,0.15,0.19,0.55,0.21,0.31,0.3,0.21,0.3,0.08,0.29,0.18,0.09,0.1,0.31,0.07,0.29,0.09,0.1,0.08,0.15,0.23,0.26,0.33,0.21,0.09,0.29,0.17,0.18,0.29,0.15,0.29,0.08,0.11,0.13,0.12,0.14,0.24,0.23,0.28,0.24,0.2,0.24,0.26,0.26,0.27,0.31,0.08,0.28,0.23,0.32,0.31,0.16,0.2,0.22,0.12,0.23,0.14,0.32,0.25,0.1,0.37,0.38,0.12,0.22,0.17,0.19,0.23,0.14,0.29,0.28,0.21,0.29,0.12,0.13,0.2,0.2,0.19,0.25,0.17,0.18,0.28,0.31,0.21,0.17,0.12,0.14,0.12,0.27,0.14,0.11,0.29,0.28,0.17,0.24,0.15,0.15,0.28,0.3,0.36,0.2,0.22,0.14,0.64,0.17,0.32,0.12,0.12,0.28,0.21,0.16,0.4,0.27,0.2,0.18,0.11,0.18,0.28,0.24,0.23,0.39,0.24,0.32,0.27,0.22,0.09,0.08,0.15,0.09,0.19,0.11,0.17,0.36,0.31,0.12,0.11,0.24,0.27,0.12,0.22,0.34,0.38,0.19,0.21,0.17,0.12
"3-hydroxyleucine",0.28,0.28,0.26,0.23,0.25,0.18,0.19,0.12,0.19,0.57,0.32,0.15,0.12,0.24,0.3,0.35,0.37,0.44,0.09,0.31,0.27,0.36,0.25,0.1,0.12,0.14,0.26,0.29,0.21,0.18,0.33,0.45,0.2,0.29,0.29,0.29,0.35,0.21,0.22,0.25,0.12,0.26,0.21,0.21,0.14,0.18,0.08,0.14,0.21,0.14,0.46,0.5,0.41,0.2,1.0,0.11,0.1,0.22,0.35,0.16,0.42,0.5,0.18,0.44,0.32,0.38,0.46,0.21,0.24,0.55,0.59,0.15,0.22,0.13,0.2,0.18,0.1,0.2,0.13,0.31,0.26,0.11,0.19,0.15,0.16,0.5,0.12,0.13,0.31,0.15,0.29,0.16,0.13,0.14,0.17,0.14,0.17,0.21,0.15,0.15,0.17,0.11,0.09,0.17,0.12,0.14,0.14,0.12,0.09,0.13,0.35,0.19,0.18,0.2,0.29,0.23,0.26,0.25,0.24,0.21,0.24,0.14,0.18,0.31,0.21,0.2,0.12,0.31,0.3,0.25,0.5,0.26,0.16,0.24,0.11,0.3,0.31,0.13,0.14,0.1,0.19,0.3,0.22,0.38,0.35,0.22,0.41,0.19,0.19,0.11,0.21,0.12,0.24,0.11,0.11,0.28,0.31,0.15,0.11,0.23,0.09,0.17,0.2,0.17,0.17,0.29,0.28,0.22,0.26,0.09,0.17,0.21,0.3,0.22,0.09,0.48,0.21,0.21,0.45,0.38,0.21,0.13,0.27,0.27,0.19,0.21,0.3,0.23,0.11,0.2,0.11,0.28,0.23,0.17,0.25,0.15,0.28,0.22,0.12,0.12,0.11,0.11,0.12,0.12,0.23,0.11,0.12,0.32,0.14,0.15,0.62,0.3,0.17,0.23,0.19,0.24,0.13,0.65,0.33,0.28
"3-hydroxypicolinic_acid",0.15,0.1,0.09,0.11,0.09,0.16,0.16,0.17,0.09,0.12,0.12,0.26,0.4,0.1,0.11,0.11,0.11,0.13,0.11,0.09,0.11,0.12,0.13,0.09,0.28,0.12,0.12,0.13,0.11,0.16,0.11,0.12,0.08,0.1,0.1,0.1,0.11,0.15,0.2,0.1,0.32,0.19,0.09,0.28,0.29,0.29,0.08,0.1,0.17,0.29,0.11,0.12,0.11,0.26,0.11,1.0,0.41,0.22,0.11,0.23,0.11,0.11,0.19,0.11,0.2,0.12,0.11,0.11,0.1,0.12,0.11,0.1,0.09,0.17,0.21,0.12,0.26,0.18,0.31,0.11,0.23,0.23,0.15,0.1,0.15,0.09,0.11,0.09,0.11,0.09,0.1,0.11,0.09,0.1,0.12,0.22,0.14,0.2,0.26,0.11,0.14,0.2,0.21,0.16,0.18,0.38,0.1,0.11,0.14,0.12,0.11,0.21,0.2,0.16,0.09,0.07,0.09,0.1,0.1,0.17,0.16,0.1,0.24,0.17,0.22,0.21,0.1,0.13,0.16,0.16,0.13,0.03,0.28,0.1,0.02,0.11,0.12,0.12,0.33,0.27,0.17,0.17,0.09,0.22,0.21,0.1,0.22,0.12,0.13,0.24,0.13,0.24,0.1,0.2,0.23,0.11,0.12,0.23,0.18,0.12,0.14,0.12,0.13,0.14,0.15,0.11,0.11,0.14,0.12,0.17,0.12,0.16,0.11,0.2,0.21,0.11,0.11,0.19,0.14,0.11,0.03,0.12,0.11,0.12,0.13,0.22,0.1,0.08,0.39,0.11,0.22,0.11,0.24,0.26,0.22,0.17,0.24,0.23,0.24,0.11,0.1,0.21,0.11,0.28,0.15,0.31,0.43,0.12,0.12,0.11,0.15,0.1,0.11,0.12,0.2,0.21,0.23,0.12,0.14,0.03
"3-hydroxyquinaldic_acid",0.14,0.09,0.08,0.1,0.08,0.19,0.14,0.15,0.09,0.11,0.11,0.24,0.31,0.09,0.1,0.1,0.1,0.12,0.1,0.08,0.1,0.11,0.12,0.08,0.29,0.11,0.11,0.11,0.1,0.14,0.1,0.11,0.08,0.09,0.09,0.09,0.1,0.14,0.21,0.09,0.32,0.21,0.08,0.2,0.26,0.3,0.07,0.09,0.18,0.3,0.1,0.11,0.1,0.21,0.1,0.41,1.0,0.23,0.1,0.21,0.1,0.1,0.2,0.1,0.18,0.11,0.1,0.1,0.09,0.11,0.1,0.09,0.08,0.18,0.19,0.11,0.27,0.19,0.27,0.1,0.21,0.21,0.14,0.09,0.14,0.08,0.1,0.08,0.1,0.1,0.09,0.1,0.08,0.09,0.11,0.22,0.15,0.2,0.27,0.1,0.13,0.21,0.22,0.17,0.19,0.3,0.09,0.1,0.13,0.11,0.1,0.21,0.18,0.17,0.11,0.09,0.11,0.09,0.09,0.13,0.15,0.09,0.2,0.18,0.23,0.19,0.08,0.1,0.12,0.14,0.12,0.03,0.29,0.09,0.02,0.1,0.11,0.11,0.33,0.38,0.15,0.18,0.08,0.23,0.19,0.09,0.22,0.11,0.11,0.25,0.12,0.25,0.09,0.21,0.21,0.12,0.11,0.24,0.19,0.11,0.13,0.11,0.12,0.12,0.13,0.1,0.1,0.12,0.16,0.18,0.11,0.15,0.1,0.18,0.22,0.1,0.1,0.2,0.12,0.1,0.02,0.11,0.1,0.11,0.11,0.23,0.09,0.09,0.27,0.1,0.22,0.1,0.21,0.23,0.23,0.18,0.25,0.24,0.25,0.1,0.09,0.22,0.1,0.25,0.13,0.39,0.38,0.11,0.11,0.1,0.14,0.09,0.1,0.14,0.21,0.19,0.24,0.11,0.13,0.03
"3-hydroxytyrosine",0.34,0.28,0.26,0.15,0.26,0.3,0.17,0.15,0.13,0.24,0.35,0.23,0.24,0.16,0.33,0.19,0.21,0.23,0.13,0.24,0.31,0.34,0.15,0.08,0.18,0.14,0.16,0.14,0.16,0.2,0.18,0.17,0.24,0.29,0.29,0.29,0.19,0.16,0.39,0.22,0.39,0.33,0.25,0.47,0.29,0.36,0.09,0.09,0.52,0.29,0.22,0.24,0.24,0.38,0.22,0.22,0.23,1.0,0.22,0.2,0.21,0.22,0.65,0.25,0.42,0.24,0.24,0.27,0.13,0.23,0.22,0.09,0.26,0.18,0.21,0.17,0.26,0.38,0.23,0.31,0.33,0.3,0.32,0.09,0.31,0.2,0.09,0.1,0.31,0.1,0.29,0.1,0.08,0.09,0.16,0.22,0.37,0.67,0.23,0.09,0.34,0.18,0.19,0.4,0.19,0.22,0.09,0.12,0.11,0.13,0.16,0.3,0.35,0.33,0.29,0.24,0.26,0.29,0.28,0.45,0.53,0.09,0.27,0.22,0.29,0.31,0.15,0.19,0.19,0.17,0.26,0.15,0.21,0.28,0.11,0.33,0.34,0.1,0.21,0.16,0.18,0.27,0.13,0.29,0.31,0.2,0.28,0.14,0.14,0.34,0.19,0.18,0.28,0.23,0.2,0.31,0.34,0.2,0.16,0.17,0.11,0.13,0.27,0.16,0.12,0.32,0.31,0.19,0.26,0.2,0.16,0.38,0.33,0.47,0.19,0.24,0.16,0.34,0.19,0.32,0.13,0.13,0.31,0.2,0.18,0.62,0.3,0.24,0.17,0.12,0.15,0.31,0.27,0.22,0.58,0.31,0.31,0.33,0.24,0.09,0.09,0.19,0.1,0.18,0.16,0.16,0.25,0.35,0.14,0.12,0.23,0.3,0.16,0.21,0.4,0.65,0.23,0.24,0.18,0.14
"3-hydroxyvaline",0.2,0.25,0.26,0.19,0.26,0.23,0.19,0.12,0.17,0.39,0.33,0.15,0.12,0.21,0.31,0.26,0.33,0.31,0.1,0.24,0.28,0.38,0.38,0.1,0.12,0.15,0.22,0.25,0.31,0.19,0.25,0.29,0.21,0.3,0.3,0.3,0.26,0.32,0.26,0.26,0.12,0.27,0.22,0.21,0.15,0.18,0.09,0.15,0.21,0.15,0.31,0.33,0.28,0.2,0.35,0.11,0.1,0.22,1.0,0.16,0.33,0.35,0.19,0.3,0.22,0.33,0.32,0.21,0.17,0.38,0.36,0.15,0.22,0.13,0.18,0.19,0.1,0.2,0.14,0.28,0.27,0.12,0.19,0.19,0.16,0.26,0.16,0.16,0.28,0.13,0.26,0.17,0.16,0.14,0.18,0.14,0.18,0.22,0.15,0.16,0.18,0.12,0.1,0.18,0.09,0.15,0.15,0.12,0.09,0.14,0.26,0.2,0.19,0.2,0.26,0.2,0.23,0.26,0.25,0.21,0.25,0.14,0.18,0.22,0.22,0.21,0.12,0.21,0.21,0.26,0.45,0.22,0.16,0.24,0.11,0.31,0.32,0.14,0.15,0.11,0.2,0.21,0.16,0.26,0.24,0.23,0.29,0.19,0.2,0.11,0.21,0.12,0.24,0.11,0.12,0.29,0.32,0.15,0.12,0.24,0.09,0.18,0.21,0.17,0.18,0.3,0.29,0.23,0.23,0.1,0.18,0.22,0.31,0.23,0.1,0.33,0.31,0.22,0.33,0.35,0.18,0.13,0.28,0.23,0.2,0.22,0.31,0.21,0.12,0.21,0.11,0.29,0.19,0.17,0.26,0.16,0.29,0.19,0.12,0.12,0.12,0.11,0.12,0.12,0.24,0.11,0.13,0.33,0.14,0.16,0.38,0.31,0.17,0.24,0.2,0.24,0.13,0.39,0.25,0.19
"3-methoxyanthranilic_acid",0.16,0.11,0.13,0.12,0.13,0.17,0.14,0.12,0.11,0.17,0.14,0.34,0.39,0.11,0.13,0.13,0.15,0.21,0.13,0.12,0.12,0.17,0.19,0.08,0.36,0.11,0.14,0.15,0.16,0.14,0.13,0.14,0.1,0.14,0.14,0.14,0.13,0.17,0.21,0.14,0.25,0.18,0.1,0.2,0.41,0.3,0.09,0.12,0.22,0.26,0.13,0.14,0.12,0.36,0.16,0.23,0.21,0.2,0.16,1.0,0.22,0.16,0.18,0.13,0.18,0.17,0.15,0.12,0.11,0.17,0.16,0.12,0.1,0.18,0.33,0.14,0.21,0.21,0.24,0.12,0.21,0.18,0.35,0.12,0.18,0.13,0.1,0.13,0.12,0.13,0.12,0.13,0.13,0.11,0.14,0.32,0.17,0.34,0.21,0.12,0.19,0.21,0.2,0.17,0.14,0.3,0.12,0.1,0.16,0.11,0.13,0.21,0.18,0.24,0.13,0.11,0.11,0.12,0.11,0.2,0.29,0.11,0.17,0.2,0.23,0.19,0.11,0.12,0.14,0.18,0.19,0.09,0.45,0.11,0.04,0.13,0.14,0.11,0.29,0.21,0.18,0.22,0.11,0.23,0.19,0.12,0.26,0.14,0.15,0.19,0.15,0.22,0.11,0.16,0.18,0.12,0.14,0.24,0.19,0.18,0.17,0.14,0.14,0.12,0.13,0.13,0.12,0.16,0.11,0.14,0.14,0.15,0.13,0.18,0.17,0.15,0.16,0.29,0.16,0.16,0.08,0.13,0.12,0.11,0.15,0.23,0.15,0.11,0.24,0.16,0.25,0.12,0.18,0.3,0.23,0.18,0.25,0.21,0.22,0.1,0.09,0.19,0.1,0.25,0.17,0.22,0.38,0.14,0.11,0.12,0.17,0.15,0.16,0.11,0.21,0.19,0.18,0.17,0.16,0.08
"3-methoxyaspartic_acid",0.24,0.24,0.25,0.18,0.24,0.17,0.18,0.11,0.16,0.48,0.31,0.14,0.11,0.2,0.29,0.24,0.31,0.38,0.09,0.23,0.26,0.35,0.24,0.1,0.12,0.14,0.21,0.23,0.2,0.17,0.23,0.27,0.2,0.28,0.28,0.28,0.24,0.21,0.22,0.24,0.12,0.25,0.21,0.2,0.14,0.17,0.08,0.14,0.26,0.14,0.38,0.42,0.34,0.19,0.42,0.11,0.1,0.21,0.33,0.22,1.0,0.42,0.18,0.37,0.31,0.31,0.39,0.2,0.16,0.46,0.44,0.18,0.21,0.12,0.2,0.17,0.1,0.22,0.17,0.26,0.29,0.14,0.23,0.14,0.16,0.31,0.11,0.15,0.26,0.15,0.24,0.16,0.12,0.13,0.17,0.14,0.17,0.27,0.14,0.15,0.17,0.11,0.09,0.17,0.11,0.14,0.14,0.11,0.08,0.17,0.24,0.19,0.21,0.24,0.29,0.22,0.29,0.24,0.24,0.23,0.31,0.14,0.2,0.27,0.21,0.23,0.12,0.26,0.26,0.24,0.41,0.2,0.15,0.23,0.11,0.29,0.3,0.13,0.14,0.1,0.19,0.32,0.15,0.32,0.34,0.21,0.35,0.18,0.19,0.1,0.2,0.12,0.23,0.11,0.14,0.27,0.3,0.14,0.11,0.22,0.09,0.17,0.2,0.16,0.17,0.28,0.27,0.21,0.25,0.09,0.17,0.21,0.29,0.25,0.09,0.41,0.2,0.21,0.3,0.32,0.17,0.12,0.26,0.21,0.19,0.21,0.29,0.23,0.11,0.19,0.1,0.27,0.22,0.16,0.24,0.15,0.27,0.18,0.12,0.11,0.11,0.1,0.12,0.12,0.22,0.1,0.12,0.31,0.17,0.15,0.46,0.29,0.16,0.22,0.19,0.26,0.12,0.48,0.23,0.18
"3-methylasparagine",0.25,0.24,0.26,0.23,0.25,0.18,0.19,0.12,0.19,0.57,0.32,0.15,0.12,0.21,0.3,0.3,0.32,0.44,0.09,0.27,0.27,0.36,0.25,0.1,0.12,0.14,0.26,0.29,0.21,0.18,0.29,0.33,0.2,0.29,0.29,0.29,0.3,0.21,0.22,0.25,0.12,0.26,0.21,0.21,0.14,0.18,0.11,0.14,0.21,0.14,0.52,0.43,0.41,0.2,0.5,0.11,0.1,0.22,0.35,0.16,0.42,1.0,0.18,0.38,0.29,0.38,0.46,0.21,0.2,0.7,0.52,0.15,0.25,0.13,0.2,0.18,0.1,0.2,0.13,0.36,0.26,0.11,0.19,0.15,0.16,0.36,0.12,0.13,0.27,0.12,0.25,0.16,0.13,0.14,0.17,0.14,0.17,0.21,0.15,0.15,0.17,0.11,0.09,0.17,0.12,0.14,0.14,0.12,0.09,0.13,0.3,0.19,0.18,0.2,0.29,0.23,0.26,0.25,0.24,0.21,0.24,0.14,0.18,0.31,0.21,0.2,0.12,0.27,0.26,0.25,0.5,0.26,0.16,0.27,0.14,0.35,0.31,0.13,0.14,0.1,0.19,0.27,0.19,0.33,0.31,0.22,0.41,0.19,0.19,0.14,0.21,0.12,0.27,0.11,0.11,0.28,0.31,0.18,0.14,0.28,0.09,0.17,0.2,0.17,0.17,0.29,0.32,0.22,0.26,0.09,0.21,0.21,0.3,0.22,0.09,0.48,0.21,0.21,0.38,0.38,0.21,0.13,0.27,0.22,0.24,0.21,0.3,0.23,0.11,0.2,0.11,0.28,0.19,0.17,0.25,0.15,0.28,0.18,0.12,0.12,0.11,0.11,0.12,0.12,0.23,0.11,0.12,0.32,0.14,0.15,0.55,0.3,0.17,0.23,0.19,0.24,0.13,0.57,0.29,0.23
"3-nitrotyrosine",0.43,0.24,0.22,0.12,0.22,0.27,0.14,0.12,0.11,0.2,0.29,0.2,0.2,0.14,0.28,0.16,0.18,0.2,0.11,0.21,0.26,0.28,0.12,0.07,0.15,0.14,0.16,0.12,0.13,0.2,0.16,0.14,0.21,0.24,0.24,0.24,0.16,0.14,0.33,0.19,0.26,0.28,0.32,0.4,0.24,0.3,0.08,0.08,0.42,0.24,0.19,0.2,0.2,0.33,0.18,0.19,0.2,0.65,0.19,0.18,0.18,0.18,1.0,0.21,0.36,0.2,0.2,0.24,0.12,0.19,0.19,0.08,0.22,0.15,0.19,0.14,0.5,0.33,0.19,0.26,0.28,0.28,0.28,0.08,0.45,0.17,0.08,0.09,0.26,0.09,0.24,0.11,0.07,0.07,0.14,0.19,0.32,0.56,0.2,0.1,0.3,0.16,0.17,0.35,0.16,0.19,0.1,0.1,0.11,0.11,0.13,0.26,0.3,0.29,0.25,0.21,0.22,0.24,0.24,0.39,0.44,0.08,0.24,0.2,0.24,0.26,0.15,0.17,0.16,0.14,0.21,0.12,0.18,0.23,0.1,0.28,0.28,0.09,0.17,0.13,0.15,0.24,0.11,0.24,0.26,0.17,0.24,0.12,0.12,0.23,0.17,0.15,0.23,0.2,0.17,0.26,0.28,0.17,0.14,0.14,0.1,0.11,0.23,0.13,0.1,0.27,0.26,0.16,0.22,0.17,0.14,0.32,0.28,0.4,0.19,0.2,0.13,0.29,0.15,0.27,0.11,0.13,0.26,0.17,0.15,0.51,0.25,0.21,0.15,0.11,0.13,0.26,0.23,0.19,0.47,0.26,0.26,0.28,0.23,0.08,0.08,0.16,0.08,0.15,0.13,0.14,0.21,0.29,0.11,0.1,0.19,0.25,0.13,0.17,0.35,0.53,0.2,0.2,0.16,0.12
"3R-hydroxy-2,4-diaminobutyric_acid",0.39,0.37,0.26,0.19,0.25,0.18,0.19,0.12,0.16,0.43,0.5,0.15,0.12,0.28,0.4,0.3,0.28,0.34,0.09,0.27,0.31,0.36,0.2,0.1,0.12,0.19,0.21,0.19,0.21,0.22,0.29,0.28,0.23,0.29,0.29,0.29,0.3,0.17,0.26,0.33,0.12,0.26,0.24,0.24,0.14,0.18,0.08,0.11,0.21,0.14,0.46,0.5,0.58,0.22,0.44,0.11,0.1,0.25,0.3,0.13,0.37,0.38,0.21,1.0,0.45,0.43,0.41,0.24,0.24,0.42,0.4,0.11,0.25,0.1,0.14,0.27,0.1,0.22,0.13,0.36,0.26,0.15,0.19,0.11,0.18,0.36,0.12,0.13,0.36,0.1,0.38,0.12,0.1,0.11,0.26,0.14,0.2,0.21,0.11,0.12,0.2,0.09,0.09,0.2,0.09,0.11,0.11,0.15,0.07,0.17,0.21,0.19,0.18,0.2,0.29,0.23,0.29,0.29,0.28,0.21,0.24,0.11,0.21,0.24,0.25,0.24,0.12,0.31,0.3,0.19,0.36,0.21,0.16,0.27,0.14,0.35,0.36,0.13,0.14,0.1,0.29,0.27,0.22,0.38,0.35,0.3,0.32,0.19,0.19,0.11,0.21,0.12,0.27,0.11,0.11,0.32,0.36,0.15,0.11,0.19,0.07,0.17,0.23,0.22,0.17,0.33,0.32,0.33,0.29,0.09,0.21,0.24,0.35,0.26,0.12,0.42,0.21,0.24,0.32,0.33,0.17,0.13,0.36,0.32,0.24,0.24,0.3,0.23,0.11,0.16,0.08,0.37,0.23,0.21,0.29,0.19,0.28,0.26,0.16,0.12,0.11,0.11,0.12,0.12,0.17,0.11,0.12,0.38,0.18,0.15,0.48,0.3,0.17,0.28,0.22,0.27,0.13,0.43,0.2,0.19
"3R-hydroxyhomotyrosine",0.64,0.28,0.2,0.15,0.2,0.23,0.17,0.12,0.13,0.31,0.27,0.23,0.21,0.22,0.26,0.22,0.21,0.3,0.13,0.22,0.24,0.26,0.15,0.08,0.18,0.14,0.16,0.14,0.16,0.17,0.22,0.21,0.19,0.22,0.22,0.22,0.22,0.13,0.32,0.22,0.21,0.33,0.2,0.33,0.22,0.26,0.09,0.09,0.3,0.22,0.33,0.35,0.42,0.29,0.32,0.2,0.18,0.42,0.22,0.18,0.31,0.29,0.36,0.45,1.0,0.24,0.31,0.22,0.19,0.3,0.29,0.09,0.2,0.13,0.21,0.17,0.18,0.35,0.34,0.27,0.45,0.41,0.25,0.09,0.24,0.29,0.09,0.1,0.27,0.08,0.26,0.1,0.08,0.09,0.16,0.19,0.26,0.36,0.17,0.09,0.26,0.14,0.14,0.26,0.21,0.2,0.09,0.15,0.11,0.13,0.16,0.33,0.5,0.25,0.23,0.19,0.23,0.22,0.22,0.36,0.41,0.09,0.33,0.28,0.29,0.42,0.14,0.27,0.27,0.13,0.26,0.15,0.21,0.21,0.11,0.26,0.26,0.1,0.21,0.16,0.18,0.3,0.18,0.4,0.55,0.2,0.35,0.14,0.14,0.19,0.19,0.18,0.21,0.18,0.3,0.24,0.26,0.2,0.16,0.14,0.11,0.13,0.21,0.16,0.12,0.25,0.24,0.19,0.23,0.16,0.16,0.28,0.26,0.51,0.17,0.31,0.16,0.28,0.23,0.25,0.13,0.13,0.24,0.24,0.18,0.41,0.23,0.19,0.17,0.12,0.15,0.24,0.42,0.26,0.44,0.34,0.31,0.41,0.24,0.09,0.09,0.16,0.1,0.18,0.12,0.16,0.22,0.27,0.14,0.12,0.34,0.23,0.13,0.21,0.28,0.65,0.18,0.31,0.18,0.14
"3R-methylbeta-alanine",0.21,0.27,0.28,0.3,0.27,0.19,0.21,0.13,0.25,0.43,0.5,0.16,0.13,0.27,0.39,0.39,0.31,0.33,0.1,0.29,0.3,0.41,0.29,0.11,0.13,0.21,0.35,0.33,0.28,0.25,0.38,0.38,0.22,0.32,0.32,0.32,0.39,0.24,0.24,0.32,0.13,0.24,0.23,0.22,0.16,0.19,0.09,0.16,0.22,0.16,0.28,0.3,0.3,0.21,0.38,0.12,0.11,0.24,0.33,0.17,0.31,0.38,0.2,0.43,0.24,1.0,0.4,0.22,0.26,0.41,0.39,0.16,0.24,0.14,0.22,0.3,0.11,0.21,0.15,0.3,0.24,0.16,0.2,0.16,0.17,0.31,0.13,0.17,0.3,0.14,0.32,0.18,0.14,0.15,0.29,0.15,0.19,0.23,0.16,0.17,0.19,0.12,0.1,0.19,0.12,0.16,0.16,0.17,0.09,0.19,0.33,0.25,0.24,0.21,0.28,0.21,0.24,0.28,0.27,0.22,0.26,0.15,0.19,0.23,0.23,0.22,0.12,0.19,0.18,0.29,0.5,0.3,0.17,0.26,0.12,0.33,0.35,0.15,0.16,0.11,0.33,0.2,0.24,0.23,0.22,0.29,0.31,0.26,0.27,0.11,0.19,0.13,0.26,0.15,0.12,0.31,0.35,0.16,0.12,0.26,0.09,0.24,0.22,0.25,0.2,0.32,0.31,0.39,0.24,0.12,0.24,0.23,0.33,0.24,0.13,0.42,0.28,0.23,0.44,0.43,0.24,0.17,0.35,0.3,0.27,0.23,0.33,0.22,0.12,0.22,0.11,0.36,0.21,0.19,0.28,0.17,0.26,0.24,0.17,0.13,0.12,0.11,0.13,0.13,0.26,0.11,0.14,0.36,0.2,0.17,0.41,0.33,0.23,0.32,0.21,0.26,0.21,0.43,0.32,0.26
"3R-methylglutamic_acid",0.27,0.26,0.31,0.25,0.27,0.19,0.17,0.11,0.25,0.52,0.35,0.14,0.11,0.23,0.32,0.32,0.3,0.41,0.09,0.32,0.33,0.38,0.23,0.1,0.11,0.21,0.33,0.27,0.23,0.25,0.36,0.31,0.22,0.31,0.31,0.31,0.32,0.2,0.24,0.27,0.11,0.24,0.23,0.22,0.14,0.17,0.08,0.14,0.23,0.14,0.37,0.4,0.43,0.24,0.46,0.11,0.1,0.24,0.32,0.15,0.39,0.46,0.2,0.41,0.31,0.4,1.0,0.22,0.38,0.5,0.48,0.14,0.24,0.12,0.19,0.25,0.1,0.24,0.12,0.29,0.24,0.14,0.2,0.14,0.18,0.42,0.11,0.15,0.29,0.12,0.27,0.15,0.12,0.13,0.24,0.13,0.19,0.23,0.17,0.14,0.19,0.11,0.09,0.19,0.11,0.14,0.14,0.18,0.08,0.2,0.28,0.22,0.21,0.21,0.31,0.24,0.28,0.27,0.26,0.23,0.26,0.13,0.29,0.29,0.35,0.33,0.13,0.26,0.25,0.23,0.45,0.29,0.15,0.26,0.14,0.37,0.5,0.12,0.13,0.12,0.27,0.26,0.35,0.31,0.29,0.37,0.39,0.26,0.27,0.1,0.2,0.11,0.26,0.13,0.11,0.3,0.33,0.14,0.11,0.21,0.08,0.24,0.22,0.25,0.16,0.36,0.3,0.3,0.28,0.11,0.24,0.23,0.32,0.24,0.11,0.62,0.23,0.26,0.35,0.41,0.24,0.18,0.29,0.4,0.27,0.23,0.37,0.28,0.11,0.19,0.1,0.3,0.18,0.16,0.27,0.18,0.26,0.21,0.15,0.11,0.11,0.1,0.11,0.11,0.21,0.1,0.12,0.35,0.21,0.14,0.5,0.32,0.19,0.42,0.21,0.26,0.15,0.52,0.27,0.26
"3S-cyclohex-2-enylalanine",0.2,0.27,0.25,0.14,0.24,0.2,0.16,0.22,0.12,0.22,0.33,0.14,0.11,0.16,0.31,0.18,0.23,0.19,0.1,0.26,0.29,0.32,0.14,0.15,0.12,0.16,0.18,0.14,0.15,0.16,0.18,0.16,0.28,0.28,0.28,0.28,0.18,0.12,0.28,0.21,0.12,0.22,0.36,0.26,0.13,0.16,0.16,0.13,0.26,0.13,0.21,0.22,0.22,0.25,0.21,0.11,0.1,0.27,0.21,0.12,0.2,0.21,0.24,0.24,0.22,0.22,0.22,1.0,0.13,0.22,0.21,0.16,0.24,0.1,0.13,0.16,0.1,0.25,0.12,0.29,0.22,0.16,0.21,0.14,0.21,0.19,0.14,0.15,0.29,0.12,0.28,0.15,0.12,0.15,0.15,0.13,0.23,0.24,0.11,0.17,0.23,0.09,0.09,0.23,0.13,0.11,0.19,0.11,0.1,0.12,0.15,0.17,0.17,0.22,0.25,0.2,0.25,0.28,0.27,0.24,0.27,0.13,0.18,0.17,0.21,0.2,0.15,0.49,0.2,0.12,0.24,0.14,0.14,0.26,0.11,0.31,0.32,0.18,0.13,0.12,0.17,0.19,0.12,0.21,0.2,0.19,0.21,0.13,0.14,0.1,0.23,0.12,0.26,0.11,0.11,0.3,0.32,0.14,0.11,0.13,0.11,0.12,0.34,0.15,0.12,0.31,0.3,0.18,0.25,0.1,0.15,0.27,0.31,0.28,0.14,0.23,0.15,0.27,0.18,0.31,0.12,0.12,0.29,0.19,0.17,0.27,0.28,0.21,0.11,0.18,0.12,0.3,0.17,0.15,0.31,0.17,0.23,0.19,0.17,0.2,0.19,0.13,0.2,0.12,0.12,0.1,0.12,0.33,0.13,0.11,0.22,0.28,0.12,0.19,0.24,0.29,0.12,0.22,0.15,0.13
"3S-hydroxy-4R-methyloctanoic_acid",0.17,0.24,0.28,0.26,0.28,0.12,0.12,0.1,0.44,0.22,0.18,0.1,0.1,0.42,0.21,0.28,0.16,0.18,0.05,0.26,0.26,0.25,0.16,0.09,0.1,0.19,0.29,0.23,0.17,0.18,0.35,0.27,0.17,0.35,0.35,0.35,0.28,0.14,0.19,0.15,0.1,0.12,0.13,0.13,0.1,0.1,0.05,0.12,0.14,0.1,0.17,0.18,0.26,0.15,0.24,0.1,0.09,0.13,0.17,0.11,0.16,0.2,0.12,0.24,0.19,0.26,0.38,0.13,1.0,0.21,0.21,0.12,0.13,0.11,0.15,0.22,0.09,0.15,0.11,0.19,0.12,0.12,0.12,0.12,0.1,0.24,0.1,0.19,0.19,0.11,0.21,0.14,0.11,0.12,0.18,0.09,0.11,0.14,0.15,0.13,0.11,0.1,0.08,0.11,0.1,0.12,0.12,0.16,0.1,0.18,0.21,0.17,0.16,0.13,0.22,0.18,0.19,0.21,0.21,0.14,0.16,0.12,0.2,0.14,0.24,0.23,0.11,0.13,0.12,0.19,0.24,0.17,0.1,0.2,0.12,0.21,0.29,0.11,0.12,0.09,0.19,0.14,0.85,0.15,0.14,0.32,0.18,0.23,0.32,0.09,0.1,0.1,0.2,0.12,0.1,0.16,0.18,0.1,0.08,0.15,0.1,0.21,0.12,0.21,0.14,0.24,0.19,0.21,0.19,0.1,0.18,0.13,0.21,0.16,0.1,0.3,0.21,0.16,0.3,0.24,0.14,0.28,0.22,0.34,0.19,0.13,0.22,0.2,0.1,0.14,0.09,0.23,0.16,0.14,0.15,0.1,0.13,0.18,0.13,0.1,0.1,0.09,0.1,0.1,0.18,0.12,0.11,0.18,0.18,0.1,0.25,0.18,0.24,0.31,0.12,0.14,0.16,0.22,0.2,0.15
"3S-methylaspartic_acid",0.26,0.26,0.27,0.24,0.26,0.18,0.2,0.12,0.21,0.63,0.35,0.16,0.12,0.22,0.32,0.32,0.35,0.48,0.1,0.29,0.29,0.39,0.27,0.11,0.13,0.15,0.28,0.32,0.22,0.19,0.31,0.36,0.21,0.31,0.31,0.31,0.32,0.23,0.24,0.27,0.13,0.28,0.22,0.22,0.15,0.19,0.12,0.15,0.22,0.15,0.43,0.48,0.38,0.21,0.55,0.12,0.11,0.23,0.38,0.17,0.46,0.7,0.19,0.42,0.3,0.41,0.5,0.22,0.21,1.0,0.57,0.16,0.23,0.14,0.21,0.19,0.11,0.21,0.14,0.29,0.28,0.12,0.2,0.16,0.17,0.39,0.12,0.14,0.29,0.13,0.27,0.17,0.14,0.14,0.19,0.15,0.18,0.22,0.16,0.16,0.18,0.12,0.1,0.18,0.12,0.15,0.15,0.12,0.09,0.14,0.32,0.21,0.19,0.2,0.31,0.24,0.27,0.27,0.26,0.22,0.26,0.15,0.18,0.32,0.23,0.21,0.12,0.29,0.28,0.28,0.56,0.29,0.17,0.25,0.12,0.32,0.33,0.14,0.15,0.11,0.21,0.28,0.2,0.36,0.33,0.23,0.44,0.2,0.21,0.11,0.22,0.13,0.25,0.12,0.12,0.3,0.33,0.16,0.12,0.25,0.09,0.19,0.21,0.18,0.19,0.31,0.3,0.24,0.27,0.1,0.19,0.22,0.32,0.24,0.1,0.52,0.22,0.22,0.42,0.42,0.23,0.14,0.29,0.24,0.21,0.22,0.32,0.24,0.12,0.21,0.11,0.3,0.2,0.18,0.27,0.16,0.3,0.19,0.13,0.12,0.12,0.11,0.13,0.13,0.25,0.11,0.13,0.35,0.15,0.16,0.6,0.32,0.18,0.25,0.2,0.25,0.14,0.63,0.31,0.25
"3S-methylleucine",0.26,0.25,0.26,0.23,0.26,0.18,0.19,0.12,0.2,0.6,0.33,0.19,0.12,0.21,0.31,0.31,0.38,0.46,0.1,0.28,0.28,0.38,0.26,0.1,0.12,0.15,0.27,0.3,0.21,0.19,0.3,0.41,0.21,0.3,0.3,0.3,0.31,0.22,0.23,0.26,0.12,0.27,0.22,0.21,0.15,0.18,0.09,0.15,0.21,0.15,0.42,0.45,0.37,0.2,0.59,0.11,0.1,0.22,0.36,0.16,0.44,0.52,0.19,0.4,0.29,0.39,0.48,0.21,0.21,0.57,1.0,0.15,0.22,0.13,0.21,0.19,0.1,0.2,0.14,0.28,0.27,0.12,0.19,0.15,0.16,0.38,0.12,0.13,0.28,0.13,0.26,0.17,0.13,0.14,0.18,0.14,0.18,0.22,0.15,0.16,0.18,0.12,0.1,0.18,0.12,0.15,0.15,0.12,0.09,0.14,0.36,0.2,0.19,0.2,0.3,0.23,0.26,0.26,0.25,0.21,0.25,0.14,0.18,0.32,0.22,0.21,0.14,0.28,0.27,0.26,0.53,0.27,0.16,0.24,0.11,0.31,0.32,0.14,0.15,0.11,0.2,0.28,0.19,0.34,0.32,0.23,0.43,0.19,0.2,0.11,0.21,0.12,0.24,0.11,0.12,0.29,0.32,0.15,0.12,0.24,0.11,0.18,0.21,0.17,0.18,0.3,0.29,0.23,0.26,0.1,0.18,0.22,0.31,0.23,0.1,0.5,0.21,0.22,0.4,0.4,0.22,0.13,0.28,0.23,0.2,0.22,0.31,0.24,0.12,0.21,0.11,0.29,0.19,0.17,0.26,0.16,0.29,0.19,0.12,0.12,0.12,0.11,0.12,0.12,0.24,0.11,0.13,0.33,0.14,0.16,0.57,0.31,0.17,0.24,0.2,0.24,0.13,0.68,0.4,0.29
"3S-methylproline",0.08,0.1,0.12,0.14,0.12,0.09,0.17,0.24,0.12,0.16,0.12,0.11,0.11,0.13,0.15,0.15,0.18,0.14,0.09,0.11,0.11,0.16,0.18,0.24,0.11,0.17,0.16,0.17,0.15,0.12,0.15,0.17,0.13,0.13,0.13,0.13,0.15,0.16,0.09,0.1,0.11,0.11,0.14,0.09,0.1,0.1,0.17,0.48,0.1,0.1,0.12,0.12,0.11,0.11,0.15,0.1,0.09,0.09,0.15,0.12,0.18,0.15,0.08,0.11,0.09,0.16,0.14,0.16,0.12,0.16,0.15,1.0,0.09,0.15,0.13,0.12,0.09,0.11,0.12,0.11,0.11,0.11,0.11,0.35,0.09,0.12,0.28,0.27,0.11,0.26,0.1,0.34,0.27,0.32,0.12,0.1,0.1,0.1,0.14,0.37,0.1,0.11,0.11,0.1,0.21,0.13,0.34,0.11,0.18,0.12,0.15,0.12,0.12,0.09,0.12,0.1,0.09,0.1,0.1,0.1,0.11,0.33,0.09,0.12,0.1,0.1,0.07,0.16,0.16,0.22,0.18,0.07,0.11,0.1,0.02,0.12,0.12,0.48,0.13,0.1,0.13,0.1,0.12,0.1,0.1,0.11,0.13,0.17,0.17,0.1,0.19,0.11,0.1,0.1,0.11,0.11,0.12,0.11,0.11,0.17,0.16,0.16,0.16,0.15,0.15,0.11,0.11,0.15,0.09,0.09,0.12,0.11,0.12,0.09,0.11,0.14,0.15,0.11,0.19,0.15,0.06,0.12,0.11,0.12,0.13,0.09,0.14,0.1,0.11,0.26,0.17,0.11,0.11,0.12,0.1,0.05,0.11,0.11,0.11,0.37,0.31,0.12,0.38,0.14,0.2,0.1,0.11,0.12,0.12,0.11,0.16,0.14,0.15,0.13,0.1,0.1,0.12,0.16,0.15,0.06
"4,5-dehydroarginine",0.18,0.28,0.26,0.18,0.42,0.21,0.14,0.09,0.13,0.24,0.35,0.12,0.09,0.16,0.33,0.19,0.21,0.23,0.07,0.24,0.31,0.34,0.15,0.08,0.1,0.14,0.16,0.14,0.16,0.17,0.22,0.17,0.24,0.29,0.29,0.29,0.19,0.13,0.29,0.29,0.1,0.2,0.25,0.24,0.11,0.14,0.07,0.09,0.22,0.11,0.26,0.24,0.27,0.23,0.22,0.09,0.08,0.26,0.22,0.1,0.21,0.25,0.22,0.25,0.2,0.24,0.24,0.24,0.13,0.23,0.22,0.09,1.0,0.1,0.12,0.17,0.08,0.23,0.1,0.34,0.2,0.12,0.2,0.09,0.2,0.29,0.09,0.1,0.31,0.08,0.29,0.1,0.1,0.09,0.16,0.11,0.21,0.22,0.09,0.09,0.21,0.09,0.08,0.21,0.08,0.09,0.09,0.15,0.06,0.19,0.19,0.18,0.17,0.21,0.26,0.24,0.29,0.32,0.32,0.24,0.25,0.09,0.17,0.15,0.2,0.19,0.14,0.17,0.16,0.13,0.26,0.15,0.12,0.34,0.17,0.38,0.34,0.1,0.11,0.08,0.18,0.15,0.13,0.2,0.19,0.2,0.19,0.14,0.14,0.11,0.17,0.12,0.34,0.13,0.12,0.31,0.34,0.17,0.14,0.17,0.06,0.13,0.24,0.16,0.16,0.32,0.35,0.19,0.26,0.12,0.19,0.25,0.33,0.26,0.1,0.28,0.16,0.25,0.19,0.32,0.13,0.15,0.31,0.2,0.25,0.25,0.3,0.27,0.09,0.12,0.07,0.31,0.15,0.13,0.29,0.15,0.21,0.17,0.12,0.09,0.09,0.09,0.1,0.1,0.12,0.09,0.1,0.35,0.17,0.18,0.23,0.5,0.19,0.21,0.23,0.28,0.13,0.24,0.15,0.14
"4-acetamidopyrrole-2-carboxylic_acid",0.12,0.09,0.11,0.12,0.1,0.11,0.11,0.15,0.11,0.14,0.11,0.18,0.18,0.11,0.1,0.13,0.12,0.15,0.08,0.1,0.1,0.14,0.15,0.11,0.22,0.11,0.14,0.15,0.13,0.14,0.13,0.14,0.08,0.12,0.12,0.12,0.13,0.17,0.13,0.09,0.22,0.18,0.08,0.15,0.17,0.2,0.09,0.14,0.18,0.2,0.1,0.11,0.1,0.12,0.13,0.17,0.18,0.18,0.13,0.18,0.12,0.13,0.15,0.1,0.13,0.14,0.12,0.1,0.11,0.14,0.13,0.15,0.1,1.0,0.19,0.11,0.18,0.14,0.2,0.1,0.18,0.15,0.18,0.15,0.16,0.1,0.12,0.13,0.1,0.15,0.09,0.16,0.13,0.14,0.11,0.2,0.19,0.18,0.24,0.15,0.17,0.19,0.25,0.19,0.17,0.2,0.14,0.12,0.16,0.14,0.16,0.19,0.18,0.12,0.13,0.11,0.08,0.12,0.11,0.15,0.17,0.14,0.12,0.2,0.17,0.16,0.08,0.1,0.12,0.22,0.15,0.06,0.18,0.09,0.02,0.1,0.11,0.14,0.21,0.16,0.11,0.15,0.11,0.14,0.14,0.09,0.17,0.14,0.15,0.16,0.12,0.15,0.11,0.21,0.15,0.1,0.11,0.15,0.19,0.18,0.17,0.14,0.12,0.12,0.13,0.1,0.1,0.12,0.08,0.18,0.11,0.17,0.1,0.13,0.2,0.12,0.13,0.12,0.16,0.13,0.05,0.13,0.1,0.11,0.15,0.17,0.12,0.13,0.18,0.13,0.15,0.1,0.15,0.19,0.17,0.1,0.18,0.15,0.15,0.12,0.12,0.19,0.12,0.32,0.21,0.16,0.19,0.11,0.11,0.1,0.14,0.12,0.13,0.11,0.18,0.16,0.21,0.14,0.13,0.05
"4-amino-2-hydroxy-3-isopropoxybenzoic_acid",0.19,0.13,0.14,0.16,0.14,0.16,0.16,0.11,0.15,0.22,0.15,0.55,0.39,0.13,0.15,0.18,0.2,0.19,0.15,0.16,0.14,0.18,0.17,0.1,0.26,0.1,0.18,0.19,0.15,0.12,0.17,0.19,0.11,0.16,0.16,0.16,0.18,0.15,0.19,0.16,0.22,0.21,0.12,0.18,0.44,0.3,0.11,0.13,0.23,0.33,0.15,0.15,0.14,0.24,0.2,0.21,0.19,0.21,0.18,0.33,0.2,0.2,0.19,0.14,0.21,0.22,0.19,0.13,0.15,0.21,0.21,0.13,0.12,0.19,1.0,0.12,0.19,0.3,0.24,0.14,0.24,0.19,0.21,0.13,0.17,0.16,0.11,0.12,0.14,0.14,0.13,0.14,0.12,0.15,0.12,0.36,0.18,0.24,0.21,0.14,0.2,0.22,0.23,0.18,0.2,0.24,0.13,0.09,0.14,0.1,0.18,0.2,0.21,0.2,0.14,0.12,0.12,0.13,0.13,0.21,0.23,0.15,0.2,0.24,0.21,0.23,0.12,0.13,0.18,0.16,0.24,0.14,0.36,0.12,0.06,0.15,0.15,0.12,0.22,0.17,0.13,0.23,0.14,0.21,0.23,0.13,0.26,0.13,0.13,0.17,0.18,0.17,0.12,0.19,0.19,0.14,0.15,0.19,0.17,0.16,0.14,0.12,0.18,0.11,0.11,0.14,0.14,0.14,0.12,0.17,0.12,0.18,0.15,0.22,0.16,0.2,0.15,0.26,0.21,0.2,0.12,0.12,0.14,0.12,0.13,0.21,0.16,0.12,0.19,0.14,0.31,0.14,0.22,0.27,0.21,0.16,0.22,0.19,0.17,0.11,0.11,0.17,0.11,0.22,0.15,0.2,0.3,0.15,0.1,0.11,0.21,0.16,0.12,0.13,0.19,0.23,0.22,0.22,0.2,0.13
"4-aminobutyric_acid",0.15,0.19,0.24,0.17,0.2,0.12,0.21,0.13,0.33,0.2,0.3,0.16,0.13,0.19,0.33,0.19,0.17,0.16,0.1,0.16,0.46,0.24,0.23,0.11,0.13,0.38,0.19,0.17,0.23,0.3,0.18,0.16,0.22,0.23,0.23,0.23,0.19,0.19,0.21,0.28,0.13,0.16,0.16,0.16,0.16,0.16,0.12,0.12,0.14,0.16,0.19,0.2,0.21,0.15,0.18,0.12,0.11,0.17,0.19,0.14,0.17,0.18,0.14,0.27,0.17,0.3,0.25,0.16,0.22,0.19,0.19,0.12,0.17,0.11,0.12,1.0,0.11,0.15,0.15,0.21,0.16,0.16,0.15,0.12,0.12,0.2,0.13,0.14,0.21,0.11,0.28,0.14,0.11,0.11,0.48,0.15,0.13,0.14,0.12,0.13,0.13,0.1,0.1,0.13,0.1,0.12,0.12,0.3,0.07,0.24,0.14,0.14,0.14,0.13,0.21,0.19,0.21,0.23,0.23,0.14,0.16,0.12,0.19,0.12,0.23,0.22,0.07,0.13,0.12,0.22,0.23,0.13,0.17,0.22,0.12,0.23,0.29,0.15,0.16,0.11,0.65,0.11,0.21,0.16,0.15,0.44,0.15,0.26,0.4,0.11,0.13,0.13,0.22,0.12,0.12,0.21,0.24,0.16,0.12,0.21,0.07,0.35,0.15,0.32,0.2,0.38,0.26,0.47,0.21,0.12,0.29,0.16,0.23,0.17,0.13,0.21,0.23,0.16,0.18,0.22,0.11,0.32,0.4,0.25,0.33,0.16,0.2,0.19,0.12,0.18,0.09,0.42,0.13,0.19,0.19,0.13,0.17,0.16,0.17,0.13,0.12,0.11,0.13,0.13,0.2,0.11,0.14,0.25,0.36,0.17,0.19,0.24,0.19,0.26,0.15,0.18,0.14,0.2,0.14,0.12
"4-hydroxy-3-nitrobenzoic_acid",0.26,0.09,0.08,0.1,0.08,0.11,0.14,0.12,0.09,0.11,0.11,0.24,0.28,0.09,0.1,0.1,0.1,0.09,0.1,0.08,0.1,0.11,0.12,0.08,0.22,0.14,0.14,0.11,0.1,0.17,0.1,0.11,0.08,0.09,0.09,0.09,0.1,0.11,0.16,0.09,0.55,0.21,0.17,0.15,0.3,0.5,0.07,0.09,0.18,0.45,0.1,0.11,0.1,0.19,0.1,0.26,0.27,0.26,0.1,0.21,0.1,0.1,0.5,0.1,0.18,0.11,0.1,0.1,0.09,0.11,0.1,0.09,0.08,0.18,0.19,0.11,1.0,0.19,0.4,0.1,0.21,0.24,0.12,0.09,0.27,0.08,0.1,0.08,0.1,0.08,0.09,0.13,0.08,0.09,0.11,0.22,0.15,0.23,0.27,0.12,0.13,0.21,0.22,0.17,0.19,0.26,0.12,0.1,0.13,0.11,0.1,0.16,0.18,0.12,0.08,0.09,0.08,0.09,0.09,0.13,0.15,0.09,0.17,0.13,0.17,0.19,0.08,0.1,0.1,0.14,0.12,0.03,0.22,0.09,0.02,0.1,0.11,0.11,0.33,0.19,0.11,0.18,0.08,0.17,0.19,0.09,0.17,0.11,0.11,0.28,0.1,0.18,0.09,0.21,0.21,0.1,0.11,0.18,0.14,0.11,0.11,0.11,0.1,0.12,0.13,0.1,0.1,0.12,0.08,0.18,0.11,0.12,0.1,0.18,0.2,0.1,0.1,0.15,0.12,0.1,0.02,0.13,0.1,0.11,0.11,0.2,0.09,0.09,0.27,0.1,0.18,0.1,0.21,0.34,0.17,0.12,0.18,0.18,0.22,0.1,0.09,0.35,0.1,0.22,0.13,0.19,0.29,0.11,0.11,0.1,0.11,0.09,0.13,0.11,0.16,0.19,0.24,0.11,0.13,0.03
"4-hydroxy-D-kynurenine",0.24,0.26,0.24,0.13,0.23,0.24,0.15,0.11,0.12,0.21,0.31,0.33,0.24,0.15,0.3,0.17,0.19,0.21,0.14,0.28,0.28,0.31,0.13,0.08,0.19,0.12,0.18,0.13,0.14,0.15,0.17,0.15,0.22,0.26,0.26,0.26,0.17,0.12,0.33,0.23,0.22,0.33,0.23,0.3,0.29,0.32,0.08,0.08,0.3,0.29,0.2,0.21,0.24,0.55,0.2,0.18,0.19,0.38,0.2,0.21,0.22,0.2,0.33,0.22,0.35,0.21,0.24,0.25,0.15,0.21,0.2,0.11,0.23,0.14,0.3,0.15,0.19,1.0,0.27,0.31,0.37,0.27,0.25,0.08,0.25,0.18,0.09,0.1,0.31,0.07,0.29,0.09,0.08,0.08,0.15,0.29,0.29,0.33,0.21,0.09,0.29,0.17,0.18,0.29,0.24,0.18,0.08,0.13,0.1,0.12,0.14,0.22,0.29,0.26,0.24,0.2,0.24,0.26,0.26,0.27,0.31,0.08,0.33,0.21,0.29,0.38,0.16,0.18,0.2,0.12,0.23,0.14,0.28,0.25,0.1,0.37,0.38,0.12,0.18,0.14,0.16,0.23,0.14,0.26,0.34,0.21,0.26,0.12,0.13,0.2,0.2,0.16,0.25,0.17,0.24,0.28,0.31,0.18,0.15,0.12,0.1,0.12,0.27,0.14,0.11,0.29,0.28,0.17,0.24,0.15,0.15,0.28,0.3,0.42,0.15,0.22,0.14,0.64,0.17,0.32,0.12,0.12,0.28,0.21,0.16,0.44,0.27,0.2,0.16,0.11,0.18,0.28,0.31,0.23,0.36,0.21,0.28,0.24,0.19,0.09,0.08,0.17,0.09,0.16,0.11,0.15,0.22,0.31,0.12,0.11,0.24,0.27,0.12,0.22,0.29,0.45,0.19,0.21,0.17,0.12
"4-hydroxybenzoic_acid",0.17,0.11,0.11,0.12,0.1,0.14,0.2,0.16,0.11,0.15,0.15,0.32,0.33,0.11,0.14,0.14,0.13,0.16,0.14,0.1,0.12,0.14,0.17,0.11,0.3,0.15,0.14,0.16,0.14,0.15,0.13,0.15,0.1,0.12,0.12,0.12,0.14,0.14,0.2,0.12,0.52,0.28,0.1,0.18,0.31,0.46,0.09,0.12,0.16,0.46,0.14,0.15,0.12,0.21,0.13,0.31,0.27,0.23,0.14,0.24,0.17,0.13,0.19,0.13,0.34,0.15,0.12,0.12,0.11,0.14,0.14,0.12,0.1,0.2,0.24,0.15,0.4,0.27,1.0,0.12,0.42,0.42,0.15,0.12,0.14,0.1,0.12,0.11,0.12,0.1,0.12,0.13,0.11,0.11,0.14,0.26,0.16,0.2,0.28,0.12,0.16,0.21,0.22,0.16,0.28,0.31,0.12,0.16,0.13,0.14,0.14,0.21,0.34,0.15,0.11,0.11,0.11,0.12,0.11,0.16,0.19,0.11,0.29,0.17,0.23,0.38,0.07,0.12,0.12,0.21,0.17,0.04,0.3,0.11,0.03,0.14,0.14,0.14,0.58,0.24,0.16,0.16,0.11,0.23,0.38,0.12,0.22,0.15,0.16,0.25,0.12,0.25,0.11,0.2,0.42,0.13,0.14,0.23,0.18,0.15,0.13,0.14,0.12,0.18,0.19,0.13,0.13,0.18,0.11,0.17,0.14,0.16,0.14,0.35,0.18,0.13,0.14,0.19,0.17,0.13,0.03,0.14,0.12,0.15,0.16,0.26,0.12,0.11,0.37,0.13,0.22,0.13,0.44,0.57,0.23,0.16,0.25,0.23,0.25,0.12,0.12,0.38,0.13,0.3,0.19,0.25,0.36,0.15,0.15,0.12,0.14,0.12,0.14,0.15,0.17,0.38,0.24,0.15,0.17,0.03
"4-hydroxyglutamine",0.24,0.39,0.31,0.18,0.31,0.22,0.17,0.11,0.15,0.3,0.46,0.14,0.11,0.23,0.42,0.37,0.26,0.24,0.09,0.4,0.38,0.44,0.19,0.1,0.11,0.17,0.2,0.18,0.19,0.21,0.27,0.26,0.28,0.35,0.35,0.35,0.37,0.16,0.31,0.27,0.11,0.24,0.3,0.29,0.14,0.17,0.08,0.11,0.26,0.14,0.42,0.35,0.38,0.31,0.31,0.11,0.1,0.31,0.28,0.12,0.26,0.36,0.26,0.36,0.27,0.3,0.29,0.29,0.19,0.29,0.28,0.11,0.34,0.1,0.14,0.21,0.1,0.31,0.12,1.0,0.24,0.14,0.23,0.11,0.22,0.27,0.11,0.12,0.54,0.09,0.5,0.12,0.1,0.1,0.2,0.13,0.24,0.26,0.11,0.11,0.24,0.09,0.09,0.24,0.09,0.11,0.11,0.14,0.07,0.16,0.19,0.18,0.18,0.24,0.31,0.24,0.31,0.35,0.34,0.26,0.3,0.1,0.2,0.18,0.24,0.22,0.13,0.22,0.22,0.17,0.33,0.19,0.15,0.38,0.2,0.54,0.5,0.12,0.13,0.1,0.22,0.2,0.18,0.27,0.26,0.24,0.23,0.17,0.18,0.1,0.2,0.11,0.38,0.11,0.11,0.39,0.44,0.17,0.13,0.21,0.07,0.16,0.28,0.2,0.16,0.41,0.44,0.25,0.31,0.09,0.24,0.3,0.42,0.31,0.11,0.3,0.19,0.33,0.29,0.52,0.2,0.12,0.38,0.35,0.27,0.3,0.37,0.25,0.11,0.15,0.08,0.39,0.21,0.16,0.35,0.18,0.26,0.28,0.15,0.11,0.11,0.1,0.11,0.11,0.16,0.1,0.12,0.46,0.17,0.14,0.33,0.37,0.16,0.26,0.27,0.33,0.12,0.3,0.19,0.17
"4-hydroxyphenylglycine",0.26,0.22,0.21,0.14,0.2,0.21,0.21,0.14,0.12,0.29,0.29,0.27,0.24,0.16,0.27,0.19,0.25,0.27,0.15,0.19,0.24,0.28,0.18,0.09,0.21,0.13,0.16,0.17,0.15,0.2,0.18,0.21,0.19,0.23,0.23,0.23,0.23,0.16,0.31,0.23,0.25,0.62,0.2,0.28,0.26,0.3,0.11,0.1,0.25,0.26,0.27,0.29,0.24,0.3,0.26,0.23,0.21,0.33,0.27,0.21,0.29,0.26,0.28,0.26,0.45,0.24,0.24,0.22,0.12,0.28,0.27,0.11,0.2,0.18,0.24,0.16,0.21,0.37,0.42,0.24,1.0,0.35,0.22,0.11,0.22,0.2,0.11,0.09,0.24,0.09,0.23,0.11,0.09,0.1,0.16,0.22,0.24,0.29,0.2,0.11,0.27,0.16,0.16,0.27,0.24,0.23,0.1,0.14,0.12,0.12,0.19,0.24,0.37,0.23,0.21,0.16,0.21,0.23,0.22,0.25,0.29,0.1,0.35,0.26,0.34,0.55,0.13,0.22,0.21,0.17,0.32,0.14,0.25,0.22,0.1,0.27,0.28,0.12,0.25,0.18,0.17,0.28,0.12,0.39,0.61,0.2,0.38,0.13,0.13,0.22,0.22,0.21,0.22,0.15,0.35,0.25,0.28,0.24,0.18,0.17,0.12,0.12,0.24,0.15,0.15,0.26,0.25,0.19,0.21,0.13,0.16,0.26,0.27,0.47,0.16,0.25,0.15,0.29,0.23,0.26,0.12,0.12,0.24,0.2,0.17,0.36,0.24,0.17,0.2,0.15,0.17,0.25,0.58,0.27,0.34,0.24,0.67,0.27,0.21,0.11,0.11,0.18,0.11,0.25,0.15,0.18,0.26,0.29,0.12,0.14,0.28,0.24,0.12,0.21,0.26,0.5,0.18,0.29,0.22,0.13
"4-hydroxyphenylpyruvic_acid",0.26,0.13,0.12,0.14,0.12,0.15,0.17,0.14,0.12,0.12,0.16,0.24,0.24,0.13,0.15,0.19,0.11,0.14,0.12,0.11,0.14,0.16,0.14,0.09,0.21,0.3,0.28,0.17,0.15,0.16,0.15,0.13,0.11,0.13,0.13,0.13,0.15,0.12,0.24,0.13,0.25,0.24,0.17,0.22,0.23,0.23,0.08,0.1,0.2,0.23,0.12,0.12,0.14,0.21,0.11,0.23,0.21,0.3,0.12,0.18,0.14,0.11,0.28,0.15,0.41,0.16,0.14,0.16,0.12,0.12,0.12,0.11,0.12,0.15,0.19,0.16,0.24,0.27,0.42,0.14,0.35,1.0,0.15,0.11,0.17,0.12,0.11,0.12,0.14,0.09,0.13,0.11,0.09,0.1,0.16,0.19,0.16,0.26,0.2,0.11,0.16,0.16,0.16,0.16,0.24,0.23,0.1,0.17,0.12,0.16,0.12,0.24,0.41,0.16,0.12,0.1,0.12,0.13,0.13,0.22,0.26,0.1,0.28,0.15,0.23,0.36,0.1,0.11,0.11,0.17,0.14,0.07,0.21,0.12,0.05,0.15,0.16,0.12,0.25,0.18,0.17,0.15,0.12,0.19,0.32,0.14,0.19,0.17,0.17,0.22,0.11,0.21,0.12,0.18,0.35,0.14,0.16,0.24,0.18,0.17,0.12,0.16,0.13,0.19,0.15,0.15,0.14,0.19,0.12,0.15,0.16,0.17,0.15,0.42,0.35,0.14,0.15,0.2,0.14,0.15,0.06,0.15,0.14,0.16,0.17,0.29,0.14,0.1,0.2,0.11,0.17,0.14,0.37,0.23,0.26,0.21,0.21,0.27,0.67,0.14,0.11,0.18,0.11,0.21,0.2,0.18,0.26,0.16,0.16,0.11,0.12,0.14,0.15,0.17,0.18,0.45,0.21,0.12,0.15,0.06
"4-methoxytryptophan",0.22,0.22,0.25,0.13,0.22,0.33,0.1,0.09,0.14,0.2,0.26,0.15,0.18,0.15,0.24,0.17,0.18,0.22,0.08,0.21,0.26,0.28,0.13,0.08,0.16,0.13,0.15,0.16,0.14,0.12,0.16,0.15,0.21,0.24,0.24,0.24,0.17,0.12,0.3,0.17,0.14,0.2,0.2,0.33,0.15,0.17,0.09,0.11,0.35,0.15,0.17,0.17,0.18,0.3,0.19,0.15,0.14,0.32,0.19,0.35,0.23,0.19,0.28,0.19,0.25,0.2,0.2,0.21,0.12,0.2,0.19,0.11,0.2,0.18,0.21,0.15,0.12,0.25,0.15,0.23,0.22,0.15,1.0,0.11,0.61,0.2,0.09,0.14,0.23,0.12,0.22,0.12,0.1,0.11,0.15,0.15,0.53,0.44,0.13,0.11,0.44,0.11,0.21,0.5,0.13,0.2,0.11,0.11,0.27,0.1,0.14,0.25,0.22,0.41,0.23,0.21,0.2,0.22,0.22,0.33,0.43,0.11,0.19,0.36,0.24,0.21,0.14,0.15,0.17,0.12,0.21,0.14,0.18,0.21,0.11,0.24,0.25,0.1,0.18,0.14,0.18,0.24,0.12,0.24,0.21,0.18,0.27,0.13,0.16,0.12,0.17,0.16,0.21,0.13,0.13,0.23,0.25,0.18,0.27,0.13,0.28,0.15,0.23,0.11,0.09,0.27,0.26,0.14,0.2,0.13,0.12,0.34,0.24,0.27,0.33,0.21,0.14,0.29,0.16,0.27,0.12,0.14,0.23,0.15,0.13,0.37,0.25,0.19,0.15,0.12,0.14,0.23,0.18,0.17,0.39,0.23,0.26,0.25,0.18,0.09,0.09,0.15,0.09,0.21,0.12,0.15,0.16,0.26,0.12,0.09,0.2,0.28,0.12,0.15,0.61,0.34,0.16,0.2,0.16,0.13
"4-methylproline",0.08,0.1,0.12,0.14,0.12,0.09,0.17,0.21,0.12,0.16,0.12,0.11,0.11,0.13,0.15,0.15,0.18,0.14,0.09,0.11,0.11,0.16,0.18,0.31,0.11,0.13,0.16,0.17,0.15,0.12,0.15,0.17,0.13,0.13,0.13,0.13,0.15,0.16,0.09,0.1,0.11,0.11,0.17,0.09,0.1,0.1,0.14,0.39,0.1,0.1,0.12,0.12,0.11,0.08,0.15,0.1,0.09,0.09,0.19,0.12,0.14,0.15,0.08,0.11,0.09,0.16,0.14,0.14,0.12,0.16,0.15,0.35,0.09,0.15,0.13,0.12,0.09,0.08,0.12,0.11,0.11,0.11,0.11,1.0,0.09,0.12,0.58,0.52,0.11,0.37,0.1,0.5,0.52,0.41,0.12,0.1,0.1,0.1,0.14,0.41,0.1,0.11,0.11,0.1,0.28,0.13,0.39,0.11,0.16,0.12,0.15,0.12,0.12,0.09,0.12,0.1,0.09,0.1,0.1,0.1,0.11,0.29,0.09,0.12,0.1,0.1,0.08,0.14,0.16,0.22,0.18,0.07,0.11,0.1,0.02,0.12,0.12,0.42,0.13,0.1,0.13,0.1,0.12,0.1,0.1,0.11,0.13,0.17,0.17,0.1,0.16,0.11,0.1,0.1,0.11,0.11,0.12,0.11,0.11,0.17,0.18,0.19,0.16,0.15,0.15,0.11,0.11,0.15,0.09,0.09,0.12,0.11,0.12,0.09,0.11,0.14,0.15,0.09,0.19,0.15,0.06,0.12,0.11,0.12,0.13,0.09,0.14,0.1,0.11,0.26,0.17,0.11,0.11,0.12,0.1,0.05,0.11,0.11,0.11,0.37,0.31,0.12,0.38,0.14,0.2,0.1,0.11,0.12,0.12,0.11,0.16,0.14,0.15,0.13,0.1,0.1,0.12,0.16,0.15,0.06
"4-nitrotryptophan",0.33,0.21,0.2,0.11,0.2,0.3,0.1,0.09,0.1,0.17,0.25,0.15,0.18,0.12,0.24,0.14,0.16,0.17,0.08,0.19,0.22,0.24,0.11,0.08,0.16,0.12,0.14,0.13,0.12,0.12,0.14,0.12,0.19,0.22,0.22,0.22,0.14,0.1,0.29,0.17,0.13,0.2,0.28,0.33,0.15,0.17,0.09,0.09,0.25,0.15,0.16,0.17,0.18,0.29,0.16,0.15,0.14,0.31,0.16,0.18,0.16,0.16,0.45,0.18,0.24,0.17,0.18,0.21,0.1,0.17,0.16,0.09,0.2,0.16,0.17,0.12,0.27,0.25,0.14,0.22,0.22,0.17,0.61,0.09,1.0,0.16,0.09,0.1,0.22,0.08,0.22,0.09,0.08,0.08,0.12,0.15,0.49,0.28,0.11,0.09,0.41,0.09,0.21,0.46,0.13,0.17,0.09,0.09,0.27,0.1,0.12,0.23,0.2,0.33,0.2,0.17,0.2,0.24,0.24,0.28,0.31,0.09,0.19,0.38,0.24,0.21,0.14,0.15,0.17,0.09,0.18,0.11,0.18,0.21,0.11,0.24,0.24,0.1,0.17,0.14,0.15,0.16,0.1,0.24,0.21,0.17,0.24,0.1,0.1,0.12,0.17,0.16,0.23,0.11,0.13,0.23,0.24,0.17,0.29,0.1,0.25,0.1,0.23,0.11,0.09,0.23,0.23,0.14,0.2,0.1,0.12,0.33,0.24,0.27,0.38,0.18,0.12,0.28,0.13,0.23,0.1,0.12,0.22,0.15,0.13,0.36,0.22,0.17,0.15,0.09,0.12,0.23,0.18,0.16,0.38,0.22,0.26,0.24,0.2,0.09,0.09,0.14,0.09,0.2,0.09,0.14,0.16,0.25,0.1,0.09,0.17,0.22,0.1,0.15,0.6,0.33,0.14,0.17,0.14,0.1
"4R-E-butenyl-4R-methylthreonine",0.26,0.25,0.29,0.24,0.32,0.19,0.14,0.09,0.21,0.4,0.27,0.12,0.09,0.22,0.26,0.29,0.24,0.37,0.07,0.27,0.27,0.3,0.18,0.08,0.1,0.17,0.23,0.21,0.19,0.17,0.32,0.28,0.21,0.26,0.26,0.26,0.29,0.16,0.2,0.29,0.1,0.2,0.2,0.19,0.11,0.14,0.07,0.11,0.2,0.11,0.33,0.35,0.34,0.18,0.5,0.09,0.08,0.2,0.26,0.13,0.31,0.36,0.17,0.36,0.29,0.31,0.42,0.19,0.24,0.39,0.38,0.12,0.29,0.1,0.16,0.2,0.08,0.18,0.1,0.27,0.2,0.12,0.2,0.12,0.16,1.0,0.09,0.13,0.27,0.1,0.26,0.12,0.18,0.11,0.19,0.11,0.17,0.2,0.12,0.12,0.17,0.12,0.08,0.17,0.1,0.11,0.11,0.15,0.07,0.16,0.22,0.18,0.17,0.19,0.26,0.26,0.26,0.22,0.22,0.22,0.22,0.11,0.17,0.25,0.2,0.19,0.12,0.24,0.24,0.17,0.39,0.23,0.12,0.21,0.11,0.26,0.26,0.1,0.11,0.08,0.21,0.24,0.23,0.29,0.28,0.2,0.32,0.17,0.21,0.11,0.17,0.12,0.21,0.13,0.12,0.24,0.26,0.14,0.12,0.17,0.09,0.19,0.19,0.16,0.16,0.29,0.28,0.19,0.23,0.14,0.16,0.2,0.26,0.2,0.1,0.44,0.19,0.2,0.31,0.32,0.23,0.2,0.24,0.24,0.18,0.2,0.26,0.24,0.09,0.15,0.09,0.24,0.18,0.13,0.22,0.18,0.21,0.2,0.12,0.09,0.09,0.09,0.1,0.1,0.16,0.09,0.1,0.27,0.2,0.18,0.43,0.55,0.22,0.21,0.18,0.21,0.13,0.4,0.22,0.21
"4R-hydroxyproline",0.08,0.1,0.1,0.11,0.09,0.07,0.17,0.21,0.1,0.13,0.13,0.11,0.11,0.1,0.16,0.12,0.15,0.14,0.09,0.09,0.11,0.12,0.14,0.39,0.11,0.13,0.12,0.14,0.12,0.13,0.12,0.13,0.14,0.11,0.11,0.11,0.12,0.12,0.1,0.11,0.11,0.11,0.17,0.09,0.11,0.11,0.17,0.35,0.08,0.11,0.12,0.13,0.11,0.09,0.12,0.11,0.1,0.09,0.16,0.1,0.11,0.12,0.08,0.12,0.09,0.13,0.11,0.14,0.1,0.12,0.12,0.28,0.09,0.12,0.11,0.13,0.1,0.09,0.12,0.11,0.11,0.11,0.09,0.58,0.09,0.09,1.0,0.48,0.11,0.31,0.11,0.41,0.48,0.33,0.12,0.1,0.1,0.08,0.11,0.33,0.1,0.09,0.11,0.1,0.28,0.11,0.31,0.11,0.14,0.12,0.12,0.1,0.09,0.08,0.1,0.08,0.1,0.11,0.1,0.1,0.09,0.3,0.09,0.1,0.11,0.1,0.08,0.14,0.16,0.17,0.14,0.03,0.11,0.1,0.02,0.12,0.12,0.44,0.13,0.1,0.14,0.08,0.1,0.11,0.1,0.11,0.1,0.13,0.14,0.1,0.17,0.11,0.1,0.11,0.11,0.11,0.12,0.11,0.11,0.13,0.16,0.16,0.16,0.15,0.16,0.12,0.11,0.15,0.1,0.09,0.12,0.12,0.12,0.1,0.11,0.11,0.12,0.09,0.15,0.12,0.03,0.1,0.11,0.13,0.14,0.09,0.11,0.08,0.11,0.19,0.12,0.11,0.11,0.12,0.11,0.05,0.11,0.11,0.11,0.38,0.32,0.13,0.39,0.15,0.16,0.1,0.12,0.13,0.13,0.11,0.12,0.11,0.12,0.13,0.11,0.1,0.1,0.13,0.12,0.03
"4R-propylproline",0.09,0.11,0.16,0.18,0.18,0.1,0.14,0.18,0.19,0.14,0.14,0.09,0.1,0.2,0.16,0.16,0.15,0.12,0.08,0.15,0.12,0.2,0.15,0.27,0.1,0.14,0.17,0.15,0.16,0.14,0.19,0.14,0.14,0.2,0.2,0.2,0.16,0.14,0.11,0.12,0.1,0.09,0.17,0.1,0.09,0.09,0.12,0.3,0.13,0.09,0.1,0.11,0.12,0.1,0.13,0.09,0.08,0.1,0.16,0.13,0.15,0.13,0.09,0.13,0.1,0.17,0.15,0.15,0.19,0.14,0.13,0.27,0.1,0.13,0.12,0.14,0.08,0.1,0.11,0.12,0.09,0.12,0.14,0.52,0.1,0.13,0.48,1.0,0.12,0.29,0.12,0.38,0.44,0.32,0.14,0.09,0.11,0.13,0.12,0.31,0.11,0.1,0.1,0.11,0.24,0.12,0.3,0.12,0.15,0.14,0.13,0.13,0.13,0.12,0.13,0.11,0.11,0.12,0.11,0.11,0.15,0.26,0.1,0.11,0.12,0.11,0.09,0.12,0.14,0.18,0.15,0.09,0.1,0.11,0.04,0.13,0.14,0.35,0.11,0.09,0.15,0.11,0.18,0.09,0.09,0.12,0.11,0.18,0.26,0.09,0.15,0.1,0.11,0.12,0.09,0.12,0.14,0.09,0.1,0.14,0.17,0.2,0.17,0.16,0.13,0.13,0.12,0.16,0.11,0.1,0.14,0.12,0.13,0.11,0.12,0.18,0.19,0.1,0.16,0.16,0.08,0.18,0.12,0.14,0.15,0.1,0.15,0.11,0.09,0.19,0.13,0.12,0.1,0.1,0.12,0.07,0.1,0.12,0.12,0.31,0.27,0.11,0.32,0.12,0.17,0.09,0.1,0.14,0.14,0.1,0.14,0.15,0.23,0.14,0.12,0.11,0.16,0.14,0.13,0.08
"4S,5-dihydroxy-2S-aminopentanoic_acid",0.24,0.48,0.31,0.18,0.31,0.22,0.17,0.11,0.15,0.3,0.46,0.14,0.11,0.23,0.42,0.32,0.26,0.24,0.09,0.44,0.38,0.44,0.23,0.1,0.11,0.17,0.2,0.18,0.28,0.21,0.27,0.26,0.28,0.35,0.35,0.35,0.32,0.2,0.31,0.27,0.11,0.24,0.3,0.29,0.14,0.17,0.08,0.11,0.26,0.14,0.32,0.35,0.33,0.31,0.31,0.11,0.1,0.31,0.28,0.12,0.26,0.27,0.26,0.36,0.27,0.3,0.29,0.29,0.19,0.29,0.28,0.11,0.31,0.1,0.14,0.21,0.1,0.31,0.12,0.54,0.24,0.14,0.23,0.11,0.22,0.27,0.11,0.12,1.0,0.09,0.62,0.12,0.1,0.1,0.2,0.13,0.24,0.26,0.14,0.11,0.24,0.09,0.09,0.24,0.09,0.11,0.11,0.14,0.07,0.16,0.19,0.18,0.18,0.24,0.31,0.27,0.31,0.35,0.34,0.26,0.3,0.1,0.2,0.18,0.24,0.22,0.13,0.22,0.22,0.17,0.33,0.29,0.15,0.33,0.2,0.48,0.5,0.12,0.13,0.1,0.22,0.2,0.18,0.27,0.26,0.24,0.23,0.17,0.18,0.1,0.2,0.11,0.33,0.11,0.11,0.39,0.44,0.14,0.11,0.17,0.07,0.16,0.28,0.2,0.16,0.41,0.39,0.25,0.31,0.09,0.2,0.3,0.48,0.31,0.11,0.3,0.23,0.33,0.29,0.52,0.29,0.12,0.38,0.3,0.22,0.3,0.37,0.25,0.11,0.15,0.08,0.39,0.21,0.16,0.35,0.25,0.26,0.24,0.15,0.11,0.11,0.1,0.11,0.11,0.16,0.1,0.12,0.59,0.17,0.14,0.33,0.37,0.16,0.26,0.27,0.33,0.12,0.3,0.19,0.26
"4S-acetyl-5S-methylproline",0.07,0.09,0.1,0.12,0.1,0.08,0.14,0.21,0.11,0.14,0.11,0.09,0.09,0.11,0.1,0.13,0.15,0.14,0.07,0.1,0.09,0.13,0.15,0.32,0.1,0.11,0.13,0.14,0.13,0.11,0.12,0.14,0.12,0.11,0.11,0.11,0.13,0.16,0.08,0.09,0.1,0.09,0.15,0.12,0.09,0.09,0.12,0.26,0.13,0.09,0.1,0.11,0.09,0.07,0.15,0.09,0.1,0.1,0.13,0.13,0.15,0.12,0.09,0.1,0.08,0.14,0.12,0.12,0.11,0.13,0.13,0.26,0.08,0.15,0.14,0.11,0.08,0.07,0.1,0.09,0.09,0.09,0.12,0.37,0.08,0.1,0.31,0.29,0.09,1.0,0.09,0.5,0.29,0.28,0.1,0.09,0.09,0.13,0.12,0.38,0.09,0.09,0.1,0.09,0.21,0.11,0.36,0.09,0.14,0.1,0.13,0.11,0.1,0.1,0.13,0.11,0.08,0.09,0.09,0.13,0.15,0.22,0.08,0.11,0.09,0.09,0.08,0.12,0.14,0.21,0.15,0.06,0.1,0.11,0.04,0.1,0.1,0.3,0.11,0.08,0.11,0.11,0.1,0.09,0.09,0.09,0.11,0.14,0.14,0.09,0.14,0.1,0.09,0.11,0.09,0.1,0.1,0.09,0.09,0.21,0.16,0.16,0.14,0.12,0.12,0.1,0.1,0.12,0.1,0.1,0.1,0.12,0.1,0.08,0.1,0.12,0.13,0.08,0.15,0.12,0.05,0.1,0.09,0.11,0.11,0.1,0.12,0.11,0.12,0.22,0.17,0.1,0.09,0.1,0.11,0.04,0.1,0.09,0.1,0.27,0.26,0.13,0.28,0.12,0.2,0.09,0.1,0.11,0.11,0.09,0.13,0.12,0.13,0.14,0.09,0.11,0.1,0.14,0.12,0.05
"4S-hydroxylysine",0.23,0.41,0.33,0.17,0.29,0.21,0.16,0.11,0.18,0.28,0.48,0.13,0.11,0.25,0.62,0.3,0.24,0.23,0.08,0.42,0.4,0.41,0.17,0.09,0.11,0.16,0.19,0.17,0.18,0.19,0.25,0.24,0.3,0.38,0.38,0.38,0.3,0.15,0.33,0.33,0.11,0.23,0.28,0.28,0.13,0.16,0.08,0.1,0.24,0.13,0.3,0.32,0.31,0.29,0.29,0.1,0.09,0.29,0.26,0.12,0.24,0.25,0.24,0.38,0.26,0.32,0.27,0.28,0.21,0.27,0.26,0.1,0.29,0.09,0.13,0.28,0.09,0.29,0.12,0.5,0.23,0.13,0.22,0.1,0.22,0.26,0.11,0.12,0.62,0.09,1.0,0.11,0.09,0.1,0.23,0.12,0.23,0.25,0.13,0.11,0.23,0.08,0.09,0.23,0.08,0.1,0.1,0.14,0.08,0.15,0.18,0.18,0.17,0.23,0.33,0.26,0.33,0.38,0.36,0.24,0.28,0.1,0.19,0.17,0.22,0.21,0.14,0.21,0.21,0.16,0.31,0.18,0.14,0.35,0.16,0.44,0.46,0.12,0.12,0.09,0.3,0.19,0.2,0.26,0.24,0.34,0.22,0.16,0.17,0.1,0.19,0.11,0.35,0.1,0.1,0.37,0.41,0.13,0.1,0.16,0.08,0.15,0.27,0.19,0.15,0.43,0.41,0.28,0.33,0.09,0.19,0.32,0.44,0.33,0.11,0.28,0.18,0.32,0.27,0.48,0.19,0.12,0.5,0.28,0.21,0.28,0.39,0.27,0.1,0.14,0.08,0.52,0.2,0.15,0.33,0.17,0.24,0.23,0.14,0.11,0.1,0.1,0.11,0.11,0.15,0.1,0.11,0.42,0.16,0.14,0.31,0.34,0.15,0.24,0.26,0.31,0.12,0.28,0.18,0.16
"4S-methylazetidine-2S-carboxylic_acid",0.09,0.11,0.13,0.15,0.12,0.09,0.19,0.23,0.13,0.18,0.14,0.11,0.12,0.14,0.13,0.17,0.19,0.15,0.09,0.12,0.12,0.17,0.2,0.42,0.12,0.14,0.17,0.19,0.17,0.18,0.16,0.19,0.14,0.14,0.14,0.14,0.17,0.17,0.1,0.11,0.12,0.11,0.18,0.09,0.11,0.11,0.15,0.33,0.11,0.11,0.13,0.14,0.12,0.09,0.16,0.11,0.1,0.1,0.17,0.13,0.16,0.16,0.11,0.12,0.1,0.18,0.15,0.15,0.14,0.17,0.17,0.34,0.1,0.16,0.14,0.14,0.13,0.09,0.13,0.12,0.11,0.11,0.12,0.5,0.09,0.12,0.41,0.38,0.12,0.5,0.11,1.0,0.38,0.35,0.13,0.11,0.1,0.11,0.15,0.65,0.1,0.11,0.12,0.1,0.26,0.14,0.6,0.12,0.17,0.13,0.17,0.13,0.12,0.1,0.13,0.1,0.1,0.11,0.11,0.11,0.12,0.28,0.09,0.13,0.11,0.11,0.09,0.15,0.17,0.25,0.2,0.07,0.12,0.11,0.03,0.13,0.13,0.42,0.14,0.1,0.15,0.11,0.13,0.11,0.11,0.11,0.14,0.19,0.19,0.11,0.18,0.12,0.11,0.11,0.11,0.12,0.13,0.11,0.11,0.19,0.19,0.21,0.17,0.17,0.17,0.12,0.12,0.17,0.1,0.09,0.13,0.12,0.13,0.1,0.15,0.16,0.17,0.1,0.21,0.16,0.06,0.13,0.12,0.14,0.15,0.1,0.15,0.1,0.11,0.29,0.18,0.12,0.12,0.13,0.11,0.06,0.12,0.11,0.12,0.36,0.34,0.14,0.37,0.16,0.23,0.11,0.12,0.14,0.14,0.12,0.17,0.15,0.17,0.14,0.11,0.11,0.13,0.18,0.16,0.07
"4S-propenylproline",0.07,0.09,0.11,0.15,0.13,0.1,0.14,0.18,0.11,0.14,0.11,0.09,0.1,0.11,0.13,0.13,0.15,0.15,0.08,0.1,0.1,0.14,0.15,0.27,0.1,0.11,0.14,0.15,0.13,0.11,0.13,0.14,0.12,0.12,0.12,0.12,0.13,0.14,0.08,0.12,0.1,0.09,0.15,0.08,0.12,0.09,0.15,0.3,0.09,0.09,0.1,0.11,0.1,0.1,0.13,0.09,0.08,0.08,0.16,0.13,0.12,0.13,0.07,0.1,0.08,0.14,0.12,0.12,0.11,0.14,0.13,0.27,0.1,0.13,0.12,0.11,0.08,0.08,0.11,0.1,0.09,0.09,0.1,0.52,0.08,0.18,0.48,0.44,0.1,0.29,0.09,0.38,1.0,0.35,0.11,0.09,0.09,0.09,0.15,0.31,0.09,0.1,0.1,0.09,0.24,0.12,0.3,0.1,0.15,0.14,0.13,0.11,0.1,0.09,0.11,0.11,0.11,0.09,0.09,0.11,0.1,0.26,0.08,0.11,0.09,0.09,0.08,0.12,0.14,0.18,0.15,0.06,0.1,0.09,0.02,0.1,0.11,0.35,0.11,0.09,0.11,0.09,0.11,0.09,0.09,0.09,0.11,0.14,0.15,0.11,0.15,0.12,0.09,0.12,0.12,0.1,0.11,0.12,0.12,0.14,0.19,0.17,0.14,0.12,0.17,0.1,0.1,0.12,0.08,0.1,0.11,0.1,0.1,0.08,0.1,0.12,0.13,0.08,0.16,0.13,0.08,0.13,0.1,0.11,0.11,0.08,0.12,0.11,0.09,0.19,0.13,0.1,0.1,0.1,0.09,0.07,0.1,0.09,0.1,0.31,0.27,0.11,0.32,0.12,0.17,0.11,0.1,0.11,0.14,0.12,0.14,0.21,0.16,0.11,0.09,0.09,0.13,0.14,0.13,0.05
"5,5-dimethylpipecolic_acid",0.1,0.09,0.11,0.13,0.11,0.08,0.23,0.22,0.11,0.15,0.11,0.12,0.1,0.12,0.14,0.14,0.26,0.12,0.08,0.1,0.1,0.14,0.16,0.28,0.1,0.12,0.14,0.16,0.14,0.11,0.14,0.15,0.12,0.12,0.12,0.12,0.14,0.14,0.09,0.1,0.1,0.1,0.13,0.08,0.1,0.1,0.15,0.31,0.12,0.12,0.11,0.11,0.1,0.08,0.14,0.1,0.09,0.09,0.14,0.11,0.13,0.14,0.07,0.11,0.09,0.15,0.13,0.15,0.12,0.14,0.14,0.32,0.09,0.14,0.15,0.11,0.09,0.08,0.11,0.1,0.1,0.1,0.11,0.41,0.08,0.11,0.33,0.32,0.1,0.28,0.1,0.35,0.35,1.0,0.11,0.12,0.09,0.1,0.15,0.38,0.09,0.1,0.1,0.09,0.26,0.12,0.35,0.1,0.15,0.11,0.14,0.11,0.11,0.09,0.11,0.09,0.09,0.1,0.09,0.09,0.11,0.38,0.08,0.12,0.1,0.09,0.11,0.15,0.15,0.19,0.16,0.06,0.1,0.09,0.02,0.11,0.11,0.48,0.12,0.09,0.12,0.12,0.11,0.1,0.09,0.1,0.12,0.15,0.16,0.09,0.18,0.1,0.09,0.1,0.1,0.1,0.11,0.1,0.1,0.15,0.15,0.18,0.15,0.13,0.14,0.11,0.1,0.13,0.09,0.08,0.11,0.11,0.11,0.09,0.1,0.13,0.14,0.08,0.17,0.14,0.05,0.11,0.1,0.11,0.12,0.08,0.12,0.09,0.1,0.24,0.14,0.1,0.1,0.11,0.1,0.05,0.1,0.1,0.1,0.42,0.32,0.12,0.43,0.13,0.18,0.12,0.11,0.11,0.11,0.1,0.14,0.12,0.14,0.12,0.1,0.09,0.11,0.15,0.14,0.06
"5-aminolevulinic_acid",0.14,0.18,0.24,0.16,0.16,0.12,0.2,0.12,0.24,0.19,0.29,0.16,0.12,0.15,0.27,0.18,0.17,0.16,0.1,0.18,0.33,0.23,0.22,0.11,0.13,0.43,0.19,0.16,0.22,0.29,0.17,0.15,0.18,0.19,0.19,0.19,0.18,0.19,0.17,0.23,0.13,0.16,0.16,0.15,0.15,0.15,0.09,0.12,0.14,0.15,0.18,0.19,0.2,0.15,0.17,0.12,0.11,0.16,0.18,0.14,0.17,0.17,0.14,0.26,0.16,0.29,0.24,0.15,0.18,0.19,0.18,0.12,0.16,0.11,0.12,0.48,0.11,0.15,0.14,0.2,0.16,0.16,0.15,0.12,0.12,0.19,0.12,0.14,0.2,0.1,0.23,0.13,0.11,0.11,1.0,0.15,0.13,0.14,0.12,0.12,0.13,0.09,0.1,0.13,0.1,0.12,0.12,0.33,0.07,0.23,0.14,0.14,0.13,0.13,0.17,0.16,0.17,0.19,0.18,0.14,0.16,0.11,0.18,0.11,0.23,0.21,0.07,0.12,0.12,0.21,0.22,0.12,0.17,0.18,0.09,0.22,0.28,0.14,0.15,0.11,0.53,0.11,0.17,0.15,0.14,0.28,0.15,0.25,0.38,0.11,0.12,0.13,0.18,0.12,0.12,0.21,0.23,0.16,0.12,0.2,0.07,0.33,0.18,0.3,0.19,0.36,0.25,0.53,0.17,0.12,0.28,0.16,0.22,0.17,0.12,0.21,0.22,0.16,0.17,0.21,0.1,0.24,0.24,0.24,0.32,0.16,0.19,0.16,0.12,0.17,0.09,0.25,0.12,0.18,0.19,0.12,0.17,0.16,0.17,0.12,0.12,0.11,0.13,0.13,0.19,0.11,0.13,0.24,0.41,0.16,0.19,0.23,0.18,0.25,0.14,0.18,0.14,0.19,0.13,0.11
"5-chloroanthranilic_acid",0.2,0.12,0.11,0.1,0.11,0.14,0.16,0.13,0.09,0.15,0.15,0.47,0.3,0.12,0.14,0.14,0.17,0.13,0.14,0.11,0.13,0.15,0.17,0.09,0.4,0.12,0.11,0.12,0.14,0.15,0.14,0.16,0.1,0.12,0.12,0.12,0.14,0.15,0.2,0.15,0.27,0.22,0.11,0.18,0.36,0.36,0.1,0.1,0.16,0.41,0.14,0.19,0.13,0.23,0.14,0.22,0.22,0.22,0.14,0.32,0.14,0.14,0.19,0.14,0.19,0.15,0.13,0.13,0.09,0.15,0.14,0.1,0.11,0.2,0.36,0.15,0.22,0.29,0.26,0.13,0.22,0.19,0.15,0.1,0.15,0.11,0.1,0.09,0.13,0.09,0.12,0.11,0.09,0.12,0.15,1.0,0.34,0.19,0.22,0.1,0.23,0.29,0.33,0.31,0.2,0.22,0.1,0.1,0.13,0.11,0.11,0.17,0.16,0.15,0.11,0.09,0.11,0.12,0.12,0.16,0.19,0.12,0.18,0.17,0.22,0.21,0.1,0.16,0.15,0.15,0.17,0.06,0.5,0.12,0.05,0.14,0.15,0.11,0.28,0.2,0.16,0.16,0.09,0.22,0.21,0.13,0.21,0.12,0.12,0.21,0.16,0.2,0.12,0.17,0.19,0.14,0.15,0.22,0.17,0.16,0.12,0.11,0.15,0.14,0.14,0.14,0.17,0.18,0.11,0.15,0.15,0.16,0.14,0.2,0.16,0.14,0.14,0.31,0.13,0.14,0.05,0.11,0.13,0.15,0.16,0.21,0.13,0.09,0.22,0.14,0.21,0.14,0.19,0.33,0.22,0.16,0.24,0.22,0.2,0.1,0.1,0.24,0.11,0.24,0.14,0.24,0.32,0.15,0.12,0.13,0.15,0.13,0.11,0.12,0.17,0.21,0.2,0.15,0.14,0.06
"5-chlorotryptophan",0.24,0.23,0.22,0.12,0.21,0.32,0.11,0.1,0.11,0.19,0.28,0.16,0.14,0.16,0.26,0.18,0.17,0.19,0.08,0.2,0.24,0.27,0.12,0.09,0.2,0.11,0.13,0.14,0.13,0.13,0.17,0.16,0.2,0.23,0.23,0.23,0.18,0.11,0.29,0.18,0.17,0.24,0.21,0.33,0.16,0.21,0.1,0.09,0.3,0.18,0.18,0.21,0.19,0.26,0.17,0.14,0.15,0.37,0.18,0.17,0.17,0.17,0.32,0.2,0.26,0.19,0.19,0.23,0.11,0.18,0.18,0.1,0.21,0.19,0.18,0.13,0.15,0.29,0.16,0.24,0.24,0.16,0.53,0.1,0.49,0.17,0.1,0.11,0.24,0.09,0.23,0.1,0.09,0.09,0.13,0.34,1.0,0.35,0.14,0.1,0.57,0.18,0.3,0.8,0.18,0.14,0.09,0.1,0.17,0.11,0.13,0.22,0.21,0.35,0.22,0.18,0.22,0.23,0.23,0.3,0.33,0.09,0.2,0.35,0.23,0.22,0.13,0.18,0.18,0.1,0.2,0.12,0.2,0.22,0.12,0.26,0.27,0.11,0.16,0.13,0.14,0.19,0.11,0.23,0.22,0.19,0.23,0.11,0.14,0.15,0.18,0.15,0.22,0.13,0.14,0.25,0.27,0.16,0.29,0.14,0.18,0.11,0.25,0.12,0.1,0.26,0.28,0.15,0.22,0.12,0.13,0.36,0.26,0.29,0.35,0.2,0.13,0.31,0.15,0.26,0.11,0.11,0.24,0.19,0.14,0.36,0.24,0.18,0.14,0.1,0.11,0.25,0.19,0.18,0.38,0.22,0.25,0.27,0.17,0.1,0.1,0.18,0.1,0.2,0.1,0.13,0.15,0.28,0.11,0.1,0.18,0.24,0.1,0.16,0.66,0.36,0.17,0.19,0.15,0.11
"5-methoxytyrosine",0.3,0.24,0.26,0.15,0.25,0.29,0.15,0.13,0.14,0.23,0.3,0.2,0.2,0.19,0.28,0.19,0.21,0.26,0.11,0.24,0.26,0.32,0.15,0.07,0.16,0.12,0.17,0.15,0.16,0.17,0.19,0.18,0.21,0.28,0.28,0.28,0.19,0.17,0.34,0.2,0.27,0.29,0.22,0.41,0.25,0.31,0.08,0.1,0.56,0.25,0.19,0.2,0.2,0.33,0.21,0.2,0.2,0.67,0.22,0.34,0.27,0.21,0.56,0.21,0.36,0.23,0.23,0.24,0.14,0.22,0.22,0.1,0.22,0.18,0.24,0.14,0.23,0.33,0.2,0.26,0.29,0.26,0.44,0.1,0.28,0.2,0.08,0.13,0.26,0.13,0.25,0.11,0.09,0.1,0.14,0.19,0.35,1.0,0.23,0.1,0.33,0.19,0.17,0.38,0.17,0.22,0.1,0.13,0.11,0.11,0.16,0.29,0.33,0.37,0.28,0.23,0.23,0.25,0.24,0.46,0.61,0.1,0.24,0.22,0.25,0.27,0.15,0.17,0.17,0.18,0.25,0.16,0.18,0.24,0.1,0.28,0.29,0.09,0.18,0.14,0.15,0.34,0.13,0.25,0.27,0.17,0.27,0.15,0.15,0.24,0.17,0.16,0.24,0.23,0.17,0.27,0.29,0.17,0.14,0.18,0.13,0.14,0.24,0.13,0.11,0.28,0.27,0.16,0.23,0.2,0.14,0.33,0.28,0.4,0.17,0.24,0.16,0.3,0.19,0.31,0.14,0.13,0.26,0.17,0.15,0.52,0.29,0.24,0.15,0.13,0.16,0.27,0.23,0.22,0.49,0.26,0.27,0.29,0.21,0.08,0.08,0.16,0.08,0.16,0.17,0.14,0.21,0.3,0.12,0.1,0.22,0.29,0.16,0.18,0.38,0.54,0.23,0.23,0.19,0.15
"5-methylorsellinic_acid",0.13,0.1,0.12,0.14,0.12,0.12,0.17,0.14,0.12,0.16,0.12,0.24,0.28,0.13,0.12,0.15,0.14,0.14,0.12,0.16,0.11,0.16,0.18,0.09,0.21,0.13,0.19,0.17,0.15,0.16,0.15,0.17,0.09,0.13,0.13,0.13,0.15,0.16,0.15,0.1,0.33,0.24,0.09,0.14,0.26,0.3,0.08,0.13,0.25,0.3,0.12,0.12,0.14,0.21,0.15,0.26,0.27,0.23,0.15,0.21,0.14,0.15,0.2,0.11,0.17,0.16,0.17,0.11,0.15,0.16,0.15,0.14,0.09,0.24,0.21,0.12,0.27,0.21,0.28,0.11,0.2,0.2,0.13,0.14,0.11,0.12,0.11,0.12,0.14,0.12,0.13,0.15,0.15,0.15,0.12,0.22,0.14,0.23,1.0,0.14,0.12,0.27,0.28,0.19,0.19,0.43,0.13,0.11,0.12,0.12,0.15,0.18,0.2,0.14,0.12,0.1,0.09,0.1,0.1,0.15,0.17,0.13,0.19,0.15,0.19,0.22,0.08,0.11,0.11,0.22,0.18,0.07,0.21,0.1,0.02,0.15,0.16,0.12,0.25,0.18,0.13,0.25,0.15,0.16,0.18,0.14,0.19,0.17,0.17,0.25,0.11,0.18,0.1,0.36,0.2,0.11,0.12,0.17,0.13,0.17,0.12,0.16,0.11,0.15,0.15,0.15,0.11,0.15,0.09,0.3,0.12,0.14,0.12,0.18,0.16,0.14,0.15,0.17,0.19,0.15,0.06,0.15,0.11,0.16,0.13,0.2,0.14,0.1,0.2,0.15,0.2,0.11,0.21,0.23,0.16,0.11,0.18,0.17,0.18,0.11,0.11,0.22,0.11,0.21,0.2,0.18,0.3,0.12,0.12,0.14,0.16,0.14,0.15,0.17,0.15,0.18,0.52,0.16,0.15,0.06
"5S-methylproline",0.08,0.1,0.12,0.14,0.12,0.09,0.17,0.25,0.12,0.17,0.13,0.11,0.11,0.13,0.12,0.16,0.18,0.14,0.09,0.11,0.11,0.16,0.19,0.35,0.11,0.13,0.16,0.18,0.16,0.17,0.15,0.17,0.14,0.14,0.14,0.14,0.16,0.16,0.1,0.11,0.11,0.11,0.14,0.09,0.11,0.11,0.17,0.31,0.1,0.11,0.16,0.17,0.11,0.09,0.15,0.11,0.1,0.09,0.16,0.12,0.15,0.15,0.1,0.12,0.09,0.17,0.14,0.17,0.13,0.16,0.16,0.37,0.09,0.15,0.14,0.13,0.12,0.09,0.12,0.11,0.11,0.11,0.11,0.41,0.09,0.12,0.33,0.31,0.11,0.38,0.11,0.65,0.31,0.38,0.12,0.1,0.1,0.1,0.14,1.0,0.1,0.11,0.11,0.1,0.25,0.14,0.75,0.11,0.16,0.12,0.16,0.12,0.12,0.1,0.12,0.1,0.1,0.11,0.1,0.1,0.12,0.26,0.09,0.13,0.11,0.1,0.08,0.17,0.16,0.23,0.19,0.07,0.11,0.1,0.02,0.12,0.12,0.44,0.13,0.1,0.14,0.1,0.12,0.11,0.1,0.11,0.13,0.17,0.18,0.1,0.2,0.11,0.1,0.11,0.11,0.11,0.12,0.11,0.11,0.17,0.16,0.2,0.16,0.15,0.16,0.12,0.11,0.15,0.1,0.09,0.12,0.12,0.12,0.1,0.14,0.15,0.16,0.09,0.19,0.15,0.06,0.12,0.11,0.13,0.14,0.09,0.14,0.1,0.11,0.27,0.17,0.11,0.11,0.12,0.11,0.05,0.11,0.11,0.11,0.38,0.37,0.13,0.39,0.15,0.21,0.1,0.12,0.13,0.13,0.11,0.16,0.14,0.16,0.13,0.11,0.1,0.12,0.17,0.15,0.06
"6,7-dichlorotryptophan",0.24,0.23,0.22,0.12,0.21,0.32,0.11,0.1,0.11,0.19,0.28,0.19,0.17,0.13,0.26,0.15,0.17,0.19,0.08,0.2,0.24,0.27,0.12,0.09,0.25,0.11,0.13,0.14,0.13,0.13,0.15,0.14,0.2,0.23,0.23,0.23,0.15,0.11,0.29,0.23,0.15,0.24,0.21,0.33,0.18,0.18,0.1,0.09,0.27,0.16,0.18,0.19,0.19,0.29,0.17,0.14,0.13,0.34,0.18,0.19,0.17,0.17,0.3,0.2,0.26,0.19,0.19,0.23,0.11,0.18,0.18,0.1,0.21,0.17,0.2,0.13,0.13,0.29,0.16,0.24,0.27,0.16,0.44,0.1,0.41,0.17,0.1,0.11,0.24,0.09,0.23,0.1,0.09,0.09,0.13,0.23,0.57,0.33,0.12,0.1,1.0,0.2,0.23,0.6,0.16,0.14,0.09,0.1,0.14,0.13,0.13,0.22,0.21,0.35,0.22,0.18,0.22,0.23,0.23,0.3,0.33,0.09,0.2,0.28,0.23,0.22,0.13,0.16,0.18,0.1,0.2,0.12,0.2,0.22,0.09,0.26,0.27,0.11,0.16,0.13,0.14,0.17,0.11,0.23,0.22,0.16,0.23,0.11,0.14,0.13,0.18,0.15,0.22,0.11,0.14,0.25,0.27,0.16,0.22,0.14,0.14,0.11,0.27,0.12,0.1,0.26,0.25,0.15,0.22,0.1,0.13,0.36,0.26,0.29,0.27,0.2,0.13,0.31,0.15,0.26,0.11,0.11,0.24,0.16,0.14,0.33,0.24,0.18,0.14,0.1,0.13,0.25,0.19,0.18,0.38,0.22,0.28,0.24,0.17,0.1,0.1,0.15,0.1,0.2,0.1,0.13,0.17,0.28,0.11,0.1,0.18,0.24,0.1,0.16,0.55,0.36,0.15,0.19,0.15,0.11
"6-chloro-4-hydroxy-1-methyl-indole-3-carboxylic_acid",0.11,0.08,0.1,0.11,0.12,0.18,0.12,0.11,0.1,0.12,0.1,0.24,0.28,0.1,0.09,0.12,0.11,0.11,0.09,0.09,0.09,0.12,0.13,0.08,0.32,0.1,0.12,0.13,0.12,0.12,0.11,0.12,0.07,0.1,0.1,0.1,0.12,0.12,0.12,0.1,0.25,0.18,0.07,0.11,0.26,0.23,0.11,0.1,0.18,0.23,0.09,0.1,0.09,0.17,0.11,0.2,0.21,0.18,0.12,0.21,0.11,0.11,0.16,0.09,0.14,0.12,0.11,0.09,0.1,0.12,0.12,0.11,0.09,0.19,0.22,0.1,0.21,0.17,0.21,0.09,0.16,0.16,0.11,0.11,0.09,0.12,0.09,0.1,0.09,0.09,0.08,0.11,0.1,0.1,0.09,0.29,0.18,0.19,0.27,0.11,0.2,1.0,0.3,0.2,0.17,0.23,0.1,0.09,0.13,0.09,0.12,0.14,0.16,0.19,0.1,0.08,0.08,0.08,0.08,0.12,0.13,0.1,0.13,0.14,0.13,0.15,0.09,0.11,0.09,0.15,0.13,0.05,0.22,0.08,0.02,0.09,0.09,0.09,0.18,0.14,0.1,0.18,0.1,0.13,0.15,0.08,0.15,0.12,0.16,0.2,0.09,0.14,0.08,0.21,0.16,0.09,0.09,0.13,0.13,0.15,0.14,0.12,0.09,0.11,0.11,0.09,0.09,0.11,0.08,0.18,0.09,0.11,0.09,0.14,0.15,0.11,0.12,0.13,0.14,0.11,0.04,0.12,0.09,0.1,0.1,0.16,0.11,0.08,0.16,0.11,0.2,0.09,0.16,0.17,0.13,0.09,0.14,0.13,0.14,0.09,0.08,0.17,0.09,0.16,0.14,0.15,0.29,0.1,0.1,0.11,0.12,0.13,0.12,0.1,0.15,0.15,0.24,0.12,0.11,0.05
"6-chloro-4-hydroxyindole-3-carboxylic_acid",0.11,0.08,0.08,0.09,0.08,0.09,0.13,0.11,0.08,0.1,0.1,0.25,0.29,0.11,0.1,0.1,0.09,0.09,0.1,0.07,0.09,0.1,0.11,0.1,0.3,0.1,0.1,0.11,0.1,0.13,0.12,0.13,0.07,0.09,0.09,0.09,0.1,0.1,0.12,0.11,0.26,0.19,0.08,0.12,0.28,0.24,0.09,0.11,0.17,0.24,0.1,0.13,0.09,0.18,0.09,0.21,0.22,0.19,0.1,0.2,0.09,0.09,0.17,0.09,0.14,0.1,0.09,0.09,0.08,0.1,0.1,0.11,0.08,0.25,0.23,0.1,0.22,0.18,0.22,0.09,0.16,0.16,0.21,0.11,0.21,0.08,0.11,0.1,0.09,0.1,0.09,0.12,0.1,0.1,0.1,0.33,0.3,0.17,0.28,0.11,0.23,0.3,1.0,0.35,0.2,0.21,0.11,0.09,0.19,0.1,0.1,0.12,0.14,0.1,0.08,0.07,0.08,0.09,0.08,0.11,0.12,0.11,0.14,0.22,0.13,0.15,0.09,0.09,0.11,0.12,0.11,0.03,0.23,0.08,0.04,0.1,0.1,0.12,0.19,0.15,0.11,0.17,0.08,0.13,0.15,0.11,0.13,0.1,0.11,0.2,0.12,0.14,0.08,0.2,0.16,0.09,0.1,0.14,0.22,0.1,0.2,0.12,0.11,0.11,0.12,0.09,0.09,0.11,0.08,0.17,0.1,0.16,0.1,0.15,0.26,0.09,0.1,0.14,0.11,0.09,0.02,0.1,0.09,0.1,0.11,0.16,0.09,0.07,0.16,0.09,0.21,0.09,0.17,0.18,0.13,0.09,0.14,0.14,0.14,0.11,0.11,0.18,0.12,0.23,0.12,0.15,0.31,0.1,0.1,0.11,0.1,0.09,0.1,0.1,0.24,0.15,0.22,0.1,0.09,0.02
"6-chlorotryptophan",0.24,0.23,0.22,0.12,0.21,0.32,0.11,0.1,0.11,0.19,0.28,0.16,0.17,0.16,0.26,0.18,0.17,0.19,0.08,0.2,0.24,0.27,0.12,0.09,0.2,0.11,0.13,0.14,0.13,0.16,0.17,0.16,0.2,0.23,0.23,0.23,0.18,0.11,0.29,0.18,0.2,0.27,0.21,0.33,0.18,0.23,0.1,0.09,0.32,0.21,0.18,0.21,0.19,0.29,0.17,0.16,0.17,0.4,0.18,0.17,0.17,0.17,0.35,0.2,0.26,0.19,0.19,0.23,0.11,0.18,0.18,0.1,0.21,0.19,0.18,0.13,0.17,0.29,0.16,0.24,0.27,0.16,0.5,0.1,0.46,0.17,0.1,0.11,0.24,0.09,0.23,0.1,0.09,0.09,0.13,0.31,0.8,0.38,0.19,0.1,0.6,0.2,0.35,1.0,0.18,0.16,0.09,0.1,0.17,0.11,0.13,0.22,0.21,0.35,0.22,0.18,0.22,0.23,0.23,0.3,0.33,0.09,0.2,0.33,0.23,0.22,0.13,0.18,0.18,0.1,0.2,0.15,0.17,0.22,0.12,0.26,0.27,0.11,0.16,0.13,0.14,0.21,0.11,0.23,0.22,0.19,0.23,0.11,0.14,0.18,0.18,0.15,0.22,0.15,0.14,0.25,0.27,0.16,0.26,0.14,0.18,0.11,0.27,0.12,0.1,0.26,0.25,0.15,0.22,0.13,0.13,0.36,0.29,0.29,0.35,0.2,0.13,0.28,0.15,0.26,0.11,0.11,0.24,0.19,0.14,0.36,0.24,0.18,0.14,0.1,0.11,0.25,0.19,0.18,0.38,0.22,0.28,0.27,0.17,0.1,0.1,0.18,0.1,0.2,0.1,0.13,0.17,0.28,0.11,0.12,0.18,0.24,0.1,0.16,0.66,0.36,0.19,0.19,0.15,0.11
"6-hydroxy-tetrahydro-isoquinoline-3-carboxylic_acid",0.13,0.08,0.08,0.11,0.08,0.11,0.16,0.19,0.1,0.12,0.1,0.19,0.19,0.08,0.12,0.15,0.11,0.13,0.12,0.09,0.09,0.1,0.11,0.24,0.2,0.1,0.12,0.13,0.09,0.1,0.12,0.13,0.11,0.08,0.08,0.08,0.15,0.1,0.14,0.08,0.22,0.21,0.12,0.13,0.18,0.21,0.13,0.21,0.14,0.21,0.09,0.1,0.09,0.15,0.12,0.18,0.19,0.19,0.09,0.14,0.11,0.12,0.16,0.09,0.21,0.12,0.11,0.13,0.1,0.12,0.12,0.21,0.08,0.17,0.2,0.1,0.19,0.24,0.28,0.09,0.24,0.24,0.13,0.28,0.13,0.1,0.28,0.24,0.09,0.21,0.08,0.26,0.24,0.26,0.1,0.2,0.18,0.17,0.19,0.25,0.16,0.17,0.2,0.18,1.0,0.18,0.24,0.11,0.21,0.1,0.12,0.17,0.24,0.12,0.08,0.08,0.08,0.08,0.08,0.12,0.14,0.2,0.2,0.17,0.16,0.23,0.09,0.13,0.15,0.12,0.14,0.05,0.17,0.08,0.02,0.09,0.1,0.31,0.19,0.15,0.1,0.14,0.1,0.16,0.23,0.09,0.18,0.1,0.1,0.2,0.16,0.17,0.08,0.15,0.24,0.09,0.1,0.16,0.15,0.1,0.21,0.12,0.15,0.11,0.11,0.09,0.09,0.11,0.08,0.13,0.1,0.14,0.09,0.22,0.16,0.11,0.09,0.14,0.14,0.12,0.05,0.1,0.09,0.1,0.1,0.23,0.09,0.08,0.16,0.14,0.25,0.09,0.25,0.18,0.16,0.11,0.17,0.16,0.17,0.28,0.24,0.2,0.29,0.2,0.11,0.15,0.2,0.1,0.1,0.09,0.12,0.09,0.09,0.1,0.15,0.23,0.17,0.12,0.14,0.05
"6-methylsalicylic_acid",0.15,0.1,0.12,0.14,0.11,0.16,0.16,0.14,0.12,0.16,0.12,0.26,0.45,0.12,0.11,0.15,0.14,0.16,0.11,0.11,0.11,0.15,0.17,0.09,0.28,0.12,0.15,0.17,0.15,0.16,0.14,0.16,0.08,0.13,0.13,0.13,0.15,0.15,0.2,0.1,0.32,0.19,0.09,0.19,0.29,0.29,0.08,0.13,0.24,0.29,0.11,0.12,0.11,0.29,0.14,0.38,0.3,0.22,0.15,0.3,0.14,0.14,0.19,0.11,0.2,0.16,0.14,0.11,0.12,0.15,0.15,0.13,0.09,0.2,0.24,0.12,0.26,0.18,0.31,0.11,0.23,0.23,0.2,0.13,0.17,0.11,0.11,0.12,0.11,0.11,0.1,0.14,0.12,0.12,0.12,0.22,0.14,0.22,0.43,0.14,0.14,0.23,0.21,0.16,0.18,1.0,0.13,0.11,0.18,0.12,0.15,0.24,0.22,0.18,0.12,0.09,0.09,0.1,0.1,0.17,0.19,0.12,0.19,0.2,0.22,0.21,0.08,0.13,0.13,0.21,0.17,0.06,0.28,0.1,0.02,0.11,0.12,0.12,0.33,0.24,0.17,0.24,0.12,0.22,0.21,0.1,0.25,0.16,0.17,0.28,0.11,0.28,0.1,0.35,0.26,0.11,0.12,0.23,0.18,0.16,0.18,0.15,0.11,0.14,0.15,0.14,0.11,0.14,0.09,0.29,0.12,0.14,0.11,0.2,0.21,0.14,0.15,0.19,0.18,0.14,0.06,0.14,0.11,0.12,0.13,0.25,0.13,0.1,0.26,0.14,0.24,0.11,0.24,0.26,0.22,0.17,0.24,0.23,0.24,0.11,0.1,0.21,0.11,0.28,0.19,0.24,0.43,0.12,0.12,0.11,0.15,0.13,0.15,0.12,0.2,0.21,0.37,0.16,0.18,0.06
"6S-methyl-pipecolic_acid",0.08,0.1,0.12,0.14,0.11,0.08,0.16,0.24,0.12,0.16,0.12,0.1,0.11,0.12,0.11,0.15,0.17,0.13,0.08,0.11,0.11,0.15,0.17,0.33,0.11,0.12,0.15,0.17,0.15,0.16,0.14,0.16,0.13,0.13,0.13,0.13,0.15,0.15,0.09,0.1,0.11,0.1,0.14,0.09,0.1,0.1,0.16,0.29,0.1,0.1,0.11,0.12,0.11,0.08,0.14,0.1,0.09,0.09,0.15,0.12,0.14,0.14,0.1,0.11,0.09,0.16,0.14,0.19,0.12,0.15,0.15,0.34,0.09,0.14,0.13,0.12,0.12,0.08,0.12,0.11,0.1,0.1,0.11,0.39,0.09,0.11,0.31,0.3,0.11,0.36,0.1,0.6,0.3,0.35,0.12,0.1,0.09,0.1,0.13,0.75,0.09,0.1,0.11,0.09,0.24,0.13,1.0,0.11,0.16,0.12,0.15,0.12,0.11,0.09,0.12,0.09,0.09,0.1,0.1,0.1,0.11,0.25,0.09,0.12,0.1,0.1,0.08,0.19,0.16,0.21,0.17,0.06,0.11,0.1,0.02,0.11,0.12,0.41,0.12,0.09,0.13,0.1,0.12,0.1,0.1,0.1,0.12,0.16,0.17,0.1,0.19,0.11,0.1,0.1,0.1,0.11,0.12,0.1,0.1,0.16,0.16,0.19,0.16,0.14,0.15,0.11,0.11,0.14,0.09,0.09,0.12,0.11,0.11,0.09,0.13,0.14,0.15,0.09,0.18,0.14,0.06,0.12,0.11,0.12,0.13,0.09,0.13,0.1,0.1,0.25,0.17,0.11,0.11,0.11,0.1,0.05,0.11,0.1,0.11,0.45,0.43,0.12,0.46,0.14,0.19,0.1,0.11,0.12,0.12,0.11,0.15,0.13,0.15,0.12,0.1,0.1,0.12,0.16,0.14,0.06
"An_acid_hydrazine_polyene_(intermediate_14)",0.11,0.13,0.15,0.14,0.15,0.09,0.13,0.11,0.22,0.13,0.17,0.11,0.11,0.13,0.16,0.16,0.11,0.14,0.06,0.11,0.25,0.16,0.14,0.1,0.11,0.36,0.16,0.14,0.16,0.21,0.15,0.13,0.14,0.14,0.14,0.14,0.16,0.12,0.12,0.14,0.11,0.14,0.12,0.11,0.14,0.11,0.05,0.11,0.1,0.11,0.12,0.13,0.14,0.11,0.12,0.11,0.1,0.12,0.12,0.1,0.11,0.12,0.1,0.15,0.15,0.17,0.18,0.11,0.16,0.12,0.12,0.11,0.15,0.12,0.09,0.3,0.1,0.13,0.16,0.14,0.14,0.17,0.11,0.11,0.09,0.15,0.11,0.12,0.14,0.09,0.14,0.12,0.1,0.1,0.33,0.1,0.1,0.13,0.11,0.11,0.1,0.09,0.09,0.1,0.11,0.11,0.11,1.0,0.07,0.33,0.16,0.15,0.18,0.1,0.12,0.12,0.12,0.17,0.16,0.1,0.12,0.1,0.17,0.08,0.17,0.19,0.05,0.09,0.09,0.17,0.14,0.07,0.11,0.13,0.05,0.16,0.2,0.12,0.13,0.1,0.32,0.08,0.15,0.11,0.13,0.17,0.1,0.21,0.32,0.1,0.11,0.11,0.16,0.11,0.14,0.15,0.16,0.11,0.09,0.13,0.07,0.29,0.11,0.25,0.16,0.27,0.18,0.25,0.12,0.11,0.2,0.14,0.16,0.15,0.11,0.15,0.16,0.12,0.15,0.15,0.06,0.24,0.14,0.21,0.27,0.14,0.14,0.15,0.11,0.12,0.08,0.15,0.14,0.16,0.14,0.08,0.11,0.14,0.15,0.11,0.11,0.1,0.11,0.11,0.16,0.1,0.12,0.17,0.35,0.11,0.12,0.17,0.16,0.21,0.11,0.16,0.12,0.13,0.12,0.06
"D-lysergic_acid",0.1,0.08,0.09,0.08,0.07,0.13,0.09,0.14,0.09,0.09,0.07,0.14,0.16,0.1,0.09,0.09,0.1,0.1,0.07,0.07,0.08,0.09,0.1,0.13,0.14,0.07,0.09,0.09,0.09,0.07,0.09,0.09,0.1,0.1,0.1,0.1,0.09,0.09,0.15,0.06,0.12,0.1,0.09,0.12,0.12,0.12,0.1,0.18,0.1,0.12,0.07,0.07,0.07,0.13,0.09,0.14,0.13,0.11,0.09,0.16,0.08,0.09,0.11,0.07,0.11,0.09,0.08,0.1,0.1,0.09,0.09,0.18,0.06,0.16,0.14,0.07,0.13,0.1,0.13,0.07,0.12,0.12,0.27,0.16,0.27,0.07,0.14,0.15,0.07,0.14,0.08,0.17,0.15,0.15,0.07,0.13,0.17,0.11,0.12,0.16,0.14,0.13,0.19,0.17,0.21,0.18,0.16,0.07,1.0,0.07,0.09,0.15,0.12,0.14,0.09,0.08,0.08,0.08,0.08,0.11,0.12,0.15,0.1,0.24,0.14,0.11,0.11,0.1,0.12,0.11,0.1,0.04,0.14,0.08,0.05,0.07,0.07,0.15,0.16,0.15,0.09,0.1,0.09,0.14,0.11,0.1,0.17,0.09,0.09,0.11,0.12,0.14,0.08,0.1,0.12,0.07,0.07,0.14,0.23,0.09,0.48,0.09,0.12,0.08,0.08,0.09,0.08,0.08,0.08,0.09,0.07,0.12,0.09,0.13,0.23,0.08,0.09,0.12,0.1,0.09,0.03,0.09,0.08,0.07,0.07,0.14,0.1,0.08,0.14,0.12,0.2,0.08,0.12,0.13,0.14,0.1,0.14,0.14,0.14,0.14,0.16,0.13,0.16,0.19,0.1,0.13,0.15,0.07,0.07,0.07,0.09,0.08,0.09,0.07,0.22,0.11,0.11,0.09,0.11,0.04
"N-formylglycine",0.12,0.15,0.14,0.2,0.19,0.12,0.15,0.12,0.17,0.15,0.19,0.12,0.12,0.15,0.18,0.18,0.13,0.16,0.06,0.12,0.2,0.19,0.17,0.11,0.13,0.25,0.19,0.16,0.18,0.24,0.17,0.15,0.12,0.15,0.15,0.15,0.18,0.14,0.14,0.23,0.13,0.12,0.13,0.12,0.12,0.12,0.06,0.12,0.11,0.12,0.14,0.15,0.16,0.12,0.13,0.12,0.11,0.13,0.14,0.11,0.17,0.13,0.11,0.17,0.13,0.19,0.2,0.12,0.18,0.14,0.14,0.12,0.19,0.14,0.1,0.24,0.11,0.12,0.14,0.16,0.12,0.16,0.1,0.12,0.1,0.16,0.12,0.14,0.16,0.1,0.15,0.13,0.14,0.11,0.23,0.11,0.11,0.11,0.12,0.12,0.13,0.09,0.1,0.11,0.1,0.12,0.12,0.33,0.07,1.0,0.18,0.17,0.16,0.1,0.14,0.13,0.2,0.19,0.18,0.14,0.13,0.11,0.15,0.09,0.19,0.18,0.06,0.1,0.1,0.21,0.17,0.08,0.13,0.14,0.06,0.18,0.23,0.14,0.15,0.11,0.26,0.09,0.17,0.12,0.11,0.19,0.11,0.25,0.26,0.14,0.1,0.17,0.18,0.17,0.16,0.17,0.19,0.16,0.12,0.15,0.09,0.23,0.12,0.3,0.25,0.21,0.17,0.3,0.14,0.12,0.23,0.13,0.18,0.14,0.12,0.17,0.18,0.13,0.17,0.17,0.07,0.24,0.16,0.24,0.32,0.13,0.16,0.19,0.12,0.13,0.09,0.17,0.12,0.14,0.15,0.09,0.13,0.16,0.17,0.12,0.12,0.11,0.13,0.13,0.19,0.11,0.13,0.19,0.41,0.16,0.14,0.19,0.22,0.25,0.12,0.14,0.17,0.15,0.13,0.07
"N-hydroxyvaline",0.14,0.18,0.19,0.23,0.19,0.13,0.15,0.16,0.2,0.33,0.23,0.12,0.12,0.21,0.21,0.31,0.29,0.27,0.06,0.21,0.19,0.27,0.21,0.1,0.12,0.15,0.27,0.3,0.17,0.14,0.3,0.41,0.15,0.22,0.22,0.22,0.31,0.18,0.16,0.18,0.12,0.19,0.15,0.15,0.11,0.15,0.06,0.15,0.16,0.11,0.21,0.23,0.19,0.14,0.35,0.11,0.1,0.16,0.26,0.13,0.24,0.3,0.13,0.21,0.16,0.33,0.28,0.15,0.21,0.32,0.36,0.15,0.19,0.16,0.18,0.14,0.1,0.14,0.14,0.19,0.19,0.12,0.14,0.15,0.12,0.22,0.12,0.13,0.19,0.13,0.18,0.17,0.13,0.14,0.14,0.11,0.13,0.16,0.15,0.16,0.13,0.12,0.1,0.13,0.12,0.15,0.15,0.16,0.09,0.18,1.0,0.24,0.22,0.15,0.19,0.15,0.16,0.26,0.25,0.16,0.18,0.14,0.12,0.19,0.15,0.14,0.09,0.15,0.18,0.26,0.38,0.17,0.12,0.17,0.05,0.21,0.22,0.14,0.15,0.11,0.15,0.16,0.19,0.18,0.17,0.15,0.25,0.19,0.2,0.14,0.18,0.16,0.21,0.11,0.15,0.2,0.22,0.12,0.09,0.24,0.09,0.18,0.18,0.17,0.18,0.21,0.2,0.17,0.16,0.1,0.14,0.15,0.21,0.16,0.1,0.29,0.17,0.15,0.4,0.3,0.14,0.13,0.19,0.23,0.2,0.15,0.23,0.18,0.12,0.17,0.11,0.2,0.19,0.13,0.18,0.09,0.2,0.19,0.12,0.12,0.12,0.11,0.12,0.12,0.24,0.11,0.13,0.23,0.14,0.12,0.32,0.23,0.17,0.24,0.14,0.17,0.13,0.39,0.35,0.19
"N-methylphenylalanine",0.3,0.17,0.19,0.22,0.18,0.26,0.11,0.12,0.16,0.21,0.21,0.18,0.22,0.2,0.2,0.24,0.19,0.21,0.08,0.17,0.18,0.24,0.16,0.11,0.26,0.15,0.21,0.19,0.17,0.14,0.23,0.22,0.15,0.21,0.21,0.21,0.24,0.14,0.38,0.21,0.19,0.21,0.15,0.35,0.18,0.21,0.07,0.12,0.26,0.18,0.17,0.18,0.18,0.24,0.19,0.21,0.21,0.3,0.2,0.21,0.19,0.19,0.26,0.19,0.33,0.25,0.22,0.17,0.17,0.21,0.2,0.12,0.18,0.19,0.2,0.14,0.16,0.22,0.21,0.18,0.24,0.24,0.25,0.12,0.23,0.18,0.1,0.13,0.18,0.11,0.18,0.13,0.11,0.11,0.14,0.17,0.22,0.29,0.18,0.12,0.22,0.14,0.12,0.22,0.17,0.24,0.12,0.15,0.15,0.17,0.24,1.0,0.73,0.29,0.19,0.15,0.16,0.21,0.2,0.31,0.36,0.12,0.2,0.26,0.31,0.22,0.12,0.15,0.17,0.19,0.23,0.12,0.26,0.17,0.07,0.2,0.21,0.11,0.3,0.22,0.19,0.18,0.16,0.31,0.22,0.15,0.33,0.18,0.19,0.17,0.17,0.26,0.2,0.16,0.18,0.19,0.21,0.24,0.19,0.15,0.15,0.17,0.17,0.17,0.13,0.19,0.19,0.17,0.16,0.14,0.17,0.23,0.2,0.28,0.23,0.22,0.17,0.29,0.24,0.23,0.11,0.16,0.18,0.21,0.19,0.36,0.21,0.18,0.21,0.13,0.18,0.19,0.25,0.2,0.52,0.41,0.33,0.53,0.38,0.1,0.1,0.17,0.1,0.22,0.17,0.22,0.26,0.21,0.14,0.1,0.21,0.21,0.17,0.22,0.3,0.36,0.19,0.21,0.23,0.11
"N-methyltyrosine",0.31,0.16,0.18,0.21,0.17,0.21,0.14,0.12,0.16,0.2,0.2,0.2,0.21,0.19,0.19,0.22,0.18,0.2,0.1,0.17,0.18,0.23,0.15,0.1,0.18,0.14,0.19,0.18,0.16,0.14,0.22,0.21,0.14,0.2,0.2,0.2,0.22,0.13,0.26,0.2,0.21,0.26,0.15,0.27,0.2,0.22,0.07,0.11,0.27,0.2,0.16,0.17,0.18,0.23,0.18,0.2,0.18,0.35,0.19,0.18,0.21,0.18,0.3,0.18,0.5,0.24,0.21,0.17,0.16,0.19,0.19,0.12,0.17,0.18,0.21,0.14,0.18,0.29,0.34,0.18,0.37,0.41,0.22,0.12,0.2,0.17,0.09,0.13,0.18,0.1,0.17,0.12,0.1,0.11,0.13,0.16,0.21,0.33,0.2,0.12,0.21,0.16,0.14,0.21,0.24,0.22,0.11,0.18,0.12,0.16,0.22,0.73,1.0,0.23,0.18,0.15,0.15,0.2,0.19,0.33,0.38,0.11,0.27,0.2,0.22,0.34,0.12,0.14,0.14,0.17,0.22,0.12,0.18,0.16,0.07,0.19,0.19,0.1,0.21,0.16,0.14,0.2,0.15,0.22,0.34,0.14,0.25,0.17,0.18,0.19,0.14,0.18,0.19,0.18,0.3,0.18,0.19,0.17,0.14,0.14,0.13,0.16,0.16,0.16,0.12,0.18,0.18,0.16,0.15,0.16,0.16,0.22,0.19,0.43,0.17,0.21,0.16,0.22,0.23,0.22,0.1,0.15,0.18,0.2,0.18,0.34,0.2,0.17,0.17,0.12,0.17,0.18,0.38,0.19,0.36,0.27,0.24,0.37,0.24,0.09,0.09,0.16,0.1,0.18,0.16,0.16,0.22,0.2,0.14,0.09,0.19,0.2,0.16,0.21,0.23,0.55,0.2,0.2,0.22,0.11
"N1-methoxytryptophan",0.23,0.22,0.24,0.14,0.23,0.58,0.11,0.1,0.13,0.21,0.27,0.16,0.16,0.15,0.26,0.17,0.19,0.21,0.08,0.22,0.24,0.29,0.14,0.07,0.19,0.11,0.15,0.16,0.15,0.13,0.17,0.16,0.2,0.26,0.26,0.26,0.17,0.13,0.34,0.18,0.14,0.21,0.2,0.35,0.16,0.18,0.07,0.09,0.34,0.16,0.17,0.18,0.19,0.28,0.2,0.16,0.17,0.33,0.2,0.24,0.24,0.2,0.29,0.2,0.25,0.21,0.21,0.22,0.13,0.2,0.2,0.09,0.21,0.12,0.2,0.13,0.12,0.26,0.15,0.24,0.23,0.16,0.41,0.09,0.33,0.19,0.08,0.12,0.24,0.1,0.23,0.1,0.09,0.09,0.13,0.15,0.35,0.37,0.14,0.1,0.35,0.19,0.1,0.35,0.12,0.18,0.09,0.1,0.14,0.1,0.15,0.29,0.23,1.0,0.24,0.2,0.21,0.23,0.22,0.34,0.41,0.09,0.2,0.3,0.28,0.22,0.18,0.16,0.16,0.13,0.22,0.14,0.22,0.22,0.11,0.26,0.26,0.08,0.21,0.17,0.16,0.22,0.12,0.28,0.22,0.18,0.3,0.16,0.16,0.13,0.16,0.19,0.22,0.13,0.14,0.24,0.26,0.21,0.21,0.16,0.14,0.13,0.22,0.12,0.1,0.25,0.24,0.15,0.21,0.12,0.13,0.3,0.26,0.29,0.25,0.22,0.15,0.33,0.17,0.28,0.15,0.12,0.24,0.16,0.14,0.35,0.26,0.2,0.16,0.12,0.15,0.24,0.19,0.17,0.44,0.3,0.3,0.29,0.22,0.08,0.07,0.15,0.08,0.17,0.12,0.17,0.2,0.27,0.11,0.1,0.2,0.26,0.12,0.16,0.47,0.36,0.17,0.21,0.17,0.13
"N5-acetyl-N5-hydroxyornithine",0.21,0.36,0.44,0.18,0.32,0.21,0.14,0.12,0.21,0.32,0.37,0.12,0.1,0.26,0.43,0.23,0.25,0.31,0.08,0.28,0.48,0.4,0.19,0.08,0.1,0.14,0.2,0.18,0.19,0.21,0.22,0.21,0.37,0.5,0.5,0.5,0.23,0.2,0.41,0.23,0.1,0.21,0.26,0.28,0.12,0.14,0.07,0.12,0.28,0.12,0.3,0.28,0.28,0.24,0.29,0.09,0.11,0.29,0.26,0.13,0.29,0.29,0.25,0.29,0.23,0.28,0.31,0.25,0.22,0.31,0.3,0.12,0.26,0.13,0.14,0.21,0.08,0.24,0.11,0.31,0.21,0.12,0.23,0.12,0.2,0.26,0.1,0.13,0.31,0.13,0.33,0.13,0.11,0.11,0.17,0.11,0.22,0.28,0.12,0.12,0.22,0.1,0.08,0.22,0.08,0.12,0.12,0.12,0.09,0.14,0.19,0.19,0.18,0.24,1.0,0.59,0.58,0.45,0.44,0.28,0.32,0.11,0.17,0.2,0.2,0.19,0.17,0.2,0.22,0.22,0.31,0.19,0.12,0.43,0.17,0.34,0.35,0.11,0.11,0.09,0.18,0.2,0.21,0.23,0.22,0.27,0.26,0.18,0.18,0.09,0.2,0.1,0.43,0.14,0.09,0.32,0.35,0.12,0.1,0.21,0.09,0.17,0.27,0.16,0.13,0.42,0.41,0.2,0.58,0.12,0.17,0.26,0.43,0.33,0.1,0.32,0.19,0.26,0.23,0.38,0.17,0.16,0.48,0.21,0.18,0.29,0.42,0.61,0.09,0.16,0.09,0.5,0.15,0.13,0.33,0.15,0.22,0.18,0.12,0.1,0.09,0.09,0.1,0.1,0.21,0.09,0.1,0.37,0.14,0.12,0.31,0.34,0.16,0.21,0.23,0.32,0.13,0.32,0.19,0.18
"N5-cis-anhydromevalonyl-N5-hydroxyornithine",0.17,0.31,0.38,0.17,0.29,0.2,0.11,0.1,0.2,0.24,0.28,0.1,0.08,0.2,0.32,0.2,0.2,0.27,0.06,0.23,0.4,0.3,0.17,0.07,0.08,0.14,0.16,0.14,0.18,0.13,0.17,0.16,0.32,0.38,0.38,0.38,0.2,0.16,0.32,0.21,0.1,0.16,0.21,0.23,0.09,0.14,0.06,0.09,0.23,0.12,0.23,0.21,0.22,0.2,0.23,0.07,0.09,0.24,0.2,0.11,0.22,0.23,0.21,0.23,0.19,0.21,0.24,0.2,0.18,0.24,0.23,0.1,0.24,0.11,0.12,0.19,0.09,0.2,0.11,0.24,0.16,0.1,0.21,0.1,0.17,0.26,0.08,0.11,0.27,0.11,0.26,0.1,0.11,0.09,0.16,0.09,0.18,0.23,0.1,0.1,0.18,0.08,0.07,0.18,0.08,0.09,0.09,0.12,0.08,0.13,0.15,0.15,0.15,0.2,0.59,1.0,0.48,0.35,0.34,0.25,0.25,0.09,0.14,0.17,0.16,0.15,0.15,0.16,0.18,0.16,0.26,0.18,0.1,0.33,0.16,0.26,0.27,0.08,0.11,0.07,0.17,0.17,0.17,0.18,0.18,0.21,0.2,0.14,0.17,0.09,0.16,0.1,0.33,0.13,0.1,0.25,0.27,0.12,0.1,0.16,0.08,0.16,0.22,0.12,0.12,0.35,0.34,0.15,0.44,0.15,0.13,0.21,0.39,0.27,0.08,0.25,0.15,0.21,0.18,0.29,0.16,0.17,0.37,0.16,0.14,0.23,0.33,0.73,0.1,0.12,0.08,0.38,0.12,0.13,0.26,0.14,0.17,0.14,0.1,0.08,0.08,0.11,0.08,0.08,0.15,0.07,0.08,0.31,0.16,0.12,0.24,0.33,0.15,0.16,0.19,0.25,0.11,0.24,0.15,0.16
"N5-formyl-N5-hydroxyornithine",0.21,0.36,0.41,0.18,0.32,0.21,0.14,0.1,0.19,0.28,0.37,0.12,0.1,0.22,0.43,0.19,0.22,0.27,0.08,0.25,0.48,0.35,0.15,0.08,0.1,0.14,0.17,0.15,0.16,0.17,0.19,0.18,0.37,0.45,0.45,0.45,0.19,0.14,0.41,0.26,0.1,0.21,0.26,0.25,0.12,0.14,0.07,0.09,0.22,0.12,0.3,0.28,0.28,0.24,0.26,0.09,0.11,0.26,0.23,0.11,0.29,0.26,0.22,0.29,0.23,0.24,0.28,0.25,0.19,0.27,0.26,0.09,0.29,0.08,0.12,0.21,0.08,0.24,0.11,0.31,0.21,0.12,0.2,0.09,0.2,0.26,0.1,0.11,0.31,0.08,0.33,0.1,0.11,0.09,0.17,0.11,0.22,0.23,0.09,0.1,0.22,0.08,0.08,0.22,0.08,0.09,0.09,0.12,0.08,0.2,0.16,0.16,0.15,0.21,0.58,0.48,1.0,0.45,0.44,0.25,0.26,0.09,0.17,0.18,0.2,0.19,0.14,0.2,0.22,0.14,0.27,0.16,0.12,0.43,0.17,0.34,0.35,0.11,0.11,0.09,0.18,0.18,0.18,0.23,0.22,0.27,0.22,0.18,0.15,0.11,0.2,0.12,0.43,0.12,0.12,0.32,0.35,0.15,0.12,0.14,0.08,0.14,0.27,0.16,0.17,0.42,0.41,0.2,0.58,0.1,0.17,0.26,0.43,0.33,0.1,0.29,0.16,0.26,0.19,0.33,0.14,0.16,0.48,0.21,0.18,0.26,0.38,0.49,0.09,0.13,0.07,0.5,0.15,0.13,0.3,0.15,0.22,0.18,0.12,0.1,0.09,0.09,0.1,0.1,0.13,0.09,0.1,0.37,0.21,0.15,0.27,0.34,0.16,0.21,0.23,0.28,0.11,0.28,0.16,0.14
"N5-hydroxyornithine",0.2,0.41,0.45,0.17,0.32,0.21,0.16,0.11,0.21,0.28,0.42,0.13,0.11,0.25,0.5,0.22,0.24,0.23,0.08,0.28,0.56,0.41,0.17,0.09,0.11,0.16,0.19,0.17,0.18,0.19,0.21,0.2,0.41,0.52,0.52,0.52,0.22,0.15,0.45,0.26,0.11,0.23,0.28,0.28,0.13,0.16,0.08,0.1,0.24,0.13,0.3,0.28,0.27,0.26,0.25,0.1,0.09,0.29,0.26,0.12,0.24,0.25,0.24,0.29,0.22,0.28,0.27,0.28,0.21,0.27,0.26,0.1,0.32,0.12,0.13,0.23,0.09,0.26,0.12,0.35,0.23,0.13,0.22,0.1,0.24,0.22,0.11,0.12,0.35,0.09,0.38,0.11,0.09,0.1,0.19,0.12,0.23,0.25,0.1,0.11,0.23,0.08,0.09,0.23,0.08,0.1,0.1,0.17,0.08,0.19,0.26,0.21,0.2,0.23,0.45,0.35,0.45,1.0,0.88,0.24,0.28,0.1,0.19,0.2,0.22,0.21,0.14,0.19,0.21,0.16,0.31,0.18,0.14,0.48,0.19,0.39,0.41,0.12,0.12,0.09,0.21,0.17,0.2,0.22,0.21,0.3,0.22,0.16,0.17,0.1,0.21,0.14,0.64,0.1,0.13,0.37,0.41,0.13,0.1,0.16,0.08,0.15,0.3,0.19,0.15,0.48,0.46,0.23,0.45,0.09,0.19,0.28,0.5,0.37,0.11,0.28,0.18,0.28,0.22,0.38,0.15,0.14,0.56,0.23,0.25,0.28,0.43,0.39,0.1,0.14,0.08,0.58,0.17,0.15,0.33,0.17,0.24,0.19,0.14,0.11,0.1,0.1,0.11,0.11,0.15,0.1,0.11,0.42,0.16,0.14,0.27,0.34,0.15,0.24,0.26,0.31,0.12,0.28,0.18,0.16
"N6-hydroxylysine",0.2,0.39,0.48,0.16,0.32,0.2,0.16,0.1,0.23,0.27,0.41,0.13,0.1,0.28,0.48,0.21,0.24,0.22,0.08,0.27,0.54,0.39,0.17,0.09,0.11,0.16,0.18,0.16,0.18,0.19,0.21,0.19,0.43,0.55,0.55,0.55,0.21,0.15,0.44,0.25,0.11,0.22,0.28,0.27,0.12,0.15,0.07,0.1,0.24,0.12,0.29,0.27,0.26,0.26,0.24,0.1,0.09,0.28,0.25,0.11,0.24,0.24,0.24,0.28,0.22,0.27,0.26,0.27,0.21,0.26,0.25,0.1,0.32,0.11,0.13,0.23,0.09,0.26,0.11,0.34,0.22,0.13,0.22,0.1,0.24,0.22,0.1,0.11,0.34,0.09,0.36,0.11,0.09,0.09,0.18,0.12,0.23,0.24,0.1,0.1,0.23,0.08,0.08,0.23,0.08,0.1,0.1,0.16,0.08,0.18,0.25,0.2,0.19,0.22,0.44,0.34,0.44,0.88,1.0,0.24,0.28,0.1,0.18,0.19,0.22,0.21,0.14,0.18,0.2,0.15,0.3,0.17,0.14,0.47,0.18,0.38,0.39,0.11,0.12,0.09,0.2,0.16,0.22,0.22,0.21,0.29,0.21,0.16,0.16,0.09,0.21,0.14,0.57,0.1,0.13,0.4,0.39,0.13,0.1,0.16,0.08,0.15,0.29,0.18,0.14,0.46,0.45,0.22,0.44,0.09,0.18,0.28,0.48,0.36,0.11,0.27,0.18,0.28,0.21,0.37,0.15,0.14,0.59,0.23,0.24,0.28,0.42,0.38,0.1,0.14,0.08,0.56,0.16,0.14,0.32,0.16,0.24,0.19,0.14,0.1,0.1,0.09,0.11,0.11,0.14,0.09,0.11,0.41,0.15,0.13,0.26,0.33,0.14,0.23,0.25,0.31,0.11,0.27,0.17,0.16
"O-dimethylallyl-L-tyrosine",0.32,0.24,0.25,0.17,0.27,0.31,0.12,0.12,0.13,0.22,0.29,0.17,0.15,0.16,0.28,0.19,0.2,0.28,0.09,0.24,0.26,0.32,0.15,0.09,0.15,0.12,0.16,0.15,0.16,0.14,0.18,0.17,0.21,0.27,0.27,0.27,0.19,0.16,0.33,0.22,0.15,0.22,0.22,0.4,0.17,0.19,0.1,0.12,0.39,0.17,0.19,0.2,0.2,0.27,0.21,0.17,0.13,0.45,0.21,0.2,0.23,0.21,0.39,0.21,0.36,0.22,0.23,0.24,0.14,0.22,0.21,0.1,0.24,0.15,0.21,0.14,0.13,0.27,0.16,0.26,0.25,0.22,0.33,0.1,0.28,0.22,0.1,0.11,0.26,0.13,0.24,0.11,0.11,0.09,0.14,0.16,0.3,0.46,0.15,0.1,0.3,0.12,0.11,0.3,0.12,0.17,0.1,0.1,0.11,0.14,0.16,0.31,0.33,0.34,0.28,0.25,0.25,0.24,0.24,1.0,0.63,0.1,0.24,0.22,0.24,0.23,0.2,0.17,0.16,0.17,0.24,0.15,0.18,0.23,0.1,0.28,0.28,0.09,0.17,0.13,0.15,0.21,0.13,0.24,0.23,0.17,0.27,0.14,0.15,0.16,0.17,0.18,0.23,0.25,0.17,0.26,0.28,0.2,0.16,0.17,0.11,0.14,0.23,0.13,0.13,0.27,0.26,0.16,0.22,0.21,0.14,0.32,0.28,0.36,0.15,0.23,0.16,0.29,0.18,0.3,0.14,0.15,0.26,0.17,0.15,0.41,0.28,0.25,0.15,0.13,0.13,0.26,0.2,0.19,0.51,0.29,0.26,0.31,0.2,0.08,0.08,0.14,0.08,0.15,0.16,0.16,0.16,0.29,0.14,0.12,0.22,0.31,0.16,0.17,0.32,0.53,0.15,0.22,0.18,0.14
"O-methyltyrosine",0.36,0.28,0.29,0.17,0.28,0.32,0.14,0.14,0.15,0.26,0.34,0.2,0.17,0.19,0.32,0.22,0.24,0.26,0.1,0.27,0.3,0.38,0.18,0.08,0.18,0.14,0.19,0.17,0.18,0.16,0.21,0.2,0.23,0.32,0.32,0.32,0.22,0.19,0.38,0.22,0.18,0.26,0.24,0.46,0.19,0.22,0.09,0.11,0.51,0.19,0.22,0.23,0.23,0.31,0.24,0.16,0.15,0.53,0.25,0.29,0.31,0.24,0.44,0.24,0.41,0.26,0.26,0.27,0.16,0.26,0.25,0.11,0.25,0.17,0.23,0.16,0.15,0.31,0.19,0.3,0.29,0.26,0.43,0.11,0.31,0.22,0.09,0.15,0.3,0.15,0.28,0.12,0.1,0.11,0.16,0.19,0.33,0.61,0.17,0.12,0.33,0.13,0.12,0.33,0.14,0.19,0.11,0.12,0.12,0.13,0.18,0.36,0.38,0.41,0.32,0.25,0.26,0.28,0.28,0.63,1.0,0.11,0.24,0.24,0.28,0.27,0.16,0.19,0.18,0.21,0.29,0.18,0.21,0.27,0.11,0.32,0.33,0.1,0.2,0.15,0.17,0.29,0.15,0.28,0.27,0.2,0.31,0.17,0.17,0.16,0.19,0.18,0.27,0.18,0.17,0.31,0.33,0.2,0.16,0.2,0.12,0.16,0.26,0.15,0.12,0.31,0.31,0.19,0.26,0.15,0.16,0.37,0.32,0.42,0.16,0.27,0.18,0.33,0.22,0.35,0.16,0.15,0.3,0.19,0.17,0.47,0.32,0.26,0.17,0.15,0.15,0.31,0.23,0.22,0.61,0.33,0.31,0.36,0.24,0.09,0.09,0.16,0.09,0.18,0.19,0.16,0.18,0.34,0.13,0.12,0.26,0.32,0.15,0.2,0.36,0.62,0.17,0.26,0.21,0.17
"R-3-hydroxy-3-methylproline",0.1,0.1,0.11,0.13,0.11,0.08,0.23,0.19,0.12,0.15,0.12,0.13,0.1,0.12,0.14,0.14,0.27,0.13,0.08,0.11,0.1,0.15,0.17,0.22,0.11,0.12,0.15,0.16,0.14,0.12,0.14,0.16,0.13,0.12,0.12,0.12,0.14,0.15,0.09,0.1,0.11,0.1,0.13,0.08,0.1,0.1,0.13,0.29,0.1,0.12,0.11,0.12,0.1,0.08,0.14,0.1,0.09,0.09,0.14,0.11,0.14,0.14,0.08,0.11,0.09,0.15,0.13,0.13,0.12,0.15,0.14,0.33,0.09,0.14,0.15,0.12,0.09,0.08,0.11,0.1,0.1,0.1,0.11,0.29,0.09,0.11,0.3,0.26,0.1,0.22,0.1,0.28,0.26,0.38,0.11,0.12,0.09,0.1,0.13,0.26,0.09,0.1,0.11,0.09,0.2,0.12,0.25,0.1,0.15,0.11,0.14,0.12,0.11,0.09,0.11,0.09,0.09,0.1,0.1,0.1,0.11,1.0,0.08,0.12,0.1,0.09,0.07,0.13,0.15,0.2,0.17,0.06,0.11,0.09,0.02,0.11,0.11,0.34,0.12,0.12,0.12,0.1,0.11,0.1,0.09,0.1,0.12,0.16,0.16,0.09,0.16,0.11,0.09,0.1,0.1,0.11,0.11,0.1,0.1,0.16,0.16,0.15,0.15,0.14,0.14,0.11,0.11,0.14,0.09,0.09,0.11,0.11,0.11,0.09,0.11,0.14,0.14,0.09,0.17,0.14,0.05,0.11,0.1,0.12,0.12,0.09,0.13,0.09,0.1,0.24,0.14,0.11,0.1,0.11,0.1,0.05,0.11,0.1,0.11,0.3,0.26,0.12,0.31,0.14,0.19,0.12,0.11,0.12,0.12,0.1,0.15,0.13,0.14,0.12,0.1,0.09,0.11,0.15,0.14,0.06
"R-aza-beta-tyrosine",0.22,0.18,0.17,0.14,0.17,0.2,0.16,0.14,0.15,0.19,0.22,0.22,0.2,0.16,0.21,0.15,0.17,0.19,0.12,0.18,0.22,0.22,0.14,0.08,0.17,0.16,0.18,0.14,0.15,0.19,0.15,0.13,0.16,0.19,0.19,0.19,0.15,0.15,0.25,0.19,0.2,0.28,0.16,0.29,0.21,0.21,0.09,0.09,0.21,0.21,0.18,0.19,0.22,0.28,0.18,0.24,0.2,0.27,0.18,0.17,0.2,0.18,0.24,0.21,0.33,0.19,0.29,0.18,0.2,0.18,0.18,0.09,0.17,0.12,0.2,0.19,0.17,0.33,0.29,0.2,0.35,0.28,0.19,0.09,0.19,0.17,0.09,0.1,0.2,0.08,0.19,0.09,0.08,0.08,0.18,0.18,0.2,0.24,0.19,0.09,0.2,0.13,0.14,0.2,0.2,0.19,0.09,0.17,0.1,0.15,0.12,0.2,0.27,0.2,0.17,0.14,0.17,0.19,0.18,0.24,0.24,0.08,1.0,0.19,0.46,0.56,0.15,0.16,0.18,0.12,0.21,0.14,0.2,0.18,0.11,0.24,0.32,0.1,0.19,0.17,0.2,0.19,0.2,0.24,0.32,0.28,0.24,0.16,0.17,0.18,0.18,0.17,0.18,0.15,0.25,0.2,0.22,0.19,0.15,0.13,0.11,0.15,0.2,0.18,0.12,0.24,0.2,0.22,0.17,0.13,0.18,0.27,0.21,0.34,0.16,0.2,0.15,0.27,0.14,0.21,0.12,0.15,0.2,0.26,0.2,0.3,0.19,0.16,0.22,0.12,0.15,0.2,0.29,0.21,0.28,0.22,0.26,0.22,0.2,0.09,0.09,0.15,0.09,0.17,0.12,0.23,0.21,0.22,0.16,0.11,0.22,0.19,0.12,0.26,0.22,0.36,0.17,0.19,0.15,0.13
"R-beta-methyltryptophan",0.25,0.17,0.2,0.15,0.18,0.27,0.12,0.1,0.14,0.33,0.2,0.17,0.18,0.14,0.19,0.19,0.21,0.32,0.09,0.19,0.18,0.22,0.15,0.09,0.21,0.09,0.17,0.18,0.14,0.12,0.19,0.21,0.15,0.2,0.2,0.2,0.19,0.14,0.28,0.17,0.16,0.23,0.15,0.24,0.17,0.2,0.1,0.12,0.2,0.17,0.25,0.26,0.23,0.23,0.31,0.17,0.18,0.22,0.22,0.2,0.27,0.31,0.2,0.24,0.28,0.23,0.29,0.17,0.14,0.32,0.32,0.12,0.15,0.2,0.24,0.12,0.13,0.21,0.17,0.18,0.26,0.15,0.36,0.12,0.38,0.25,0.1,0.11,0.18,0.11,0.17,0.13,0.11,0.12,0.11,0.17,0.35,0.22,0.15,0.13,0.28,0.14,0.22,0.33,0.17,0.2,0.12,0.08,0.24,0.09,0.19,0.26,0.2,0.3,0.2,0.17,0.18,0.2,0.19,0.22,0.24,0.12,0.19,1.0,0.28,0.21,0.12,0.22,0.24,0.14,0.29,0.16,0.24,0.16,0.1,0.19,0.2,0.11,0.24,0.18,0.15,0.24,0.13,0.38,0.3,0.17,0.51,0.12,0.15,0.14,0.19,0.21,0.19,0.12,0.15,0.18,0.22,0.23,0.42,0.18,0.24,0.11,0.19,0.1,0.11,0.19,0.18,0.13,0.18,0.12,0.11,0.24,0.19,0.23,0.41,0.3,0.14,0.27,0.22,0.24,0.14,0.11,0.18,0.14,0.12,0.24,0.2,0.17,0.17,0.13,0.16,0.18,0.2,0.19,0.31,0.23,0.33,0.26,0.21,0.1,0.1,0.14,0.11,0.24,0.14,0.19,0.21,0.2,0.09,0.1,0.32,0.2,0.11,0.15,0.51,0.24,0.13,0.33,0.21,0.15
"R-beta-phenylalanine",0.26,0.22,0.2,0.17,0.2,0.25,0.16,0.14,0.18,0.23,0.28,0.23,0.24,0.18,0.26,0.18,0.21,0.23,0.11,0.21,0.27,0.27,0.17,0.09,0.28,0.2,0.23,0.17,0.18,0.23,0.18,0.16,0.18,0.22,0.22,0.22,0.22,0.15,0.37,0.22,0.21,0.3,0.19,0.31,0.22,0.22,0.1,0.1,0.22,0.22,0.22,0.23,0.27,0.32,0.21,0.22,0.23,0.29,0.22,0.23,0.21,0.21,0.24,0.25,0.29,0.23,0.35,0.21,0.24,0.23,0.22,0.1,0.2,0.17,0.21,0.23,0.17,0.29,0.23,0.24,0.34,0.23,0.24,0.1,0.24,0.2,0.11,0.12,0.24,0.09,0.22,0.11,0.09,0.1,0.23,0.22,0.23,0.25,0.19,0.11,0.23,0.13,0.13,0.23,0.16,0.22,0.1,0.17,0.14,0.19,0.15,0.31,0.22,0.28,0.2,0.16,0.2,0.22,0.22,0.24,0.28,0.1,0.46,0.28,1.0,0.7,0.13,0.19,0.18,0.16,0.26,0.18,0.32,0.21,0.13,0.3,0.41,0.12,0.33,0.24,0.3,0.22,0.23,0.47,0.31,0.34,0.45,0.2,0.21,0.18,0.19,0.28,0.21,0.15,0.19,0.24,0.27,0.3,0.23,0.16,0.14,0.19,0.21,0.23,0.15,0.29,0.24,0.28,0.2,0.13,0.23,0.25,0.26,0.3,0.24,0.24,0.18,0.39,0.18,0.25,0.15,0.17,0.24,0.32,0.25,0.32,0.23,0.19,0.23,0.14,0.17,0.24,0.27,0.26,0.42,0.35,0.52,0.34,0.32,0.11,0.1,0.18,0.11,0.24,0.15,0.24,0.29,0.28,0.19,0.14,0.23,0.23,0.15,0.33,0.32,0.31,0.17,0.23,0.18,0.16
"R-beta-tyrosine",0.24,0.21,0.19,0.16,0.19,0.2,0.19,0.13,0.17,0.22,0.26,0.25,0.22,0.18,0.24,0.17,0.19,0.22,0.14,0.2,0.26,0.25,0.16,0.09,0.19,0.19,0.21,0.16,0.17,0.22,0.17,0.15,0.17,0.21,0.21,0.21,0.21,0.14,0.28,0.21,0.23,0.36,0.18,0.26,0.24,0.24,0.1,0.1,0.23,0.24,0.21,0.22,0.26,0.31,0.2,0.21,0.19,0.31,0.21,0.19,0.23,0.2,0.26,0.24,0.42,0.22,0.33,0.2,0.23,0.21,0.21,0.1,0.19,0.16,0.23,0.22,0.19,0.38,0.38,0.22,0.55,0.36,0.21,0.1,0.21,0.19,0.1,0.11,0.22,0.09,0.21,0.11,0.09,0.09,0.21,0.21,0.22,0.27,0.22,0.1,0.22,0.15,0.15,0.22,0.23,0.21,0.1,0.19,0.11,0.18,0.14,0.22,0.34,0.22,0.19,0.15,0.19,0.21,0.21,0.23,0.27,0.09,0.56,0.21,0.7,1.0,0.12,0.18,0.17,0.15,0.24,0.17,0.23,0.2,0.12,0.28,0.38,0.11,0.23,0.17,0.23,0.23,0.22,0.31,0.5,0.32,0.31,0.19,0.19,0.2,0.18,0.19,0.2,0.17,0.32,0.23,0.25,0.22,0.17,0.15,0.11,0.18,0.2,0.21,0.14,0.27,0.23,0.26,0.19,0.14,0.21,0.24,0.24,0.43,0.18,0.23,0.17,0.3,0.17,0.24,0.14,0.16,0.22,0.3,0.23,0.33,0.22,0.18,0.18,0.14,0.16,0.23,0.47,0.24,0.31,0.26,0.34,0.25,0.23,0.1,0.1,0.17,0.1,0.19,0.14,0.17,0.24,0.26,0.18,0.13,0.21,0.22,0.14,0.31,0.24,0.45,0.19,0.22,0.17,0.15
"S-adenosylmethionine",0.14,0.14,0.15,0.08,0.14,0.16,0.06,0.08,0.09,0.12,0.14,0.1,0.07,0.11,0.16,0.1,0.12,0.15,0.07,0.13,0.15,0.16,0.08,0.08,0.07,0.08,0.11,0.08,0.1,0.09,0.1,0.09,0.16,0.16,0.16,0.16,0.1,0.09,0.17,0.11,0.07,0.13,0.15,0.16,0.1,0.11,0.08,0.1,0.17,0.1,0.1,0.11,0.12,0.16,0.12,0.1,0.08,0.15,0.12,0.11,0.12,0.12,0.15,0.12,0.14,0.12,0.13,0.15,0.11,0.12,0.14,0.07,0.14,0.08,0.12,0.07,0.08,0.16,0.07,0.13,0.13,0.1,0.14,0.08,0.14,0.12,0.08,0.09,0.13,0.08,0.14,0.09,0.08,0.11,0.07,0.1,0.13,0.15,0.08,0.08,0.13,0.09,0.09,0.13,0.09,0.08,0.08,0.05,0.11,0.06,0.09,0.12,0.12,0.18,0.17,0.15,0.14,0.14,0.14,0.2,0.16,0.07,0.15,0.12,0.13,0.12,1.0,0.12,0.14,0.07,0.13,0.1,0.1,0.14,0.08,0.14,0.14,0.07,0.08,0.11,0.08,0.14,0.11,0.13,0.12,0.11,0.14,0.08,0.08,0.07,0.15,0.07,0.14,0.11,0.07,0.13,0.16,0.08,0.07,0.08,0.1,0.12,0.18,0.06,0.05,0.15,0.15,0.08,0.14,0.1,0.07,0.16,0.16,0.17,0.09,0.13,0.1,0.16,0.1,0.15,0.09,0.08,0.15,0.09,0.08,0.15,0.16,0.15,0.08,0.09,0.1,0.15,0.1,0.1,0.16,0.1,0.13,0.11,0.1,0.07,0.07,0.09,0.07,0.07,0.06,0.09,0.07,0.14,0.06,0.05,0.14,0.15,0.07,0.09,0.14,0.16,0.09,0.12,0.1,0.09
"S-beta-hydroxycyclohex-2S-enylalanine",0.24,0.21,0.17,0.11,0.17,0.15,0.16,0.22,0.1,0.29,0.22,0.14,0.14,0.16,0.21,0.21,0.23,0.25,0.1,0.18,0.2,0.22,0.14,0.15,0.12,0.1,0.12,0.14,0.12,0.13,0.18,0.19,0.2,0.19,0.19,0.19,0.21,0.12,0.2,0.19,0.12,0.22,0.21,0.18,0.13,0.16,0.16,0.13,0.19,0.13,0.31,0.33,0.29,0.2,0.31,0.13,0.1,0.19,0.21,0.12,0.26,0.27,0.17,0.31,0.27,0.19,0.26,0.49,0.13,0.29,0.28,0.16,0.17,0.1,0.13,0.13,0.1,0.18,0.12,0.22,0.22,0.11,0.15,0.14,0.15,0.24,0.14,0.12,0.22,0.12,0.21,0.15,0.12,0.15,0.12,0.16,0.18,0.17,0.11,0.17,0.16,0.11,0.09,0.18,0.13,0.13,0.19,0.09,0.1,0.1,0.15,0.15,0.14,0.16,0.2,0.16,0.2,0.19,0.18,0.17,0.19,0.13,0.16,0.22,0.19,0.18,0.12,1.0,0.34,0.12,0.24,0.11,0.14,0.18,0.09,0.21,0.22,0.18,0.13,0.12,0.14,0.26,0.12,0.31,0.29,0.16,0.27,0.1,0.11,0.1,0.23,0.12,0.18,0.09,0.11,0.2,0.22,0.14,0.11,0.13,0.11,0.1,0.2,0.11,0.12,0.21,0.2,0.15,0.2,0.08,0.12,0.19,0.21,0.2,0.09,0.26,0.12,0.19,0.21,0.21,0.1,0.1,0.2,0.22,0.14,0.19,0.19,0.16,0.11,0.18,0.12,0.2,0.2,0.15,0.21,0.14,0.23,0.22,0.12,0.2,0.19,0.13,0.2,0.12,0.12,0.1,0.15,0.22,0.1,0.11,0.32,0.19,0.1,0.16,0.17,0.2,0.1,0.29,0.15,0.1
"S-beta-hydroxyenduracididine",0.24,0.2,0.17,0.11,0.16,0.16,0.16,0.16,0.1,0.29,0.22,0.16,0.14,0.15,0.21,0.18,0.22,0.24,0.15,0.18,0.19,0.21,0.14,0.14,0.11,0.1,0.12,0.13,0.12,0.12,0.17,0.19,0.2,0.18,0.18,0.18,0.18,0.15,0.22,0.18,0.11,0.21,0.21,0.23,0.16,0.18,0.19,0.16,0.16,0.16,0.31,0.32,0.28,0.22,0.3,0.16,0.12,0.19,0.21,0.14,0.26,0.26,0.16,0.3,0.27,0.18,0.25,0.2,0.12,0.28,0.27,0.16,0.16,0.12,0.18,0.12,0.1,0.2,0.12,0.22,0.21,0.11,0.17,0.16,0.17,0.24,0.16,0.14,0.22,0.14,0.21,0.17,0.14,0.15,0.12,0.15,0.18,0.17,0.11,0.16,0.18,0.09,0.11,0.18,0.15,0.13,0.16,0.09,0.12,0.1,0.18,0.17,0.14,0.16,0.22,0.18,0.22,0.21,0.2,0.16,0.18,0.15,0.18,0.24,0.18,0.17,0.14,0.34,1.0,0.12,0.24,0.11,0.17,0.17,0.08,0.21,0.21,0.18,0.13,0.15,0.13,0.23,0.12,0.3,0.29,0.16,0.26,0.1,0.1,0.1,0.51,0.14,0.17,0.09,0.13,0.2,0.21,0.13,0.13,0.13,0.12,0.1,0.5,0.11,0.11,0.2,0.2,0.14,0.22,0.08,0.12,0.23,0.21,0.19,0.11,0.26,0.12,0.21,0.21,0.2,0.1,0.08,0.19,0.18,0.13,0.21,0.19,0.18,0.13,0.17,0.12,0.2,0.19,0.18,0.24,0.16,0.22,0.21,0.14,0.16,0.16,0.12,0.17,0.14,0.11,0.12,0.14,0.22,0.1,0.11,0.35,0.19,0.09,0.16,0.19,0.2,0.1,0.29,0.14,0.1
"acetic_acid",0.11,0.15,0.18,0.23,0.17,0.11,0.24,0.23,0.19,0.29,0.22,0.17,0.17,0.2,0.2,0.26,0.24,0.27,0.09,0.16,0.17,0.28,0.36,0.14,0.18,0.24,0.28,0.33,0.26,0.22,0.25,0.31,0.12,0.21,0.21,0.21,0.26,0.35,0.14,0.16,0.18,0.17,0.13,0.16,0.16,0.16,0.08,0.21,0.17,0.16,0.2,0.22,0.17,0.12,0.25,0.16,0.14,0.17,0.26,0.18,0.24,0.25,0.14,0.19,0.13,0.29,0.23,0.12,0.19,0.28,0.26,0.22,0.13,0.22,0.16,0.22,0.14,0.12,0.21,0.17,0.17,0.17,0.12,0.22,0.09,0.17,0.17,0.18,0.17,0.21,0.16,0.25,0.18,0.19,0.21,0.15,0.1,0.18,0.22,0.23,0.1,0.15,0.12,0.1,0.12,0.21,0.21,0.17,0.11,0.21,0.26,0.19,0.17,0.13,0.22,0.16,0.14,0.16,0.15,0.17,0.21,0.2,0.12,0.14,0.16,0.15,0.07,0.12,0.12,1.0,0.36,0.12,0.18,0.15,0.04,0.2,0.21,0.21,0.24,0.14,0.25,0.14,0.18,0.16,0.15,0.17,0.2,0.31,0.33,0.15,0.12,0.18,0.15,0.18,0.17,0.18,0.21,0.17,0.12,0.4,0.11,0.28,0.12,0.31,0.33,0.19,0.18,0.31,0.14,0.15,0.21,0.13,0.2,0.14,0.12,0.24,0.26,0.13,0.38,0.25,0.1,0.18,0.17,0.22,0.25,0.17,0.22,0.17,0.17,0.25,0.14,0.18,0.17,0.2,0.21,0.08,0.18,0.17,0.18,0.17,0.17,0.15,0.18,0.18,0.6,0.15,0.19,0.22,0.22,0.17,0.28,0.22,0.26,0.24,0.11,0.19,0.18,0.29,0.25,0.11
"alanine",0.22,0.3,0.31,0.28,0.3,0.2,0.24,0.14,0.23,0.59,0.42,0.18,0.14,0.25,0.38,0.38,0.41,0.43,0.12,0.32,0.33,0.47,0.33,0.12,0.15,0.18,0.33,0.39,0.26,0.23,0.36,0.44,0.24,0.36,0.36,0.36,0.38,0.27,0.27,0.31,0.15,0.32,0.25,0.24,0.17,0.21,0.1,0.17,0.24,0.17,0.38,0.42,0.33,0.23,0.5,0.13,0.12,0.26,0.45,0.19,0.41,0.5,0.21,0.36,0.26,0.5,0.45,0.24,0.24,0.56,0.53,0.18,0.26,0.15,0.24,0.23,0.12,0.23,0.17,0.33,0.32,0.14,0.21,0.18,0.18,0.39,0.14,0.15,0.33,0.15,0.31,0.2,0.15,0.16,0.22,0.17,0.2,0.25,0.18,0.19,0.2,0.13,0.11,0.2,0.14,0.17,0.17,0.14,0.1,0.17,0.38,0.23,0.22,0.22,0.31,0.26,0.27,0.31,0.3,0.24,0.29,0.17,0.21,0.29,0.26,0.24,0.13,0.24,0.24,0.36,1.0,0.35,0.19,0.29,0.13,0.38,0.4,0.17,0.18,0.12,0.25,0.24,0.23,0.31,0.29,0.27,0.4,0.24,0.25,0.12,0.24,0.15,0.29,0.13,0.14,0.35,0.4,0.18,0.13,0.3,0.1,0.22,0.24,0.22,0.24,0.36,0.35,0.29,0.27,0.11,0.22,0.25,0.45,0.27,0.11,0.48,0.26,0.25,0.53,0.5,0.27,0.15,0.33,0.29,0.25,0.25,0.38,0.24,0.14,0.25,0.12,0.35,0.23,0.21,0.31,0.19,0.35,0.22,0.15,0.14,0.14,0.12,0.15,0.15,0.31,0.12,0.15,0.42,0.17,0.19,0.56,0.38,0.21,0.3,0.22,0.29,0.15,0.59,0.36,0.3
"alaninol",0.13,0.31,0.19,0.19,0.19,0.13,0.09,0.03,0.16,0.3,0.24,0.07,0.03,0.13,0.22,0.22,0.2,0.23,0.08,0.21,0.19,0.29,0.15,0.03,0.03,0.09,0.23,0.2,0.22,0.13,0.21,0.19,0.14,0.22,0.22,0.22,0.22,0.12,0.16,0.18,0.03,0.14,0.15,0.14,0.06,0.06,0.07,0.06,0.15,0.06,0.17,0.18,0.19,0.14,0.26,0.03,0.03,0.15,0.22,0.09,0.2,0.26,0.12,0.21,0.15,0.3,0.29,0.14,0.17,0.29,0.27,0.07,0.15,0.06,0.14,0.13,0.03,0.14,0.04,0.19,0.14,0.07,0.14,0.07,0.11,0.23,0.03,0.09,0.29,0.06,0.18,0.07,0.06,0.06,0.12,0.06,0.12,0.16,0.07,0.07,0.12,0.05,0.03,0.15,0.05,0.06,0.06,0.07,0.04,0.08,0.17,0.12,0.12,0.14,0.19,0.18,0.16,0.18,0.17,0.15,0.18,0.06,0.14,0.16,0.18,0.17,0.1,0.11,0.11,0.12,0.35,1.0,0.07,0.17,0.27,0.22,0.23,0.04,0.04,0.03,0.14,0.12,0.16,0.14,0.13,0.19,0.21,0.14,0.14,0.03,0.11,0.03,0.17,0.08,0.03,0.2,0.23,0.07,0.05,0.14,0.04,0.12,0.14,0.11,0.05,0.21,0.2,0.17,0.16,0.06,0.12,0.15,0.33,0.16,0.05,0.3,0.17,0.15,0.22,0.32,0.5,0.09,0.19,0.13,0.14,0.15,0.23,0.15,0.03,0.12,0.05,0.2,0.07,0.08,0.18,0.29,0.15,0.1,0.07,0.03,0.03,0.03,0.03,0.03,0.11,0.03,0.04,0.37,0.08,0.07,0.29,0.23,0.12,0.14,0.13,0.17,0.09,0.3,0.16,0.67
"anthranilic_acid",0.19,0.14,0.12,0.11,0.12,0.2,0.18,0.15,0.1,0.17,0.17,0.48,0.44,0.11,0.16,0.12,0.15,0.18,0.16,0.12,0.15,0.17,0.19,0.1,0.52,0.14,0.13,0.14,0.16,0.17,0.12,0.14,0.14,0.14,0.14,0.14,0.12,0.17,0.29,0.17,0.27,0.21,0.12,0.23,0.41,0.37,0.11,0.11,0.15,0.37,0.16,0.17,0.15,0.32,0.16,0.28,0.29,0.21,0.16,0.45,0.15,0.16,0.18,0.16,0.21,0.17,0.15,0.14,0.1,0.17,0.16,0.11,0.12,0.18,0.36,0.17,0.22,0.28,0.3,0.15,0.25,0.21,0.18,0.11,0.18,0.12,0.11,0.1,0.15,0.1,0.14,0.12,0.1,0.1,0.17,0.5,0.2,0.18,0.21,0.11,0.2,0.22,0.23,0.17,0.17,0.28,0.11,0.11,0.14,0.13,0.12,0.26,0.18,0.22,0.12,0.1,0.12,0.14,0.14,0.18,0.21,0.11,0.2,0.24,0.32,0.23,0.1,0.14,0.17,0.18,0.19,0.07,1.0,0.13,0.05,0.16,0.17,0.13,0.43,0.29,0.23,0.15,0.1,0.32,0.23,0.14,0.31,0.14,0.14,0.19,0.17,0.31,0.13,0.16,0.21,0.15,0.17,0.33,0.25,0.18,0.15,0.13,0.17,0.16,0.17,0.16,0.19,0.21,0.12,0.13,0.17,0.18,0.16,0.22,0.23,0.15,0.16,0.52,0.15,0.16,0.06,0.12,0.15,0.13,0.19,0.24,0.14,0.1,0.29,0.16,0.26,0.15,0.22,0.38,0.32,0.26,0.36,0.29,0.31,0.11,0.11,0.23,0.12,0.31,0.17,0.3,0.54,0.17,0.13,0.15,0.17,0.14,0.12,0.14,0.24,0.23,0.18,0.17,0.16,0.06
"arginine",0.19,0.38,0.43,0.16,0.31,0.2,0.15,0.1,0.2,0.26,0.39,0.12,0.1,0.24,0.46,0.21,0.23,0.22,0.08,0.26,0.52,0.38,0.16,0.09,0.1,0.15,0.18,0.16,0.17,0.18,0.2,0.19,0.38,0.48,0.48,0.48,0.21,0.14,0.47,0.24,0.1,0.22,0.27,0.26,0.12,0.15,0.07,0.1,0.23,0.12,0.32,0.26,0.29,0.25,0.24,0.1,0.09,0.28,0.24,0.11,0.23,0.27,0.23,0.27,0.21,0.26,0.26,0.26,0.2,0.25,0.24,0.1,0.34,0.09,0.12,0.22,0.09,0.25,0.11,0.38,0.22,0.12,0.21,0.1,0.21,0.21,0.1,0.11,0.33,0.11,0.35,0.11,0.09,0.09,0.18,0.12,0.22,0.24,0.1,0.1,0.22,0.08,0.08,0.22,0.08,0.1,0.1,0.13,0.08,0.14,0.17,0.17,0.16,0.22,0.43,0.33,0.43,0.48,0.47,0.23,0.27,0.09,0.18,0.16,0.21,0.2,0.14,0.18,0.17,0.15,0.29,0.17,0.13,1.0,0.53,0.41,0.38,0.11,0.12,0.09,0.19,0.16,0.19,0.21,0.2,0.29,0.21,0.15,0.16,0.09,0.18,0.1,0.5,0.1,0.1,0.34,0.43,0.15,0.12,0.19,0.08,0.14,0.26,0.17,0.14,0.45,0.48,0.21,0.47,0.08,0.38,0.27,0.46,0.35,0.1,0.26,0.21,0.27,0.21,0.35,0.14,0.14,0.52,0.22,0.23,0.27,0.41,0.34,0.1,0.14,0.07,0.54,0.16,0.14,0.31,0.16,0.23,0.18,0.13,0.1,0.1,0.09,0.1,0.1,0.14,0.09,0.11,0.39,0.15,0.16,0.25,0.32,0.14,0.23,0.24,0.3,0.11,0.26,0.17,0.15
"argininol",0.1,0.22,0.17,0.08,0.14,0.08,0.06,0.02,0.12,0.12,0.16,0.05,0.02,0.12,0.18,0.08,0.11,0.1,0.05,0.11,0.2,0.15,0.06,0.02,0.02,0.06,0.09,0.06,0.11,0.09,0.08,0.06,0.16,0.19,0.19,0.19,0.08,0.06,0.2,0.13,0.02,0.1,0.11,0.11,0.05,0.05,0.05,0.02,0.1,0.05,0.15,0.12,0.17,0.1,0.11,0.02,0.02,0.11,0.11,0.04,0.11,0.14,0.1,0.14,0.11,0.12,0.14,0.11,0.12,0.12,0.11,0.02,0.17,0.02,0.06,0.12,0.02,0.1,0.03,0.2,0.1,0.05,0.11,0.02,0.11,0.11,0.02,0.04,0.2,0.04,0.16,0.03,0.02,0.02,0.09,0.05,0.12,0.1,0.02,0.02,0.09,0.02,0.04,0.12,0.02,0.02,0.02,0.05,0.05,0.06,0.05,0.07,0.07,0.11,0.17,0.16,0.17,0.19,0.18,0.1,0.11,0.02,0.11,0.1,0.13,0.12,0.08,0.09,0.08,0.04,0.13,0.27,0.05,0.53,1.0,0.18,0.15,0.03,0.03,0.02,0.09,0.08,0.12,0.1,0.1,0.26,0.1,0.06,0.06,0.02,0.09,0.02,0.21,0.04,0.02,0.14,0.19,0.08,0.08,0.09,0.05,0.06,0.11,0.07,0.03,0.18,0.21,0.1,0.2,0.03,0.27,0.11,0.22,0.14,0.06,0.14,0.11,0.11,0.06,0.14,0.31,0.07,0.2,0.09,0.13,0.11,0.16,0.14,0.02,0.05,0.02,0.21,0.05,0.05,0.13,0.27,0.11,0.08,0.05,0.02,0.02,0.02,0.02,0.02,0.03,0.02,0.03,0.23,0.06,0.08,0.12,0.13,0.05,0.09,0.12,0.12,0.04,0.12,0.05,0.24
"asparagine",0.22,0.38,0.34,0.19,0.33,0.23,0.19,0.12,0.17,0.33,0.52,0.15,0.12,0.21,0.48,0.26,0.29,0.27,0.1,0.39,0.42,0.5,0.21,0.1,0.12,0.19,0.27,0.2,0.21,0.23,0.25,0.24,0.31,0.39,0.39,0.39,0.26,0.18,0.34,0.3,0.12,0.27,0.32,0.31,0.15,0.18,0.12,0.11,0.28,0.15,0.36,0.33,0.54,0.37,0.3,0.11,0.1,0.33,0.31,0.13,0.29,0.35,0.28,0.35,0.26,0.33,0.37,0.31,0.21,0.32,0.31,0.12,0.38,0.1,0.15,0.23,0.1,0.37,0.14,0.54,0.27,0.15,0.24,0.12,0.24,0.26,0.12,0.13,0.48,0.1,0.44,0.13,0.1,0.11,0.22,0.14,0.26,0.28,0.15,0.12,0.26,0.09,0.1,0.26,0.09,0.11,0.11,0.16,0.07,0.18,0.21,0.2,0.19,0.26,0.34,0.26,0.34,0.39,0.38,0.28,0.32,0.11,0.24,0.19,0.3,0.28,0.14,0.21,0.21,0.2,0.38,0.22,0.16,0.41,0.18,1.0,0.65,0.14,0.15,0.11,0.25,0.19,0.19,0.26,0.24,0.31,0.25,0.19,0.2,0.11,0.21,0.12,0.41,0.11,0.12,0.44,0.5,0.23,0.14,0.24,0.07,0.18,0.31,0.23,0.18,0.46,0.57,0.29,0.39,0.1,0.27,0.32,0.48,0.34,0.12,0.33,0.21,0.41,0.27,0.52,0.18,0.13,0.42,0.33,0.36,0.32,0.41,0.27,0.12,0.17,0.09,0.44,0.19,0.17,0.39,0.19,0.29,0.23,0.16,0.12,0.12,0.11,0.12,0.12,0.18,0.11,0.13,0.52,0.19,0.16,0.32,0.41,0.17,0.35,0.29,0.37,0.13,0.33,0.21,0.19
"aspartic_acid",0.23,0.39,0.35,0.2,0.34,0.23,0.2,0.12,0.21,0.35,0.55,0.16,0.12,0.22,0.5,0.27,0.3,0.28,0.1,0.41,0.5,0.52,0.22,0.11,0.13,0.25,0.28,0.21,0.22,0.29,0.26,0.25,0.31,0.41,0.41,0.41,0.27,0.19,0.35,0.31,0.13,0.28,0.33,0.32,0.15,0.19,0.09,0.12,0.28,0.15,0.32,0.35,0.38,0.38,0.31,0.12,0.11,0.34,0.32,0.14,0.3,0.31,0.28,0.36,0.26,0.35,0.5,0.32,0.29,0.33,0.32,0.12,0.34,0.11,0.15,0.29,0.11,0.38,0.14,0.5,0.28,0.16,0.25,0.12,0.24,0.26,0.12,0.14,0.5,0.1,0.46,0.13,0.11,0.11,0.28,0.15,0.27,0.29,0.16,0.12,0.27,0.09,0.1,0.27,0.1,0.12,0.12,0.2,0.07,0.23,0.22,0.21,0.19,0.26,0.35,0.27,0.35,0.41,0.39,0.28,0.33,0.11,0.32,0.2,0.41,0.38,0.14,0.22,0.21,0.21,0.4,0.23,0.17,0.38,0.15,0.65,1.0,0.14,0.15,0.11,0.32,0.19,0.27,0.27,0.25,0.42,0.26,0.25,0.26,0.11,0.22,0.13,0.38,0.12,0.12,0.46,0.52,0.16,0.12,0.2,0.07,0.23,0.31,0.3,0.19,0.55,0.46,0.37,0.35,0.1,0.28,0.33,0.5,0.35,0.12,0.35,0.22,0.42,0.29,0.55,0.19,0.17,0.44,0.48,0.32,0.33,0.42,0.31,0.12,0.17,0.09,0.46,0.2,0.18,0.41,0.2,0.3,0.23,0.17,0.12,0.12,0.11,0.13,0.13,0.19,0.11,0.13,0.55,0.24,0.16,0.33,0.42,0.18,0.5,0.3,0.38,0.14,0.35,0.21,0.2
"azetidine-2-carboxylic_acid",0.09,0.11,0.11,0.12,0.1,0.07,0.2,0.29,0.11,0.15,0.15,0.12,0.12,0.11,0.18,0.14,0.17,0.12,0.1,0.1,0.12,0.14,0.17,0.35,0.13,0.15,0.14,0.16,0.14,0.15,0.13,0.15,0.15,0.12,0.12,0.12,0.14,0.14,0.11,0.12,0.13,0.12,0.16,0.1,0.12,0.12,0.19,0.31,0.09,0.12,0.14,0.15,0.12,0.12,0.13,0.12,0.11,0.1,0.14,0.11,0.13,0.13,0.09,0.13,0.1,0.15,0.12,0.18,0.11,0.14,0.14,0.48,0.1,0.14,0.12,0.15,0.11,0.12,0.14,0.12,0.12,0.12,0.1,0.42,0.1,0.1,0.44,0.35,0.12,0.3,0.12,0.42,0.35,0.48,0.14,0.11,0.11,0.09,0.12,0.44,0.11,0.09,0.12,0.11,0.31,0.12,0.41,0.12,0.15,0.14,0.14,0.11,0.1,0.08,0.11,0.08,0.11,0.12,0.11,0.09,0.1,0.34,0.1,0.11,0.12,0.11,0.07,0.18,0.18,0.21,0.17,0.04,0.13,0.11,0.03,0.14,0.14,1.0,0.15,0.11,0.16,0.09,0.11,0.12,0.11,0.12,0.11,0.15,0.16,0.11,0.22,0.13,0.11,0.09,0.12,0.13,0.14,0.12,0.12,0.15,0.15,0.19,0.18,0.18,0.19,0.13,0.13,0.18,0.11,0.08,0.14,0.13,0.14,0.11,0.12,0.13,0.14,0.13,0.17,0.13,0.03,0.11,0.12,0.15,0.16,0.1,0.12,0.09,0.12,0.21,0.14,0.13,0.12,0.14,0.12,0.06,0.13,0.12,0.13,0.71,0.48,0.14,0.75,0.17,0.19,0.11,0.13,0.15,0.15,0.12,0.14,0.12,0.14,0.15,0.12,0.11,0.11,0.15,0.13,0.03
"benzoic_acid",0.18,0.12,0.11,0.13,0.11,0.19,0.17,0.17,0.11,0.16,0.16,0.3,0.36,0.12,0.15,0.15,0.14,0.17,0.11,0.1,0.13,0.15,0.18,0.11,0.43,0.17,0.15,0.17,0.15,0.16,0.14,0.17,0.1,0.12,0.12,0.12,0.15,0.15,0.29,0.12,0.43,0.21,0.11,0.23,0.29,0.38,0.09,0.12,0.14,0.38,0.15,0.16,0.13,0.22,0.14,0.33,0.33,0.21,0.15,0.29,0.14,0.14,0.17,0.14,0.21,0.16,0.13,0.13,0.12,0.15,0.15,0.13,0.11,0.21,0.22,0.16,0.33,0.18,0.58,0.13,0.25,0.25,0.18,0.13,0.17,0.11,0.13,0.11,0.13,0.11,0.12,0.14,0.11,0.12,0.15,0.28,0.16,0.18,0.25,0.13,0.16,0.18,0.19,0.16,0.19,0.33,0.12,0.13,0.16,0.15,0.15,0.3,0.21,0.21,0.11,0.11,0.11,0.12,0.12,0.17,0.2,0.12,0.19,0.24,0.33,0.23,0.08,0.13,0.13,0.24,0.18,0.04,0.43,0.12,0.03,0.15,0.15,0.15,1.0,0.34,0.23,0.14,0.11,0.33,0.23,0.13,0.32,0.17,0.17,0.23,0.13,0.38,0.12,0.18,0.25,0.14,0.15,0.35,0.25,0.17,0.16,0.15,0.13,0.2,0.21,0.14,0.14,0.2,0.11,0.15,0.15,0.17,0.15,0.21,0.26,0.14,0.15,0.27,0.19,0.14,0.03,0.14,0.13,0.16,0.17,0.24,0.13,0.11,0.52,0.14,0.23,0.14,0.26,0.55,0.33,0.26,0.38,0.35,0.38,0.13,0.13,0.36,0.14,0.38,0.21,0.36,0.45,0.16,0.16,0.13,0.15,0.13,0.15,0.17,0.24,0.23,0.21,0.16,0.19,0.04
"benzoxazolinate",0.14,0.09,0.09,0.1,0.08,0.18,0.11,0.15,0.09,0.11,0.11,0.21,0.25,0.09,0.11,0.11,0.1,0.12,0.08,0.08,0.1,0.11,0.12,0.09,0.29,0.11,0.11,0.12,0.11,0.11,0.1,0.11,0.1,0.09,0.09,0.09,0.11,0.14,0.21,0.09,0.22,0.15,0.08,0.2,0.21,0.21,0.07,0.09,0.11,0.21,0.11,0.11,0.1,0.17,0.1,0.27,0.38,0.16,0.11,0.21,0.1,0.1,0.13,0.1,0.16,0.11,0.12,0.12,0.09,0.11,0.11,0.1,0.08,0.16,0.17,0.11,0.19,0.14,0.24,0.1,0.18,0.18,0.14,0.1,0.14,0.08,0.1,0.09,0.1,0.08,0.09,0.1,0.09,0.09,0.11,0.2,0.13,0.14,0.18,0.1,0.13,0.14,0.15,0.13,0.15,0.24,0.09,0.1,0.15,0.11,0.11,0.22,0.16,0.17,0.09,0.07,0.09,0.09,0.09,0.13,0.15,0.12,0.17,0.18,0.24,0.17,0.11,0.12,0.15,0.14,0.12,0.03,0.29,0.09,0.02,0.11,0.11,0.11,0.34,1.0,0.15,0.11,0.09,0.24,0.17,0.1,0.23,0.11,0.12,0.17,0.15,0.26,0.09,0.14,0.18,0.13,0.14,0.24,0.19,0.11,0.13,0.11,0.12,0.13,0.13,0.1,0.1,0.13,0.09,0.12,0.11,0.15,0.11,0.16,0.2,0.1,0.11,0.2,0.12,0.1,0.02,0.11,0.1,0.11,0.12,0.18,0.1,0.07,0.28,0.1,0.2,0.1,0.18,0.24,0.24,0.18,0.26,0.24,0.26,0.1,0.1,0.22,0.1,0.26,0.13,0.4,0.3,0.11,0.11,0.1,0.14,0.1,0.11,0.11,0.19,0.17,0.16,0.11,0.13,0.03
"beta-alanine",0.15,0.2,0.22,0.18,0.18,0.15,0.23,0.14,0.27,0.22,0.33,0.17,0.18,0.16,0.36,0.2,0.19,0.21,0.11,0.17,0.38,0.26,0.25,0.11,0.19,0.42,0.21,0.18,0.25,0.33,0.19,0.17,0.19,0.21,0.21,0.21,0.2,0.21,0.22,0.3,0.14,0.17,0.17,0.2,0.17,0.17,0.1,0.13,0.15,0.17,0.2,0.22,0.22,0.19,0.19,0.17,0.15,0.18,0.2,0.18,0.19,0.19,0.15,0.29,0.18,0.33,0.27,0.17,0.19,0.21,0.2,0.13,0.18,0.11,0.13,0.65,0.11,0.16,0.16,0.22,0.17,0.17,0.18,0.13,0.15,0.21,0.14,0.15,0.22,0.11,0.3,0.15,0.11,0.12,0.53,0.16,0.14,0.15,0.13,0.14,0.14,0.1,0.11,0.14,0.1,0.17,0.13,0.32,0.09,0.26,0.15,0.19,0.14,0.16,0.18,0.17,0.18,0.21,0.2,0.15,0.17,0.12,0.2,0.15,0.3,0.23,0.08,0.14,0.13,0.25,0.25,0.14,0.23,0.19,0.09,0.25,0.32,0.16,0.23,0.15,1.0,0.12,0.18,0.21,0.16,0.36,0.2,0.29,0.44,0.12,0.14,0.19,0.19,0.12,0.13,0.23,0.26,0.21,0.16,0.23,0.1,0.38,0.16,0.35,0.22,0.41,0.28,0.53,0.18,0.13,0.32,0.17,0.25,0.18,0.17,0.23,0.25,0.21,0.2,0.24,0.12,0.26,0.32,0.27,0.37,0.21,0.21,0.17,0.17,0.19,0.12,0.33,0.14,0.2,0.25,0.18,0.23,0.21,0.23,0.14,0.13,0.12,0.14,0.19,0.22,0.16,0.19,0.27,0.4,0.18,0.21,0.26,0.2,0.29,0.18,0.19,0.15,0.22,0.15,0.12
"beta-hydroxy-3-hydroxy-O-methyl-5-methyltyrosine",0.25,0.19,0.18,0.12,0.17,0.17,0.14,0.1,0.11,0.29,0.2,0.17,0.17,0.16,0.19,0.19,0.2,0.25,0.11,0.19,0.17,0.22,0.15,0.07,0.13,0.09,0.14,0.15,0.13,0.14,0.18,0.2,0.14,0.19,0.19,0.19,0.21,0.14,0.2,0.17,0.2,0.31,0.15,0.19,0.19,0.24,0.08,0.1,0.55,0.22,0.28,0.29,0.26,0.23,0.3,0.17,0.18,0.27,0.21,0.22,0.32,0.27,0.24,0.27,0.3,0.2,0.26,0.19,0.14,0.28,0.28,0.1,0.15,0.15,0.23,0.11,0.18,0.23,0.16,0.2,0.28,0.15,0.24,0.1,0.16,0.24,0.08,0.11,0.2,0.11,0.19,0.11,0.09,0.12,0.11,0.16,0.19,0.34,0.25,0.1,0.17,0.18,0.17,0.21,0.14,0.24,0.1,0.08,0.1,0.09,0.16,0.18,0.2,0.22,0.2,0.17,0.18,0.17,0.16,0.21,0.29,0.1,0.19,0.24,0.22,0.23,0.14,0.26,0.23,0.14,0.24,0.12,0.15,0.16,0.08,0.19,0.19,0.09,0.14,0.11,0.12,1.0,0.13,0.44,0.45,0.15,0.33,0.12,0.12,0.18,0.17,0.13,0.16,0.22,0.15,0.18,0.19,0.15,0.12,0.14,0.1,0.11,0.16,0.1,0.1,0.18,0.18,0.13,0.18,0.19,0.11,0.19,0.19,0.22,0.12,0.26,0.13,0.19,0.22,0.21,0.11,0.11,0.17,0.17,0.12,0.24,0.2,0.17,0.12,0.13,0.13,0.18,0.26,0.16,0.22,0.15,0.26,0.2,0.13,0.08,0.08,0.14,0.08,0.13,0.13,0.12,0.18,0.2,0.09,0.1,0.32,0.2,0.11,0.14,0.2,0.23,0.22,0.29,0.16,0.12
"beta-hydroxy-gamma-methyl-hexadecanoic_acid",0.16,0.22,0.33,0.24,0.29,0.11,0.11,0.1,0.46,0.21,0.17,0.09,0.1,0.53,0.19,0.26,0.15,0.18,0.05,0.25,0.24,0.24,0.15,0.08,0.1,0.18,0.27,0.22,0.16,0.17,0.33,0.25,0.22,0.45,0.45,0.45,0.26,0.14,0.18,0.14,0.1,0.12,0.12,0.12,0.09,0.09,0.04,0.12,0.13,0.09,0.16,0.17,0.24,0.14,0.22,0.09,0.08,0.13,0.16,0.11,0.15,0.19,0.11,0.22,0.18,0.24,0.35,0.12,0.85,0.2,0.19,0.12,0.13,0.11,0.14,0.21,0.08,0.14,0.11,0.18,0.12,0.12,0.12,0.12,0.1,0.23,0.1,0.18,0.18,0.1,0.2,0.13,0.11,0.11,0.17,0.09,0.11,0.13,0.15,0.12,0.11,0.1,0.08,0.11,0.1,0.12,0.12,0.15,0.09,0.17,0.19,0.16,0.15,0.12,0.21,0.17,0.18,0.2,0.22,0.13,0.15,0.11,0.2,0.13,0.23,0.22,0.11,0.12,0.12,0.18,0.23,0.16,0.1,0.19,0.12,0.19,0.27,0.11,0.11,0.09,0.18,0.13,1.0,0.14,0.14,0.31,0.17,0.21,0.3,0.09,0.1,0.1,0.19,0.12,0.09,0.15,0.17,0.09,0.08,0.14,0.09,0.2,0.12,0.2,0.13,0.22,0.18,0.2,0.18,0.1,0.17,0.12,0.19,0.16,0.1,0.29,0.19,0.15,0.28,0.22,0.14,0.33,0.24,0.32,0.18,0.12,0.21,0.2,0.09,0.13,0.09,0.22,0.15,0.13,0.14,0.1,0.12,0.18,0.12,0.1,0.09,0.09,0.1,0.1,0.17,0.11,0.1,0.17,0.17,0.1,0.24,0.18,0.23,0.29,0.12,0.14,0.16,0.21,0.19,0.14
"beta-hydroxyphenylalanine",0.35,0.25,0.2,0.14,0.2,0.25,0.16,0.14,0.12,0.37,0.28,0.23,0.24,0.18,0.26,0.22,0.24,0.34,0.11,0.21,0.24,0.27,0.17,0.09,0.28,0.12,0.15,0.17,0.15,0.16,0.21,0.24,0.18,0.22,0.22,0.22,0.26,0.15,0.37,0.22,0.21,0.34,0.19,0.31,0.22,0.26,0.1,0.1,0.22,0.22,0.39,0.42,0.35,0.29,0.38,0.22,0.23,0.29,0.26,0.23,0.32,0.33,0.24,0.38,0.4,0.23,0.31,0.21,0.15,0.36,0.34,0.1,0.2,0.14,0.21,0.16,0.17,0.26,0.23,0.27,0.39,0.19,0.24,0.1,0.24,0.29,0.11,0.09,0.27,0.09,0.26,0.11,0.09,0.1,0.15,0.22,0.23,0.25,0.16,0.11,0.23,0.13,0.13,0.23,0.16,0.22,0.1,0.11,0.14,0.12,0.18,0.31,0.22,0.28,0.23,0.18,0.23,0.22,0.22,0.24,0.28,0.1,0.24,0.38,0.47,0.31,0.13,0.31,0.3,0.16,0.31,0.14,0.32,0.21,0.1,0.26,0.27,0.12,0.33,0.24,0.21,0.44,0.14,1.0,0.7,0.19,0.61,0.12,0.13,0.18,0.21,0.28,0.21,0.12,0.19,0.24,0.27,0.3,0.23,0.16,0.14,0.12,0.21,0.14,0.15,0.25,0.24,0.19,0.23,0.11,0.15,0.25,0.26,0.3,0.21,0.32,0.15,0.35,0.27,0.25,0.12,0.12,0.24,0.23,0.17,0.32,0.23,0.19,0.23,0.14,0.17,0.24,0.35,0.26,0.42,0.31,0.58,0.39,0.28,0.11,0.1,0.18,0.11,0.24,0.15,0.24,0.29,0.28,0.12,0.14,0.41,0.23,0.11,0.2,0.32,0.31,0.14,0.37,0.21,0.12
"beta-hydroxytyrosine",0.33,0.24,0.19,0.13,0.19,0.2,0.19,0.13,0.11,0.34,0.26,0.25,0.22,0.18,0.24,0.21,0.23,0.32,0.14,0.2,0.22,0.25,0.16,0.09,0.19,0.12,0.14,0.16,0.14,0.15,0.2,0.23,0.17,0.21,0.21,0.21,0.24,0.14,0.28,0.21,0.23,0.41,0.18,0.26,0.24,0.28,0.1,0.1,0.23,0.24,0.37,0.39,0.33,0.28,0.35,0.21,0.19,0.31,0.24,0.19,0.34,0.31,0.26,0.35,0.55,0.22,0.29,0.2,0.14,0.33,0.32,0.1,0.19,0.14,0.23,0.15,0.19,0.34,0.38,0.26,0.61,0.32,0.21,0.1,0.21,0.28,0.1,0.09,0.26,0.09,0.24,0.11,0.09,0.09,0.14,0.21,0.22,0.27,0.18,0.1,0.22,0.15,0.15,0.22,0.23,0.21,0.1,0.13,0.11,0.11,0.17,0.22,0.34,0.22,0.22,0.18,0.22,0.21,0.21,0.23,0.27,0.09,0.32,0.3,0.31,0.5,0.12,0.29,0.29,0.15,0.29,0.13,0.23,0.2,0.1,0.24,0.25,0.11,0.23,0.17,0.16,0.45,0.14,0.7,1.0,0.18,0.42,0.12,0.12,0.2,0.2,0.19,0.2,0.14,0.32,0.23,0.25,0.22,0.17,0.15,0.11,0.11,0.2,0.13,0.14,0.24,0.23,0.17,0.22,0.12,0.14,0.24,0.24,0.43,0.15,0.3,0.14,0.27,0.25,0.24,0.11,0.11,0.22,0.22,0.16,0.33,0.22,0.18,0.18,0.14,0.16,0.23,0.57,0.24,0.31,0.22,0.39,0.29,0.19,0.1,0.1,0.17,0.1,0.19,0.14,0.17,0.24,0.26,0.11,0.13,0.38,0.22,0.11,0.19,0.24,0.45,0.16,0.34,0.2,0.12
"beta-lysine",0.18,0.26,0.27,0.17,0.23,0.15,0.17,0.11,0.24,0.24,0.33,0.14,0.11,0.22,0.41,0.19,0.21,0.2,0.09,0.22,0.37,0.28,0.18,0.09,0.11,0.21,0.23,0.17,0.19,0.24,0.18,0.17,0.24,0.3,0.3,0.3,0.19,0.16,0.27,0.3,0.11,0.2,0.2,0.19,0.13,0.13,0.11,0.1,0.17,0.13,0.23,0.24,0.28,0.21,0.22,0.1,0.09,0.2,0.23,0.12,0.21,0.22,0.17,0.3,0.2,0.29,0.37,0.19,0.32,0.23,0.23,0.11,0.2,0.09,0.13,0.44,0.09,0.21,0.12,0.24,0.2,0.14,0.18,0.11,0.17,0.2,0.11,0.12,0.24,0.09,0.34,0.11,0.09,0.1,0.28,0.13,0.19,0.17,0.14,0.11,0.16,0.08,0.11,0.19,0.09,0.1,0.1,0.17,0.1,0.19,0.15,0.15,0.14,0.18,0.27,0.21,0.27,0.3,0.29,0.17,0.2,0.1,0.28,0.17,0.34,0.32,0.11,0.16,0.16,0.17,0.27,0.19,0.14,0.29,0.26,0.31,0.42,0.12,0.13,0.1,0.36,0.15,0.31,0.19,0.18,1.0,0.19,0.21,0.21,0.1,0.16,0.11,0.29,0.1,0.11,0.25,0.28,0.14,0.13,0.17,0.1,0.19,0.19,0.24,0.15,0.34,0.29,0.35,0.27,0.09,0.23,0.2,0.31,0.24,0.14,0.25,0.19,0.22,0.19,0.26,0.19,0.18,0.46,0.33,0.26,0.2,0.27,0.24,0.11,0.15,0.08,0.54,0.14,0.15,0.23,0.21,0.21,0.17,0.14,0.11,0.11,0.1,0.11,0.11,0.15,0.1,0.11,0.29,0.2,0.14,0.23,0.24,0.15,0.35,0.2,0.22,0.12,0.24,0.15,0.17
"beta-methylphenylalanine",0.31,0.21,0.22,0.19,0.22,0.27,0.16,0.13,0.17,0.46,0.27,0.22,0.23,0.18,0.25,0.25,0.27,0.42,0.11,0.24,0.23,0.3,0.21,0.09,0.27,0.12,0.22,0.24,0.18,0.15,0.24,0.28,0.18,0.25,0.25,0.25,0.29,0.18,0.36,0.22,0.2,0.33,0.19,0.3,0.22,0.25,0.1,0.12,0.24,0.22,0.33,0.36,0.3,0.29,0.41,0.22,0.22,0.28,0.29,0.26,0.35,0.41,0.24,0.32,0.35,0.31,0.39,0.21,0.18,0.44,0.43,0.13,0.19,0.17,0.26,0.15,0.17,0.26,0.22,0.23,0.38,0.19,0.27,0.13,0.24,0.32,0.1,0.11,0.23,0.11,0.22,0.14,0.11,0.12,0.15,0.21,0.23,0.27,0.19,0.13,0.23,0.15,0.13,0.23,0.18,0.25,0.12,0.1,0.17,0.11,0.25,0.33,0.25,0.3,0.26,0.2,0.22,0.22,0.21,0.27,0.31,0.12,0.24,0.51,0.45,0.31,0.14,0.27,0.26,0.2,0.4,0.21,0.31,0.21,0.1,0.25,0.26,0.11,0.32,0.23,0.2,0.33,0.17,0.61,0.42,0.19,1.0,0.16,0.16,0.18,0.21,0.27,0.21,0.15,0.19,0.24,0.26,0.29,0.23,0.19,0.16,0.15,0.2,0.14,0.14,0.24,0.24,0.18,0.22,0.12,0.15,0.24,0.25,0.29,0.21,0.4,0.18,0.34,0.31,0.32,0.18,0.14,0.23,0.19,0.16,0.31,0.26,0.21,0.22,0.17,0.19,0.24,0.3,0.25,0.41,0.3,0.56,0.33,0.27,0.1,0.1,0.18,0.11,0.24,0.19,0.24,0.28,0.27,0.12,0.13,0.44,0.26,0.14,0.19,0.31,0.31,0.17,0.46,0.28,0.19
"betaine",0.12,0.16,0.18,0.21,0.17,0.12,0.17,0.13,0.22,0.21,0.21,0.13,0.13,0.19,0.19,0.24,0.18,0.17,0.07,0.16,0.21,0.25,0.24,0.11,0.14,0.33,0.25,0.23,0.24,0.26,0.23,0.22,0.13,0.2,0.2,0.2,0.24,0.2,0.14,0.16,0.14,0.13,0.14,0.16,0.12,0.12,0.06,0.16,0.14,0.12,0.15,0.21,0.17,0.12,0.19,0.12,0.11,0.14,0.19,0.14,0.18,0.19,0.12,0.19,0.14,0.26,0.26,0.13,0.23,0.2,0.19,0.17,0.14,0.14,0.13,0.26,0.11,0.12,0.15,0.17,0.13,0.17,0.13,0.17,0.1,0.17,0.13,0.18,0.17,0.14,0.16,0.19,0.14,0.15,0.25,0.12,0.11,0.15,0.17,0.17,0.11,0.12,0.1,0.11,0.1,0.16,0.16,0.21,0.09,0.25,0.19,0.18,0.17,0.16,0.18,0.14,0.18,0.16,0.16,0.14,0.17,0.16,0.16,0.12,0.2,0.19,0.08,0.1,0.1,0.31,0.24,0.14,0.14,0.15,0.06,0.19,0.25,0.15,0.17,0.11,0.29,0.12,0.21,0.12,0.12,0.21,0.16,1.0,0.35,0.12,0.1,0.14,0.15,0.15,0.13,0.18,0.2,0.13,0.1,0.22,0.09,0.3,0.13,0.33,0.21,0.23,0.18,0.33,0.14,0.12,0.25,0.14,0.19,0.14,0.13,0.22,0.24,0.14,0.25,0.23,0.11,0.21,0.17,0.26,0.29,0.14,0.21,0.17,0.17,0.19,0.12,0.18,0.13,0.15,0.16,0.1,0.14,0.17,0.18,0.13,0.13,0.12,0.14,0.14,0.28,0.12,0.14,0.21,0.26,0.13,0.2,0.21,0.24,0.27,0.12,0.15,0.18,0.21,0.19,0.12
"butyric_acid",0.12,0.16,0.26,0.27,0.25,0.15,0.17,0.14,0.41,0.22,0.22,0.13,0.14,0.29,0.2,0.25,0.19,0.17,0.07,0.2,0.32,0.32,0.25,0.11,0.14,0.42,0.26,0.24,0.25,0.27,0.29,0.23,0.16,0.3,0.3,0.3,0.25,0.21,0.15,0.17,0.14,0.13,0.14,0.14,0.13,0.13,0.06,0.17,0.15,0.13,0.15,0.17,0.18,0.13,0.19,0.13,0.11,0.14,0.2,0.15,0.19,0.19,0.12,0.19,0.14,0.27,0.27,0.14,0.32,0.21,0.2,0.17,0.14,0.15,0.13,0.4,0.11,0.13,0.16,0.18,0.13,0.17,0.16,0.17,0.1,0.21,0.14,0.26,0.18,0.14,0.17,0.19,0.15,0.16,0.38,0.12,0.14,0.15,0.17,0.18,0.14,0.16,0.11,0.14,0.1,0.17,0.17,0.32,0.09,0.26,0.2,0.19,0.18,0.16,0.18,0.17,0.15,0.17,0.16,0.15,0.17,0.16,0.17,0.15,0.21,0.19,0.08,0.11,0.1,0.33,0.25,0.14,0.14,0.16,0.06,0.2,0.26,0.16,0.17,0.12,0.44,0.12,0.3,0.13,0.12,0.21,0.16,0.35,1.0,0.12,0.11,0.14,0.16,0.15,0.13,0.19,0.21,0.13,0.13,0.29,0.1,0.45,0.13,0.35,0.22,0.35,0.23,0.35,0.15,0.15,0.26,0.14,0.2,0.15,0.17,0.28,0.3,0.14,0.26,0.24,0.12,0.39,0.18,0.27,0.3,0.14,0.21,0.17,0.13,0.19,0.12,0.19,0.14,0.15,0.17,0.1,0.14,0.17,0.19,0.14,0.13,0.12,0.14,0.14,0.29,0.12,0.15,0.22,0.4,0.14,0.21,0.26,0.36,0.29,0.15,0.16,0.22,0.22,0.19,0.12
"caffeic_acid",0.14,0.09,0.09,0.22,0.11,0.14,0.19,0.16,0.09,0.11,0.11,0.22,0.26,0.09,0.11,0.11,0.1,0.12,0.11,0.08,0.1,0.11,0.12,0.09,0.19,0.12,0.11,0.12,0.11,0.15,0.11,0.12,0.08,0.1,0.1,0.1,0.11,0.11,0.16,0.12,0.43,0.22,0.08,0.15,0.28,0.31,0.07,0.1,0.18,0.28,0.11,0.11,0.1,0.2,0.11,0.24,0.25,0.34,0.11,0.19,0.1,0.14,0.23,0.11,0.19,0.11,0.1,0.1,0.09,0.11,0.11,0.1,0.11,0.16,0.17,0.11,0.28,0.2,0.25,0.1,0.22,0.22,0.12,0.1,0.12,0.11,0.1,0.09,0.1,0.09,0.1,0.11,0.11,0.09,0.11,0.21,0.15,0.24,0.25,0.1,0.13,0.2,0.2,0.18,0.2,0.28,0.1,0.1,0.11,0.14,0.14,0.17,0.19,0.13,0.09,0.09,0.11,0.1,0.09,0.16,0.16,0.09,0.18,0.14,0.18,0.2,0.07,0.1,0.1,0.15,0.12,0.03,0.19,0.09,0.02,0.11,0.11,0.11,0.23,0.17,0.12,0.18,0.09,0.18,0.2,0.1,0.18,0.12,0.12,1.0,0.1,0.54,0.09,0.22,0.61,0.1,0.11,0.25,0.2,0.12,0.11,0.11,0.1,0.13,0.32,0.11,0.1,0.13,0.09,0.19,0.11,0.13,0.11,0.19,0.18,0.1,0.11,0.16,0.13,0.11,0.03,0.14,0.1,0.11,0.12,0.21,0.1,0.09,0.18,0.14,0.16,0.1,0.22,0.21,0.18,0.13,0.19,0.18,0.19,0.1,0.1,0.2,0.1,0.19,0.14,0.17,0.27,0.11,0.15,0.22,0.11,0.12,0.28,0.12,0.17,0.2,0.22,0.11,0.14,0.03
"capreomycidine",0.17,0.18,0.17,0.11,0.17,0.16,0.19,0.2,0.1,0.22,0.22,0.16,0.11,0.13,0.21,0.15,0.23,0.19,0.15,0.16,0.2,0.22,0.14,0.17,0.12,0.1,0.12,0.17,0.12,0.13,0.15,0.16,0.2,0.19,0.19,0.19,0.15,0.18,0.22,0.19,0.12,0.22,0.21,0.23,0.16,0.19,0.22,0.16,0.17,0.16,0.21,0.22,0.2,0.2,0.21,0.13,0.12,0.19,0.21,0.15,0.2,0.21,0.17,0.21,0.19,0.19,0.2,0.23,0.1,0.22,0.21,0.19,0.17,0.12,0.18,0.13,0.1,0.2,0.12,0.2,0.22,0.11,0.17,0.16,0.17,0.17,0.17,0.15,0.2,0.14,0.19,0.18,0.15,0.18,0.12,0.16,0.18,0.17,0.11,0.2,0.18,0.09,0.12,0.18,0.16,0.11,0.19,0.11,0.12,0.1,0.18,0.17,0.14,0.16,0.2,0.16,0.2,0.21,0.21,0.17,0.19,0.16,0.18,0.19,0.19,0.18,0.15,0.23,0.51,0.12,0.24,0.11,0.17,0.18,0.09,0.21,0.22,0.22,0.13,0.15,0.14,0.17,0.1,0.21,0.2,0.16,0.21,0.1,0.11,0.1,1.0,0.14,0.18,0.09,0.14,0.2,0.22,0.14,0.13,0.13,0.12,0.1,0.44,0.11,0.12,0.21,0.2,0.15,0.2,0.08,0.12,0.24,0.21,0.2,0.12,0.2,0.12,0.21,0.18,0.21,0.1,0.08,0.2,0.16,0.14,0.21,0.19,0.16,0.14,0.18,0.12,0.2,0.17,0.18,0.24,0.17,0.23,0.19,0.14,0.2,0.19,0.13,0.2,0.14,0.12,0.13,0.12,0.22,0.1,0.11,0.25,0.19,0.1,0.16,0.2,0.2,0.1,0.22,0.15,0.1
"cinnamic_acid",0.16,0.11,0.1,0.26,0.12,0.2,0.18,0.15,0.1,0.13,0.13,0.21,0.26,0.11,0.12,0.12,0.12,0.18,0.09,0.09,0.11,0.13,0.15,0.1,0.31,0.14,0.13,0.14,0.12,0.13,0.12,0.14,0.09,0.11,0.11,0.11,0.12,0.13,0.25,0.14,0.23,0.18,0.09,0.2,0.21,0.21,0.08,0.11,0.13,0.21,0.12,0.13,0.11,0.19,0.12,0.24,0.25,0.18,0.12,0.22,0.12,0.12,0.15,0.12,0.18,0.13,0.11,0.12,0.1,0.13,0.12,0.11,0.12,0.15,0.17,0.13,0.18,0.16,0.25,0.11,0.21,0.21,0.16,0.11,0.16,0.12,0.11,0.1,0.11,0.1,0.11,0.12,0.12,0.1,0.13,0.2,0.15,0.16,0.18,0.11,0.15,0.14,0.14,0.15,0.17,0.28,0.11,0.11,0.14,0.17,0.16,0.26,0.18,0.19,0.1,0.1,0.12,0.14,0.14,0.18,0.18,0.11,0.17,0.21,0.28,0.19,0.07,0.12,0.14,0.18,0.15,0.03,0.31,0.1,0.02,0.12,0.13,0.13,0.38,0.26,0.19,0.13,0.1,0.28,0.19,0.11,0.27,0.14,0.14,0.54,0.14,1.0,0.1,0.16,0.67,0.12,0.13,0.43,0.28,0.14,0.15,0.13,0.14,0.16,0.4,0.12,0.12,0.16,0.1,0.13,0.13,0.15,0.12,0.18,0.23,0.12,0.12,0.24,0.15,0.12,0.03,0.15,0.11,0.13,0.14,0.21,0.11,0.1,0.25,0.16,0.18,0.12,0.22,0.24,0.28,0.22,0.31,0.29,0.31,0.11,0.11,0.19,0.12,0.27,0.17,0.26,0.32,0.13,0.17,0.26,0.13,0.14,0.29,0.14,0.21,0.19,0.15,0.13,0.16,0.03
"citrulline",0.19,0.42,0.43,0.16,0.31,0.2,0.15,0.1,0.2,0.26,0.39,0.12,0.1,0.24,0.46,0.21,0.23,0.22,0.08,0.26,0.52,0.38,0.16,0.09,0.1,0.15,0.18,0.16,0.17,0.18,0.2,0.19,0.38,0.48,0.48,0.48,0.21,0.14,0.43,0.24,0.1,0.22,0.3,0.26,0.12,0.15,0.07,0.1,0.23,0.12,0.32,0.26,0.29,0.25,0.24,0.1,0.09,0.28,0.24,0.11,0.23,0.27,0.23,0.27,0.21,0.26,0.26,0.26,0.2,0.25,0.24,0.1,0.34,0.11,0.12,0.22,0.09,0.25,0.11,0.38,0.22,0.12,0.21,0.1,0.23,0.21,0.1,0.11,0.33,0.09,0.35,0.11,0.09,0.09,0.18,0.12,0.22,0.24,0.1,0.1,0.22,0.08,0.08,0.22,0.08,0.1,0.1,0.16,0.08,0.18,0.21,0.2,0.19,0.22,0.43,0.33,0.43,0.64,0.57,0.23,0.27,0.09,0.18,0.19,0.21,0.2,0.14,0.18,0.17,0.15,0.29,0.17,0.13,0.5,0.21,0.41,0.38,0.11,0.12,0.09,0.19,0.16,0.19,0.21,0.2,0.29,0.21,0.15,0.16,0.09,0.18,0.1,1.0,0.1,0.1,0.34,0.38,0.15,0.12,0.19,0.08,0.14,0.26,0.17,0.14,0.45,0.48,0.21,0.43,0.08,0.21,0.27,0.46,0.35,0.1,0.26,0.17,0.27,0.21,0.35,0.14,0.14,0.52,0.22,0.28,0.27,0.41,0.37,0.1,0.14,0.07,0.54,0.16,0.14,0.31,0.16,0.23,0.18,0.13,0.1,0.1,0.09,0.1,0.1,0.14,0.09,0.11,0.39,0.15,0.13,0.25,0.32,0.14,0.23,0.24,0.3,0.11,0.26,0.17,0.15
"colletorin_D_acid",0.14,0.1,0.12,0.16,0.13,0.14,0.12,0.13,0.12,0.12,0.12,0.2,0.24,0.12,0.11,0.14,0.11,0.18,0.09,0.11,0.11,0.14,0.13,0.09,0.16,0.12,0.14,0.12,0.14,0.15,0.14,0.12,0.09,0.12,0.12,0.12,0.14,0.14,0.14,0.12,0.24,0.18,0.09,0.15,0.23,0.23,0.08,0.12,0.27,0.23,0.09,0.09,0.11,0.17,0.11,0.2,0.21,0.23,0.11,0.16,0.11,0.11,0.2,0.11,0.18,0.15,0.13,0.11,0.12,0.12,0.11,0.1,0.13,0.21,0.19,0.12,0.21,0.17,0.2,0.11,0.15,0.18,0.13,0.1,0.11,0.13,0.11,0.12,0.11,0.11,0.1,0.11,0.12,0.1,0.12,0.17,0.13,0.23,0.36,0.11,0.11,0.21,0.2,0.15,0.15,0.35,0.1,0.11,0.1,0.17,0.11,0.16,0.18,0.13,0.14,0.13,0.12,0.1,0.1,0.25,0.18,0.1,0.15,0.12,0.15,0.17,0.11,0.09,0.09,0.18,0.13,0.08,0.16,0.1,0.04,0.11,0.12,0.09,0.18,0.14,0.12,0.22,0.12,0.12,0.14,0.1,0.15,0.15,0.15,0.22,0.09,0.16,0.1,1.0,0.18,0.11,0.12,0.15,0.12,0.15,0.1,0.14,0.11,0.14,0.14,0.14,0.11,0.14,0.09,0.76,0.12,0.13,0.11,0.16,0.15,0.13,0.14,0.13,0.13,0.14,0.07,0.16,0.11,0.12,0.12,0.2,0.13,0.14,0.15,0.11,0.18,0.11,0.16,0.17,0.17,0.11,0.13,0.15,0.16,0.08,0.08,0.17,0.09,0.16,0.17,0.14,0.22,0.12,0.18,0.11,0.12,0.15,0.17,0.12,0.14,0.19,0.41,0.12,0.11,0.07
"coumaric_acid",0.15,0.1,0.09,0.24,0.12,0.15,0.21,0.14,0.1,0.12,0.12,0.24,0.24,0.1,0.12,0.12,0.11,0.17,0.12,0.09,0.11,0.12,0.14,0.09,0.21,0.13,0.12,0.13,0.12,0.12,0.11,0.13,0.09,0.1,0.1,0.1,0.12,0.12,0.18,0.13,0.25,0.24,0.09,0.16,0.23,0.23,0.08,0.1,0.15,0.23,0.12,0.12,0.11,0.18,0.11,0.23,0.21,0.2,0.12,0.18,0.14,0.11,0.17,0.11,0.3,0.12,0.11,0.11,0.1,0.12,0.12,0.11,0.12,0.15,0.19,0.12,0.21,0.24,0.42,0.11,0.35,0.35,0.13,0.11,0.13,0.12,0.11,0.09,0.11,0.09,0.1,0.11,0.12,0.1,0.12,0.19,0.14,0.17,0.2,0.11,0.14,0.16,0.16,0.14,0.24,0.26,0.1,0.14,0.12,0.16,0.15,0.18,0.3,0.14,0.09,0.1,0.12,0.13,0.13,0.17,0.17,0.1,0.25,0.15,0.19,0.32,0.07,0.11,0.13,0.17,0.14,0.03,0.21,0.1,0.02,0.12,0.12,0.12,0.25,0.18,0.13,0.15,0.09,0.19,0.32,0.11,0.19,0.13,0.13,0.61,0.14,0.67,0.1,0.18,1.0,0.11,0.12,0.27,0.21,0.13,0.12,0.12,0.13,0.15,0.36,0.11,0.11,0.15,0.09,0.15,0.12,0.14,0.12,0.31,0.16,0.11,0.12,0.17,0.14,0.11,0.03,0.15,0.11,0.12,0.13,0.22,0.11,0.1,0.2,0.15,0.17,0.11,0.37,0.23,0.19,0.14,0.21,0.2,0.21,0.11,0.11,0.18,0.11,0.21,0.15,0.18,0.26,0.12,0.16,0.24,0.12,0.14,0.27,0.13,0.15,0.32,0.18,0.12,0.15,0.03
"cysteic_acid",0.21,0.35,0.32,0.18,0.31,0.22,0.18,0.11,0.16,0.31,0.48,0.14,0.11,0.2,0.44,0.24,0.27,0.25,0.09,0.3,0.39,0.46,0.19,0.1,0.12,0.18,0.21,0.19,0.2,0.31,0.23,0.22,0.29,0.37,0.37,0.37,0.24,0.21,0.32,0.28,0.12,0.25,0.31,0.3,0.14,0.17,0.08,0.11,0.26,0.14,0.29,0.31,0.3,0.28,0.28,0.11,0.12,0.31,0.29,0.12,0.27,0.28,0.26,0.32,0.24,0.31,0.3,0.3,0.16,0.3,0.29,0.11,0.31,0.1,0.14,0.21,0.1,0.28,0.13,0.39,0.25,0.14,0.23,0.11,0.23,0.24,0.11,0.12,0.39,0.1,0.37,0.12,0.1,0.1,0.21,0.14,0.25,0.27,0.11,0.11,0.25,0.09,0.09,0.25,0.09,0.11,0.11,0.15,0.07,0.17,0.2,0.19,0.18,0.24,0.32,0.25,0.32,0.37,0.4,0.26,0.31,0.11,0.2,0.18,0.24,0.23,0.13,0.2,0.2,0.18,0.35,0.2,0.15,0.34,0.14,0.44,0.46,0.13,0.14,0.13,0.23,0.18,0.15,0.24,0.23,0.25,0.24,0.18,0.19,0.1,0.2,0.12,0.34,0.11,0.11,1.0,0.46,0.14,0.11,0.18,0.07,0.17,0.29,0.21,0.17,0.42,0.41,0.26,0.32,0.09,0.21,0.31,0.44,0.32,0.12,0.31,0.2,0.31,0.25,0.42,0.17,0.12,0.39,0.26,0.23,0.31,0.38,0.26,0.11,0.16,0.08,0.41,0.18,0.16,0.37,0.18,0.27,0.21,0.15,0.11,0.11,0.1,0.12,0.12,0.17,0.13,0.12,0.48,0.17,0.18,0.3,0.38,0.16,0.27,0.28,0.34,0.12,0.31,0.19,0.18
"cysteine",0.23,0.39,0.4,0.2,0.34,0.23,0.2,0.12,0.17,0.35,0.55,0.16,0.12,0.22,0.5,0.27,0.3,0.28,0.1,0.32,0.44,0.52,0.22,0.11,0.13,0.2,0.23,0.21,0.22,0.24,0.26,0.25,0.31,0.41,0.41,0.41,0.27,0.19,0.35,0.31,0.13,0.28,0.33,0.32,0.15,0.19,0.09,0.12,0.28,0.15,0.32,0.35,0.33,0.31,0.31,0.12,0.11,0.34,0.32,0.14,0.3,0.31,0.28,0.36,0.26,0.35,0.33,0.32,0.18,0.33,0.32,0.12,0.34,0.11,0.15,0.24,0.11,0.31,0.14,0.44,0.28,0.16,0.25,0.12,0.24,0.26,0.12,0.14,0.44,0.1,0.41,0.13,0.11,0.11,0.23,0.15,0.27,0.29,0.12,0.12,0.27,0.09,0.1,0.27,0.1,0.12,0.12,0.16,0.07,0.19,0.22,0.21,0.19,0.26,0.35,0.27,0.35,0.41,0.39,0.28,0.33,0.11,0.22,0.22,0.27,0.25,0.16,0.22,0.21,0.21,0.4,0.23,0.17,0.43,0.19,0.5,0.52,0.14,0.15,0.14,0.26,0.19,0.17,0.27,0.25,0.28,0.26,0.2,0.21,0.11,0.22,0.13,0.38,0.12,0.12,0.46,1.0,0.16,0.12,0.2,0.07,0.19,0.31,0.24,0.19,0.48,0.46,0.3,0.35,0.1,0.28,0.33,0.5,0.35,0.12,0.35,0.22,0.33,0.29,0.48,0.19,0.14,0.44,0.29,0.26,0.33,0.42,0.28,0.12,0.17,0.09,0.46,0.2,0.18,0.41,0.2,0.3,0.23,0.17,0.12,0.12,0.11,0.13,0.13,0.19,0.11,0.13,0.55,0.19,0.16,0.33,0.42,0.18,0.3,0.3,0.38,0.14,0.35,0.21,0.2
"dehydrophenylalanine",0.18,0.13,0.12,0.14,0.14,0.21,0.21,0.14,0.1,0.16,0.16,0.24,0.24,0.1,0.15,0.12,0.14,0.2,0.12,0.11,0.14,0.16,0.18,0.09,0.29,0.17,0.16,0.17,0.15,0.16,0.11,0.13,0.11,0.13,0.13,0.13,0.12,0.16,0.27,0.16,0.21,0.2,0.11,0.22,0.23,0.23,0.14,0.1,0.15,0.23,0.19,0.16,0.21,0.21,0.15,0.23,0.24,0.2,0.15,0.24,0.14,0.18,0.17,0.15,0.2,0.16,0.14,0.14,0.1,0.16,0.15,0.11,0.17,0.15,0.19,0.16,0.18,0.18,0.23,0.17,0.24,0.24,0.18,0.11,0.17,0.14,0.11,0.09,0.14,0.09,0.13,0.11,0.12,0.1,0.16,0.22,0.16,0.17,0.17,0.11,0.16,0.13,0.14,0.16,0.16,0.23,0.1,0.11,0.14,0.16,0.12,0.24,0.17,0.21,0.12,0.12,0.15,0.13,0.13,0.2,0.2,0.1,0.19,0.23,0.3,0.22,0.08,0.14,0.13,0.17,0.18,0.07,0.33,0.15,0.08,0.23,0.16,0.12,0.35,0.24,0.21,0.15,0.09,0.3,0.22,0.14,0.29,0.13,0.13,0.25,0.14,0.43,0.15,0.15,0.27,0.14,0.16,1.0,0.49,0.25,0.14,0.12,0.13,0.15,0.2,0.15,0.18,0.19,0.15,0.13,0.19,0.17,0.15,0.21,0.25,0.14,0.15,0.26,0.14,0.15,0.06,0.15,0.14,0.12,0.21,0.22,0.14,0.12,0.24,0.18,0.17,0.14,0.21,0.27,0.3,0.24,0.33,0.27,0.33,0.11,0.11,0.18,0.11,0.25,0.2,0.25,0.3,0.16,0.16,0.17,0.16,0.17,0.15,0.13,0.23,0.22,0.15,0.16,0.15,0.06
"dehydrotryptophan",0.15,0.1,0.1,0.13,0.12,0.22,0.12,0.11,0.08,0.12,0.12,0.18,0.19,0.08,0.12,0.09,0.11,0.16,0.09,0.09,0.11,0.12,0.13,0.1,0.22,0.12,0.12,0.13,0.12,0.12,0.09,0.1,0.09,0.1,0.1,0.1,0.09,0.12,0.21,0.13,0.16,0.16,0.09,0.18,0.18,0.18,0.11,0.1,0.12,0.18,0.14,0.12,0.13,0.17,0.11,0.18,0.19,0.16,0.12,0.19,0.11,0.14,0.14,0.11,0.16,0.12,0.11,0.11,0.08,0.12,0.12,0.11,0.14,0.19,0.17,0.12,0.14,0.15,0.18,0.13,0.18,0.18,0.27,0.11,0.29,0.12,0.11,0.1,0.11,0.09,0.1,0.11,0.12,0.1,0.12,0.17,0.29,0.14,0.13,0.11,0.22,0.13,0.22,0.26,0.15,0.18,0.1,0.09,0.23,0.12,0.09,0.19,0.14,0.21,0.1,0.1,0.12,0.1,0.1,0.16,0.16,0.1,0.15,0.42,0.23,0.17,0.07,0.11,0.13,0.12,0.13,0.05,0.25,0.12,0.08,0.14,0.12,0.12,0.25,0.19,0.16,0.12,0.08,0.23,0.17,0.13,0.23,0.1,0.13,0.2,0.13,0.28,0.12,0.12,0.21,0.11,0.12,0.49,1.0,0.22,0.23,0.09,0.13,0.11,0.18,0.11,0.14,0.14,0.1,0.11,0.15,0.18,0.12,0.16,0.46,0.11,0.12,0.2,0.11,0.11,0.04,0.12,0.11,0.1,0.16,0.18,0.11,0.1,0.18,0.11,0.14,0.11,0.16,0.2,0.23,0.19,0.25,0.21,0.25,0.11,0.11,0.15,0.11,0.25,0.14,0.2,0.22,0.12,0.12,0.16,0.12,0.13,0.14,0.1,0.43,0.17,0.12,0.12,0.11,0.05
"dehydrovaline",0.12,0.16,0.18,0.17,0.17,0.14,0.27,0.17,0.15,0.26,0.21,0.17,0.13,0.16,0.19,0.19,0.22,0.25,0.11,0.16,0.17,0.25,0.3,0.11,0.14,0.22,0.25,0.29,0.24,0.21,0.19,0.22,0.13,0.2,0.2,0.2,0.19,0.3,0.14,0.16,0.14,0.17,0.14,0.16,0.16,0.16,0.09,0.16,0.17,0.16,0.24,0.21,0.21,0.12,0.23,0.12,0.11,0.17,0.24,0.18,0.22,0.28,0.14,0.19,0.14,0.26,0.21,0.13,0.15,0.25,0.24,0.17,0.17,0.18,0.16,0.21,0.11,0.12,0.15,0.21,0.17,0.17,0.13,0.17,0.1,0.17,0.13,0.14,0.17,0.21,0.16,0.19,0.14,0.15,0.2,0.16,0.14,0.18,0.17,0.17,0.14,0.15,0.1,0.14,0.1,0.16,0.16,0.13,0.09,0.15,0.24,0.15,0.14,0.16,0.21,0.16,0.14,0.16,0.16,0.17,0.2,0.16,0.13,0.18,0.16,0.15,0.08,0.13,0.13,0.4,0.3,0.14,0.18,0.19,0.09,0.24,0.2,0.15,0.17,0.11,0.23,0.14,0.14,0.16,0.15,0.17,0.19,0.22,0.29,0.12,0.13,0.14,0.19,0.15,0.13,0.18,0.2,0.25,0.22,1.0,0.09,0.2,0.13,0.2,0.21,0.19,0.22,0.26,0.14,0.12,0.25,0.14,0.19,0.14,0.16,0.22,0.24,0.14,0.25,0.23,0.11,0.14,0.17,0.16,0.29,0.17,0.21,0.17,0.13,0.23,0.12,0.18,0.13,0.19,0.2,0.1,0.18,0.13,0.18,0.13,0.13,0.12,0.14,0.14,0.44,0.12,0.14,0.21,0.16,0.17,0.25,0.21,0.19,0.17,0.15,0.19,0.14,0.26,0.19,0.12
"dihydrolysergic_acid",0.1,0.08,0.09,0.08,0.08,0.13,0.09,0.14,0.1,0.09,0.07,0.12,0.16,0.12,0.09,0.09,0.11,0.1,0.09,0.07,0.08,0.09,0.1,0.15,0.17,0.07,0.09,0.1,0.09,0.07,0.09,0.09,0.1,0.1,0.1,0.1,0.09,0.09,0.17,0.08,0.12,0.1,0.12,0.12,0.12,0.12,0.1,0.16,0.1,0.12,0.07,0.07,0.07,0.14,0.09,0.14,0.13,0.11,0.09,0.17,0.09,0.09,0.1,0.07,0.11,0.09,0.08,0.11,0.1,0.09,0.11,0.16,0.06,0.17,0.14,0.07,0.11,0.1,0.13,0.07,0.12,0.12,0.28,0.18,0.25,0.09,0.16,0.17,0.07,0.16,0.08,0.19,0.19,0.15,0.07,0.12,0.18,0.13,0.12,0.16,0.14,0.14,0.2,0.18,0.21,0.18,0.16,0.07,0.48,0.09,0.09,0.15,0.13,0.14,0.09,0.08,0.08,0.08,0.08,0.11,0.12,0.16,0.11,0.24,0.14,0.11,0.1,0.11,0.12,0.11,0.1,0.04,0.15,0.08,0.05,0.07,0.07,0.15,0.16,0.13,0.1,0.1,0.09,0.14,0.11,0.1,0.16,0.09,0.1,0.11,0.12,0.15,0.08,0.1,0.12,0.07,0.07,0.14,0.23,0.09,1.0,0.09,0.12,0.08,0.08,0.09,0.09,0.08,0.08,0.09,0.07,0.12,0.09,0.15,0.24,0.09,0.09,0.12,0.1,0.09,0.03,0.09,0.08,0.07,0.08,0.14,0.1,0.08,0.14,0.13,0.2,0.09,0.12,0.13,0.14,0.1,0.15,0.14,0.15,0.14,0.14,0.13,0.15,0.19,0.1,0.13,0.15,0.07,0.07,0.07,0.09,0.1,0.09,0.07,0.23,0.11,0.11,0.09,0.13,0.04
"dimethylsulfoniopropionic_acid",0.12,0.15,0.2,0.2,0.16,0.12,0.15,0.12,0.28,0.19,0.19,0.12,0.12,0.18,0.18,0.22,0.17,0.16,0.06,0.15,0.29,0.23,0.22,0.14,0.13,0.36,0.23,0.21,0.22,0.24,0.21,0.2,0.15,0.19,0.19,0.19,0.22,0.19,0.14,0.15,0.13,0.12,0.13,0.12,0.12,0.12,0.06,0.15,0.14,0.12,0.14,0.15,0.16,0.12,0.17,0.12,0.11,0.13,0.18,0.14,0.17,0.17,0.11,0.17,0.13,0.24,0.24,0.12,0.21,0.19,0.18,0.16,0.13,0.14,0.12,0.35,0.11,0.12,0.14,0.16,0.12,0.16,0.15,0.19,0.1,0.19,0.16,0.2,0.16,0.16,0.15,0.21,0.17,0.18,0.33,0.11,0.11,0.14,0.16,0.2,0.11,0.12,0.12,0.11,0.12,0.15,0.19,0.29,0.09,0.23,0.18,0.17,0.16,0.13,0.17,0.16,0.14,0.15,0.15,0.14,0.16,0.15,0.15,0.11,0.19,0.18,0.12,0.1,0.1,0.28,0.22,0.12,0.13,0.14,0.06,0.18,0.23,0.19,0.15,0.11,0.38,0.11,0.2,0.12,0.11,0.19,0.15,0.3,0.45,0.11,0.1,0.13,0.14,0.14,0.12,0.17,0.19,0.12,0.09,0.2,0.09,1.0,0.12,0.3,0.19,0.31,0.21,0.3,0.14,0.14,0.23,0.13,0.18,0.14,0.12,0.21,0.22,0.13,0.23,0.21,0.1,0.27,0.16,0.24,0.26,0.13,0.19,0.16,0.12,0.17,0.11,0.17,0.12,0.14,0.15,0.09,0.13,0.16,0.17,0.16,0.16,0.11,0.17,0.13,0.25,0.11,0.13,0.19,0.35,0.12,0.19,0.23,0.22,0.25,0.12,0.14,0.17,0.19,0.17,0.11
"enduracididine",0.19,0.26,0.24,0.14,0.24,0.22,0.16,0.16,0.12,0.22,0.32,0.16,0.11,0.15,0.31,0.18,0.22,0.19,0.15,0.23,0.28,0.31,0.14,0.14,0.11,0.13,0.15,0.13,0.15,0.15,0.17,0.16,0.28,0.27,0.27,0.27,0.18,0.15,0.27,0.21,0.11,0.24,0.35,0.28,0.16,0.18,0.19,0.16,0.23,0.16,0.21,0.22,0.22,0.27,0.2,0.13,0.12,0.27,0.21,0.14,0.2,0.2,0.23,0.23,0.21,0.22,0.22,0.34,0.12,0.21,0.21,0.16,0.24,0.12,0.18,0.15,0.1,0.27,0.12,0.28,0.24,0.13,0.23,0.16,0.23,0.19,0.16,0.17,0.28,0.14,0.27,0.17,0.14,0.15,0.18,0.15,0.25,0.24,0.11,0.16,0.27,0.09,0.11,0.27,0.15,0.11,0.16,0.11,0.12,0.12,0.18,0.17,0.16,0.22,0.27,0.22,0.27,0.3,0.29,0.23,0.26,0.15,0.2,0.19,0.21,0.2,0.18,0.2,0.5,0.12,0.24,0.14,0.17,0.26,0.11,0.31,0.31,0.18,0.13,0.12,0.16,0.16,0.12,0.21,0.2,0.19,0.2,0.13,0.13,0.1,0.44,0.14,0.26,0.11,0.13,0.29,0.31,0.13,0.13,0.13,0.12,0.12,1.0,0.14,0.11,0.3,0.29,0.18,0.27,0.09,0.15,0.32,0.31,0.27,0.13,0.22,0.15,0.29,0.17,0.3,0.12,0.1,0.28,0.18,0.16,0.26,0.28,0.23,0.13,0.17,0.12,0.29,0.16,0.18,0.3,0.16,0.26,0.19,0.14,0.16,0.16,0.12,0.17,0.14,0.11,0.12,0.12,0.32,0.12,0.11,0.24,0.28,0.12,0.19,0.27,0.29,0.12,0.22,0.14,0.13
"fatty_acid",0.14,0.18,0.16,0.2,0.16,0.11,0.2,0.15,0.21,0.19,0.25,0.15,0.15,0.18,0.23,0.23,0.16,0.15,0.08,0.15,0.25,0.24,0.22,0.12,0.16,0.33,0.24,0.21,0.23,0.32,0.22,0.2,0.14,0.19,0.19,0.19,0.23,0.18,0.16,0.19,0.16,0.15,0.19,0.15,0.14,0.14,0.07,0.14,0.16,0.14,0.17,0.19,0.2,0.14,0.17,0.14,0.12,0.16,0.17,0.12,0.16,0.17,0.13,0.22,0.16,0.25,0.25,0.15,0.21,0.18,0.17,0.15,0.16,0.12,0.11,0.32,0.12,0.14,0.18,0.2,0.15,0.19,0.11,0.15,0.11,0.16,0.15,0.16,0.2,0.12,0.19,0.17,0.12,0.13,0.3,0.14,0.12,0.13,0.15,0.15,0.12,0.11,0.11,0.12,0.11,0.14,0.14,0.25,0.08,0.3,0.17,0.17,0.16,0.12,0.16,0.12,0.16,0.19,0.18,0.13,0.15,0.14,0.18,0.1,0.23,0.21,0.06,0.11,0.11,0.31,0.22,0.11,0.16,0.17,0.07,0.23,0.3,0.18,0.2,0.13,0.35,0.1,0.2,0.14,0.13,0.24,0.14,0.33,0.35,0.13,0.11,0.16,0.17,0.14,0.15,0.21,0.24,0.15,0.11,0.2,0.08,0.3,0.14,1.0,0.27,0.27,0.21,0.43,0.16,0.11,0.3,0.15,0.23,0.16,0.15,0.21,0.23,0.15,0.24,0.22,0.08,0.2,0.2,0.32,0.35,0.15,0.19,0.15,0.15,0.17,0.1,0.21,0.15,0.17,0.19,0.11,0.16,0.19,0.21,0.15,0.15,0.13,0.16,0.16,0.27,0.13,0.17,0.25,0.32,0.15,0.18,0.19,0.23,0.33,0.14,0.17,0.16,0.19,0.17,0.09
"fumaric_acid",0.11,0.14,0.13,0.38,0.16,0.11,0.21,0.16,0.13,0.2,0.2,0.15,0.16,0.14,0.18,0.18,0.17,0.2,0.08,0.12,0.16,0.19,0.24,0.13,0.17,0.21,0.19,0.22,0.18,0.2,0.17,0.21,0.11,0.15,0.15,0.15,0.18,0.19,0.13,0.19,0.17,0.15,0.12,0.12,0.15,0.15,0.07,0.15,0.1,0.15,0.18,0.2,0.16,0.11,0.17,0.15,0.13,0.12,0.18,0.13,0.17,0.17,0.1,0.17,0.12,0.2,0.16,0.12,0.14,0.19,0.18,0.15,0.16,0.13,0.11,0.2,0.13,0.11,0.19,0.16,0.15,0.15,0.09,0.15,0.09,0.16,0.16,0.13,0.16,0.12,0.15,0.17,0.17,0.14,0.19,0.14,0.1,0.11,0.15,0.16,0.1,0.11,0.12,0.1,0.11,0.15,0.15,0.16,0.08,0.25,0.18,0.13,0.12,0.1,0.13,0.12,0.17,0.15,0.14,0.13,0.12,0.14,0.12,0.11,0.15,0.14,0.05,0.12,0.11,0.33,0.24,0.05,0.17,0.14,0.03,0.18,0.19,0.19,0.21,0.13,0.22,0.1,0.13,0.15,0.14,0.15,0.14,0.21,0.22,0.32,0.12,0.4,0.14,0.14,0.36,0.17,0.19,0.2,0.18,0.21,0.08,0.19,0.11,0.27,1.0,0.17,0.17,0.27,0.13,0.11,0.19,0.12,0.18,0.13,0.12,0.17,0.18,0.12,0.25,0.17,0.04,0.17,0.16,0.2,0.22,0.12,0.15,0.13,0.15,0.17,0.1,0.17,0.16,0.18,0.15,0.07,0.17,0.15,0.17,0.16,0.15,0.14,0.17,0.17,0.29,0.14,0.17,0.2,0.26,0.38,0.19,0.2,0.44,0.21,0.11,0.14,0.13,0.2,0.17,0.05
"glutamic_acid",0.22,0.46,0.47,0.19,0.32,0.22,0.19,0.12,0.3,0.32,0.5,0.15,0.12,0.24,0.59,0.25,0.28,0.26,0.09,0.31,0.73,0.48,0.2,0.1,0.12,0.33,0.21,0.19,0.21,0.27,0.24,0.23,0.41,0.48,0.48,0.48,0.25,0.17,0.42,0.29,0.12,0.26,0.31,0.31,0.14,0.18,0.08,0.11,0.27,0.14,0.3,0.32,0.31,0.29,0.29,0.11,0.1,0.32,0.3,0.13,0.28,0.29,0.27,0.33,0.25,0.32,0.36,0.31,0.24,0.31,0.3,0.11,0.32,0.1,0.14,0.38,0.1,0.29,0.13,0.41,0.26,0.15,0.27,0.11,0.23,0.29,0.12,0.13,0.41,0.1,0.43,0.12,0.1,0.11,0.36,0.14,0.26,0.28,0.15,0.12,0.26,0.09,0.09,0.26,0.09,0.14,0.11,0.27,0.09,0.21,0.21,0.19,0.18,0.25,0.42,0.35,0.42,0.48,0.46,0.27,0.31,0.11,0.24,0.19,0.29,0.27,0.15,0.21,0.2,0.19,0.36,0.21,0.16,0.45,0.18,0.46,0.55,0.13,0.14,0.1,0.41,0.18,0.22,0.25,0.24,0.34,0.24,0.23,0.35,0.11,0.21,0.12,0.45,0.14,0.11,0.42,0.48,0.15,0.11,0.19,0.09,0.31,0.3,0.27,0.17,1.0,0.68,0.33,0.42,0.14,0.26,0.31,0.59,0.42,0.12,0.32,0.21,0.31,0.26,0.44,0.17,0.22,0.52,0.32,0.29,0.31,0.5,0.36,0.11,0.16,0.08,0.54,0.19,0.17,0.38,0.19,0.28,0.22,0.16,0.12,0.11,0.11,0.12,0.12,0.17,0.11,0.12,0.5,0.32,0.15,0.31,0.44,0.17,0.33,0.28,0.35,0.16,0.32,0.2,0.19
"glutamine",0.21,0.45,0.45,0.18,0.31,0.22,0.18,0.11,0.22,0.31,0.48,0.14,0.11,0.24,0.57,0.24,0.27,0.25,0.09,0.3,0.56,0.46,0.19,0.1,0.12,0.22,0.21,0.19,0.2,0.21,0.23,0.22,0.4,0.46,0.46,0.46,0.24,0.17,0.41,0.28,0.12,0.25,0.31,0.3,0.14,0.17,0.08,0.11,0.26,0.14,0.33,0.31,0.39,0.28,0.28,0.11,0.1,0.31,0.29,0.12,0.27,0.32,0.26,0.32,0.24,0.31,0.3,0.3,0.19,0.3,0.29,0.11,0.35,0.1,0.14,0.26,0.1,0.28,0.13,0.44,0.25,0.14,0.26,0.11,0.23,0.28,0.11,0.12,0.39,0.1,0.41,0.12,0.1,0.1,0.25,0.17,0.28,0.27,0.11,0.11,0.25,0.09,0.09,0.25,0.09,0.11,0.11,0.18,0.08,0.17,0.2,0.19,0.18,0.24,0.41,0.34,0.41,0.46,0.45,0.26,0.31,0.11,0.2,0.18,0.24,0.23,0.15,0.2,0.2,0.18,0.35,0.2,0.19,0.48,0.21,0.57,0.46,0.13,0.14,0.1,0.28,0.18,0.18,0.24,0.23,0.29,0.24,0.18,0.23,0.1,0.2,0.12,0.48,0.11,0.11,0.41,0.46,0.18,0.14,0.22,0.09,0.21,0.29,0.21,0.17,0.68,1.0,0.26,0.41,0.11,0.25,0.31,0.57,0.41,0.12,0.31,0.2,0.34,0.25,0.42,0.17,0.15,0.5,0.26,0.33,0.31,0.48,0.32,0.11,0.16,0.08,0.52,0.18,0.16,0.37,0.18,0.27,0.21,0.15,0.11,0.11,0.1,0.12,0.12,0.17,0.1,0.12,0.48,0.21,0.15,0.3,0.43,0.16,0.27,0.28,0.34,0.12,0.31,0.19,0.18
"glycine",0.17,0.22,0.2,0.2,0.19,0.13,0.26,0.15,0.21,0.25,0.39,0.19,0.15,0.18,0.35,0.23,0.21,0.19,0.12,0.18,0.3,0.3,0.29,0.12,0.16,0.33,0.24,0.21,0.29,0.39,0.22,0.2,0.18,0.23,0.23,0.23,0.23,0.24,0.2,0.28,0.16,0.19,0.19,0.18,0.19,0.19,0.11,0.14,0.16,0.19,0.23,0.25,0.25,0.17,0.22,0.14,0.12,0.19,0.23,0.16,0.21,0.22,0.16,0.33,0.19,0.39,0.3,0.18,0.21,0.24,0.23,0.15,0.19,0.12,0.14,0.47,0.12,0.17,0.18,0.25,0.19,0.19,0.14,0.15,0.14,0.19,0.15,0.16,0.25,0.12,0.28,0.17,0.12,0.13,0.53,0.18,0.15,0.16,0.15,0.15,0.15,0.11,0.11,0.15,0.11,0.14,0.14,0.25,0.08,0.3,0.17,0.17,0.16,0.15,0.2,0.15,0.2,0.23,0.22,0.16,0.19,0.14,0.22,0.13,0.28,0.26,0.08,0.15,0.14,0.31,0.29,0.17,0.21,0.21,0.1,0.29,0.37,0.18,0.2,0.13,0.53,0.13,0.2,0.19,0.17,0.35,0.18,0.33,0.35,0.13,0.15,0.16,0.21,0.14,0.15,0.26,0.3,0.19,0.14,0.26,0.08,0.3,0.18,0.43,0.27,0.33,0.26,1.0,0.2,0.11,0.37,0.19,0.29,0.2,0.15,0.26,0.29,0.19,0.24,0.27,0.13,0.2,0.3,0.32,0.44,0.19,0.24,0.18,0.15,0.22,0.1,0.32,0.15,0.23,0.23,0.15,0.21,0.19,0.21,0.15,0.15,0.13,0.16,0.16,0.27,0.13,0.17,0.32,0.32,0.2,0.24,0.24,0.23,0.33,0.17,0.21,0.16,0.25,0.17,0.14
"graminine",0.21,0.36,0.41,0.18,0.29,0.19,0.14,0.1,0.19,0.28,0.37,0.12,0.1,0.22,0.43,0.19,0.22,0.24,0.08,0.25,0.48,0.35,0.15,0.08,0.1,0.14,0.17,0.15,0.16,0.17,0.19,0.18,0.37,0.45,0.45,0.45,0.19,0.14,0.41,0.23,0.1,0.21,0.26,0.25,0.12,0.14,0.09,0.09,0.22,0.12,0.3,0.28,0.31,0.24,0.26,0.12,0.16,0.26,0.23,0.11,0.25,0.26,0.22,0.29,0.23,0.24,0.28,0.25,0.19,0.27,0.26,0.09,0.26,0.08,0.12,0.21,0.08,0.24,0.11,0.31,0.21,0.12,0.2,0.09,0.2,0.23,0.1,0.11,0.31,0.1,0.33,0.1,0.08,0.09,0.17,0.11,0.22,0.23,0.09,0.1,0.22,0.08,0.08,0.22,0.08,0.09,0.09,0.12,0.08,0.14,0.16,0.16,0.15,0.21,0.58,0.44,0.58,0.45,0.44,0.22,0.26,0.09,0.17,0.18,0.2,0.19,0.14,0.2,0.22,0.14,0.27,0.16,0.12,0.47,0.2,0.39,0.35,0.11,0.11,0.09,0.18,0.18,0.18,0.23,0.22,0.27,0.22,0.14,0.15,0.09,0.2,0.1,0.43,0.09,0.09,0.32,0.35,0.15,0.1,0.14,0.08,0.14,0.27,0.16,0.13,0.42,0.41,0.2,1.0,0.08,0.2,0.26,0.43,0.33,0.1,0.29,0.16,0.26,0.19,0.33,0.14,0.13,0.48,0.21,0.18,0.26,0.38,0.45,0.09,0.13,0.07,0.5,0.15,0.13,0.3,0.15,0.22,0.18,0.12,0.1,0.09,0.09,0.1,0.1,0.13,0.09,0.1,0.37,0.14,0.15,0.27,0.31,0.13,0.25,0.23,0.28,0.11,0.28,0.16,0.14
"grifolic_acid",0.12,0.09,0.12,0.13,0.14,0.12,0.1,0.11,0.12,0.1,0.1,0.17,0.2,0.11,0.1,0.12,0.09,0.15,0.08,0.1,0.11,0.12,0.11,0.08,0.13,0.12,0.12,0.1,0.12,0.12,0.12,0.1,0.09,0.11,0.11,0.11,0.12,0.12,0.12,0.13,0.2,0.15,0.08,0.13,0.19,0.19,0.07,0.11,0.23,0.19,0.08,0.08,0.09,0.15,0.09,0.17,0.18,0.2,0.1,0.14,0.09,0.09,0.17,0.09,0.16,0.12,0.11,0.1,0.1,0.1,0.1,0.09,0.12,0.18,0.17,0.12,0.18,0.15,0.17,0.09,0.13,0.15,0.13,0.09,0.1,0.14,0.09,0.1,0.09,0.1,0.09,0.09,0.1,0.08,0.12,0.15,0.12,0.2,0.3,0.09,0.1,0.18,0.17,0.13,0.13,0.29,0.09,0.11,0.09,0.12,0.1,0.14,0.16,0.12,0.12,0.15,0.1,0.09,0.09,0.21,0.15,0.09,0.13,0.12,0.13,0.14,0.1,0.08,0.08,0.15,0.11,0.06,0.13,0.08,0.03,0.1,0.1,0.08,0.15,0.12,0.13,0.19,0.1,0.11,0.12,0.09,0.12,0.12,0.15,0.19,0.08,0.13,0.08,0.76,0.15,0.09,0.1,0.13,0.11,0.12,0.09,0.14,0.09,0.11,0.11,0.14,0.11,0.11,0.08,1.0,0.1,0.11,0.1,0.14,0.13,0.11,0.12,0.11,0.11,0.14,0.06,0.18,0.09,0.1,0.1,0.17,0.11,0.14,0.13,0.09,0.16,0.09,0.13,0.14,0.15,0.09,0.11,0.13,0.13,0.07,0.07,0.14,0.07,0.13,0.14,0.12,0.18,0.1,0.17,0.11,0.1,0.15,0.16,0.1,0.12,0.16,0.32,0.1,0.09,0.06
"guanidinoacetic_acid",0.14,0.18,0.17,0.16,0.16,0.12,0.2,0.12,0.17,0.19,0.24,0.16,0.12,0.15,0.22,0.18,0.17,0.16,0.1,0.18,0.24,0.23,0.22,0.11,0.13,0.25,0.19,0.16,0.22,0.29,0.17,0.15,0.15,0.19,0.19,0.19,0.18,0.19,0.17,0.19,0.13,0.16,0.16,0.15,0.15,0.15,0.09,0.12,0.14,0.15,0.22,0.19,0.24,0.15,0.17,0.12,0.11,0.16,0.18,0.14,0.17,0.21,0.14,0.21,0.16,0.24,0.24,0.15,0.18,0.19,0.18,0.12,0.19,0.11,0.12,0.29,0.11,0.15,0.14,0.24,0.16,0.16,0.12,0.12,0.12,0.16,0.12,0.14,0.2,0.1,0.19,0.13,0.11,0.11,0.28,0.15,0.13,0.14,0.12,0.12,0.13,0.09,0.1,0.13,0.1,0.12,0.12,0.2,0.07,0.23,0.14,0.17,0.16,0.13,0.17,0.13,0.17,0.19,0.18,0.14,0.16,0.11,0.18,0.11,0.23,0.21,0.07,0.12,0.12,0.21,0.22,0.12,0.17,0.38,0.27,0.27,0.28,0.14,0.15,0.11,0.32,0.11,0.17,0.15,0.14,0.23,0.15,0.25,0.26,0.11,0.12,0.13,0.21,0.12,0.12,0.21,0.28,0.19,0.15,0.25,0.07,0.23,0.15,0.3,0.19,0.26,0.25,0.37,0.2,0.1,1.0,0.16,0.22,0.17,0.12,0.21,0.27,0.16,0.17,0.21,0.1,0.17,0.2,0.24,0.38,0.16,0.19,0.16,0.12,0.17,0.09,0.21,0.12,0.18,0.19,0.12,0.17,0.16,0.17,0.12,0.12,0.11,0.13,0.13,0.19,0.11,0.13,0.24,0.24,0.2,0.19,0.19,0.18,0.25,0.14,0.18,0.14,0.19,0.13,0.11
"histidine",0.25,0.28,0.26,0.14,0.25,0.3,0.14,0.14,0.13,0.23,0.34,0.17,0.14,0.16,0.32,0.18,0.21,0.2,0.1,0.24,0.3,0.33,0.14,0.1,0.15,0.14,0.16,0.14,0.15,0.16,0.18,0.17,0.23,0.28,0.28,0.28,0.18,0.16,0.32,0.22,0.15,0.26,0.24,0.46,0.16,0.19,0.11,0.11,0.32,0.16,0.22,0.23,0.23,0.28,0.21,0.16,0.15,0.38,0.22,0.15,0.21,0.21,0.32,0.24,0.28,0.23,0.23,0.27,0.13,0.22,0.22,0.11,0.25,0.17,0.18,0.16,0.12,0.28,0.16,0.3,0.26,0.17,0.34,0.11,0.33,0.2,0.12,0.12,0.3,0.12,0.32,0.12,0.1,0.11,0.16,0.16,0.36,0.33,0.14,0.12,0.36,0.11,0.16,0.36,0.14,0.14,0.11,0.14,0.12,0.13,0.15,0.23,0.22,0.3,0.26,0.21,0.26,0.28,0.28,0.32,0.37,0.11,0.27,0.24,0.25,0.24,0.16,0.19,0.23,0.13,0.25,0.15,0.18,0.27,0.11,0.32,0.33,0.13,0.17,0.15,0.17,0.19,0.12,0.25,0.24,0.2,0.24,0.14,0.14,0.13,0.24,0.15,0.27,0.13,0.14,0.31,0.33,0.17,0.18,0.14,0.12,0.13,0.32,0.15,0.12,0.31,0.31,0.19,0.26,0.11,0.16,1.0,0.32,0.32,0.19,0.24,0.15,0.3,0.18,0.31,0.13,0.12,0.3,0.19,0.17,0.37,0.32,0.21,0.22,0.12,0.11,0.31,0.2,0.18,0.43,0.23,0.27,0.26,0.18,0.12,0.11,0.13,0.12,0.21,0.12,0.18,0.15,0.34,0.13,0.12,0.26,0.29,0.12,0.2,0.4,0.41,0.15,0.23,0.15,0.14
"homoserine",0.22,0.54,0.43,0.19,0.33,0.23,0.19,0.12,0.2,0.33,0.52,0.15,0.12,0.25,0.62,0.26,0.29,0.27,0.1,0.31,0.54,0.5,0.21,0.1,0.12,0.19,0.22,0.2,0.26,0.23,0.25,0.24,0.38,0.5,0.5,0.5,0.26,0.18,0.43,0.3,0.12,0.27,0.32,0.31,0.15,0.18,0.09,0.11,0.28,0.15,0.31,0.33,0.32,0.3,0.3,0.11,0.1,0.33,0.31,0.13,0.29,0.3,0.28,0.35,0.26,0.33,0.32,0.31,0.21,0.32,0.31,0.12,0.33,0.1,0.15,0.23,0.1,0.3,0.14,0.42,0.27,0.15,0.24,0.12,0.24,0.26,0.12,0.13,0.48,0.1,0.44,0.13,0.1,0.11,0.22,0.14,0.26,0.28,0.12,0.12,0.26,0.09,0.1,0.29,0.09,0.11,0.11,0.16,0.09,0.18,0.21,0.2,0.19,0.26,0.43,0.39,0.43,0.5,0.48,0.28,0.32,0.11,0.21,0.19,0.26,0.24,0.16,0.21,0.21,0.2,0.45,0.33,0.16,0.46,0.22,0.48,0.5,0.14,0.15,0.11,0.25,0.19,0.19,0.26,0.24,0.31,0.25,0.19,0.2,0.11,0.21,0.12,0.46,0.11,0.12,0.44,0.5,0.15,0.12,0.19,0.09,0.18,0.31,0.23,0.18,0.59,0.57,0.29,0.43,0.1,0.22,0.32,1.0,0.43,0.12,0.33,0.21,0.32,0.27,0.46,0.22,0.13,0.54,0.28,0.25,0.32,0.52,0.33,0.12,0.17,0.09,0.57,0.19,0.17,0.39,0.23,0.29,0.23,0.16,0.12,0.12,0.11,0.12,0.12,0.18,0.11,0.13,0.6,0.19,0.16,0.32,0.41,0.17,0.29,0.29,0.37,0.13,0.33,0.21,0.24
"homotyrosine",0.32,0.36,0.33,0.15,0.26,0.26,0.18,0.12,0.16,0.24,0.37,0.24,0.21,0.2,0.43,0.19,0.22,0.24,0.16,0.25,0.39,0.35,0.15,0.08,0.18,0.14,0.17,0.15,0.16,0.17,0.19,0.18,0.3,0.37,0.37,0.37,0.19,0.14,0.58,0.23,0.22,0.34,0.26,0.38,0.23,0.26,0.09,0.09,0.33,0.23,0.23,0.24,0.24,0.36,0.22,0.2,0.18,0.47,0.23,0.18,0.25,0.22,0.4,0.26,0.51,0.24,0.24,0.28,0.16,0.24,0.23,0.09,0.26,0.13,0.22,0.17,0.18,0.42,0.35,0.31,0.47,0.42,0.27,0.09,0.27,0.2,0.1,0.11,0.31,0.08,0.33,0.1,0.08,0.09,0.17,0.2,0.29,0.4,0.18,0.1,0.29,0.14,0.15,0.29,0.22,0.2,0.09,0.15,0.13,0.14,0.16,0.28,0.43,0.29,0.33,0.27,0.33,0.37,0.36,0.36,0.42,0.09,0.34,0.23,0.3,0.43,0.17,0.2,0.19,0.14,0.27,0.16,0.22,0.35,0.14,0.34,0.35,0.11,0.21,0.16,0.18,0.22,0.16,0.3,0.43,0.24,0.29,0.14,0.15,0.19,0.2,0.18,0.35,0.16,0.31,0.32,0.35,0.21,0.16,0.14,0.15,0.14,0.27,0.16,0.13,0.42,0.41,0.2,0.33,0.14,0.17,0.32,0.43,1.0,0.17,0.25,0.16,0.35,0.19,0.33,0.14,0.13,0.39,0.21,0.18,0.46,0.38,0.27,0.18,0.13,0.15,0.41,0.39,0.23,0.45,0.28,0.32,0.31,0.25,0.1,0.09,0.16,0.1,0.18,0.13,0.16,0.22,0.37,0.14,0.12,0.24,0.31,0.13,0.21,0.32,0.67,0.18,0.24,0.19,0.14
"indole_pyruvic_acid",0.17,0.11,0.1,0.11,0.1,0.22,0.1,0.11,0.1,0.1,0.13,0.16,0.22,0.11,0.12,0.12,0.09,0.11,0.07,0.09,0.11,0.12,0.11,0.1,0.23,0.23,0.22,0.17,0.12,0.16,0.12,0.1,0.09,0.11,0.11,0.11,0.12,0.1,0.22,0.11,0.2,0.14,0.14,0.18,0.19,0.19,0.09,0.11,0.15,0.19,0.1,0.1,0.11,0.2,0.09,0.21,0.22,0.19,0.1,0.17,0.09,0.09,0.19,0.12,0.17,0.13,0.11,0.14,0.1,0.1,0.1,0.11,0.1,0.2,0.16,0.13,0.2,0.15,0.18,0.11,0.16,0.35,0.33,0.11,0.38,0.1,0.11,0.12,0.11,0.1,0.11,0.15,0.1,0.1,0.12,0.16,0.35,0.17,0.16,0.14,0.27,0.15,0.26,0.35,0.16,0.21,0.13,0.11,0.23,0.12,0.1,0.23,0.17,0.25,0.1,0.08,0.1,0.11,0.11,0.15,0.16,0.11,0.16,0.41,0.24,0.18,0.09,0.09,0.11,0.12,0.11,0.05,0.23,0.1,0.06,0.12,0.12,0.12,0.26,0.2,0.17,0.12,0.1,0.21,0.15,0.14,0.21,0.13,0.17,0.18,0.12,0.23,0.1,0.15,0.16,0.12,0.12,0.25,0.46,0.16,0.24,0.12,0.13,0.15,0.12,0.12,0.12,0.15,0.1,0.13,0.12,0.19,0.12,0.17,1.0,0.12,0.12,0.21,0.11,0.12,0.05,0.12,0.11,0.13,0.14,0.19,0.11,0.08,0.19,0.09,0.15,0.12,0.17,0.18,0.24,0.2,0.23,0.25,0.45,0.14,0.11,0.18,0.12,0.26,0.15,0.2,0.27,0.13,0.13,0.09,0.1,0.11,0.12,0.13,0.56,0.18,0.2,0.1,0.12,0.05
"isoleucine",0.28,0.27,0.36,0.34,0.35,0.2,0.18,0.11,0.26,0.55,0.36,0.14,0.11,0.27,0.33,0.33,0.31,0.43,0.09,0.33,0.3,0.52,0.24,0.1,0.12,0.18,0.3,0.28,0.24,0.21,0.54,0.32,0.22,0.37,0.37,0.37,0.33,0.21,0.25,0.28,0.12,0.25,0.24,0.23,0.14,0.17,0.08,0.14,0.23,0.14,0.38,0.42,0.39,0.22,0.48,0.11,0.1,0.24,0.33,0.15,0.41,0.48,0.2,0.42,0.31,0.42,0.62,0.23,0.3,0.52,0.5,0.14,0.28,0.12,0.2,0.21,0.1,0.22,0.13,0.3,0.25,0.14,0.21,0.14,0.18,0.44,0.11,0.18,0.3,0.12,0.28,0.16,0.12,0.13,0.21,0.14,0.2,0.24,0.14,0.15,0.2,0.11,0.09,0.2,0.11,0.14,0.14,0.15,0.08,0.17,0.29,0.22,0.21,0.22,0.32,0.25,0.29,0.28,0.27,0.23,0.27,0.14,0.2,0.3,0.24,0.23,0.13,0.26,0.26,0.24,0.48,0.3,0.15,0.26,0.14,0.33,0.35,0.13,0.14,0.1,0.23,0.26,0.29,0.32,0.3,0.25,0.4,0.22,0.28,0.1,0.2,0.12,0.26,0.13,0.11,0.31,0.35,0.14,0.11,0.22,0.09,0.21,0.22,0.21,0.17,0.32,0.31,0.26,0.29,0.11,0.21,0.24,0.33,0.25,0.12,1.0,0.29,0.24,0.36,0.42,0.25,0.18,0.3,0.26,0.23,0.24,0.33,0.26,0.11,0.19,0.1,0.31,0.18,0.16,0.28,0.18,0.27,0.21,0.15,0.11,0.11,0.1,0.12,0.12,0.22,0.1,0.12,0.36,0.17,0.15,0.52,0.38,0.24,0.27,0.21,0.26,0.18,0.55,0.28,0.27
"isovaline",0.14,0.18,0.23,0.23,0.22,0.18,0.24,0.12,0.2,0.23,0.23,0.15,0.12,0.21,0.21,0.21,0.2,0.19,0.1,0.21,0.19,0.32,0.53,0.1,0.12,0.19,0.22,0.2,0.62,0.23,0.25,0.19,0.15,0.26,0.26,0.26,0.21,0.43,0.16,0.18,0.12,0.15,0.15,0.15,0.15,0.15,0.09,0.15,0.16,0.15,0.17,0.19,0.19,0.14,0.21,0.11,0.1,0.16,0.31,0.16,0.2,0.21,0.13,0.21,0.16,0.28,0.23,0.15,0.21,0.22,0.21,0.15,0.16,0.13,0.15,0.23,0.1,0.14,0.14,0.19,0.15,0.15,0.14,0.15,0.12,0.19,0.12,0.19,0.23,0.13,0.18,0.17,0.13,0.14,0.22,0.14,0.13,0.16,0.15,0.16,0.13,0.12,0.1,0.13,0.09,0.15,0.15,0.16,0.09,0.18,0.17,0.17,0.16,0.15,0.19,0.15,0.16,0.18,0.18,0.16,0.18,0.14,0.15,0.14,0.18,0.17,0.1,0.12,0.12,0.26,0.26,0.17,0.16,0.21,0.11,0.21,0.22,0.14,0.15,0.11,0.25,0.13,0.19,0.15,0.14,0.19,0.18,0.24,0.3,0.11,0.12,0.12,0.17,0.14,0.12,0.2,0.22,0.15,0.12,0.24,0.09,0.22,0.15,0.23,0.18,0.21,0.2,0.29,0.16,0.12,0.27,0.15,0.21,0.16,0.12,0.29,1.0,0.15,0.22,0.25,0.14,0.19,0.19,0.19,0.25,0.15,0.23,0.16,0.12,0.21,0.11,0.2,0.12,0.17,0.18,0.12,0.16,0.15,0.16,0.12,0.12,0.11,0.12,0.12,0.24,0.11,0.13,0.23,0.19,0.16,0.22,0.23,0.26,0.19,0.14,0.17,0.19,0.23,0.17,0.15
"kynurenine",0.25,0.28,0.26,0.14,0.25,0.3,0.14,0.12,0.13,0.23,0.34,0.29,0.26,0.16,0.32,0.18,0.21,0.22,0.12,0.3,0.3,0.33,0.14,0.08,0.31,0.14,0.19,0.14,0.15,0.16,0.18,0.17,0.26,0.28,0.28,0.28,0.18,0.13,0.42,0.25,0.18,0.26,0.24,0.36,0.25,0.28,0.09,0.09,0.27,0.25,0.22,0.23,0.26,0.64,0.21,0.19,0.2,0.34,0.22,0.29,0.21,0.21,0.29,0.24,0.28,0.23,0.26,0.27,0.16,0.22,0.22,0.11,0.25,0.12,0.26,0.16,0.15,0.64,0.19,0.33,0.29,0.2,0.29,0.09,0.28,0.2,0.09,0.1,0.33,0.08,0.32,0.1,0.08,0.08,0.16,0.31,0.31,0.3,0.17,0.09,0.31,0.13,0.14,0.28,0.14,0.19,0.09,0.12,0.12,0.13,0.15,0.29,0.22,0.33,0.26,0.21,0.26,0.28,0.28,0.29,0.33,0.09,0.27,0.27,0.39,0.3,0.16,0.19,0.21,0.13,0.25,0.15,0.52,0.27,0.11,0.41,0.42,0.13,0.27,0.2,0.21,0.19,0.15,0.35,0.27,0.22,0.34,0.14,0.14,0.16,0.21,0.24,0.27,0.13,0.17,0.31,0.33,0.26,0.2,0.14,0.12,0.13,0.29,0.15,0.12,0.31,0.34,0.19,0.26,0.11,0.16,0.3,0.32,0.35,0.21,0.24,0.15,1.0,0.18,0.35,0.13,0.12,0.3,0.23,0.17,0.37,0.29,0.21,0.2,0.12,0.17,0.31,0.23,0.25,0.47,0.3,0.38,0.32,0.27,0.09,0.09,0.16,0.09,0.21,0.12,0.21,0.31,0.34,0.13,0.12,0.26,0.29,0.12,0.24,0.36,0.37,0.15,0.23,0.18,0.14
"lactic_acid",0.19,0.26,0.23,0.29,0.23,0.15,0.19,0.15,0.24,0.44,0.3,0.14,0.15,0.31,0.27,0.47,0.3,0.33,0.08,0.29,0.24,0.35,0.28,0.12,0.15,0.19,0.35,0.41,0.22,0.18,0.45,0.56,0.17,0.27,0.27,0.27,0.47,0.23,0.19,0.22,0.15,0.23,0.18,0.18,0.14,0.18,0.07,0.18,0.18,0.14,0.33,0.37,0.29,0.17,0.45,0.14,0.12,0.19,0.33,0.16,0.3,0.38,0.15,0.32,0.23,0.44,0.35,0.18,0.3,0.42,0.4,0.19,0.19,0.16,0.21,0.18,0.12,0.17,0.17,0.29,0.23,0.14,0.16,0.19,0.13,0.31,0.15,0.16,0.29,0.15,0.27,0.21,0.16,0.17,0.17,0.13,0.15,0.19,0.19,0.19,0.15,0.14,0.11,0.15,0.14,0.18,0.18,0.15,0.1,0.17,0.4,0.24,0.23,0.17,0.23,0.18,0.19,0.22,0.21,0.18,0.22,0.17,0.14,0.22,0.18,0.17,0.1,0.21,0.21,0.38,0.53,0.22,0.15,0.21,0.06,0.27,0.29,0.17,0.19,0.12,0.2,0.22,0.28,0.27,0.25,0.19,0.31,0.25,0.26,0.13,0.18,0.15,0.21,0.13,0.14,0.25,0.29,0.14,0.11,0.25,0.1,0.23,0.17,0.24,0.25,0.26,0.25,0.24,0.19,0.11,0.17,0.18,0.27,0.19,0.11,0.36,0.22,0.18,1.0,0.38,0.17,0.16,0.24,0.37,0.2,0.18,0.28,0.18,0.14,0.21,0.12,0.25,0.29,0.17,0.22,0.11,0.25,0.28,0.15,0.15,0.14,0.13,0.15,0.15,0.33,0.13,0.16,0.3,0.18,0.15,0.5,0.28,0.22,0.32,0.16,0.21,0.16,0.44,0.38,0.19
"leucine",0.22,0.37,0.38,0.27,0.36,0.25,0.19,0.12,0.23,0.43,0.5,0.15,0.12,0.24,0.46,0.4,0.32,0.34,0.09,0.47,0.41,0.55,0.25,0.1,0.12,0.19,0.36,0.29,0.25,0.22,0.33,0.33,0.3,0.43,0.43,0.43,0.52,0.21,0.33,0.29,0.12,0.26,0.31,0.31,0.14,0.18,0.08,0.14,0.3,0.14,0.3,0.32,0.31,0.32,0.38,0.11,0.1,0.32,0.35,0.16,0.32,0.38,0.27,0.33,0.25,0.43,0.41,0.31,0.24,0.42,0.4,0.15,0.32,0.13,0.2,0.22,0.1,0.32,0.13,0.52,0.26,0.15,0.27,0.15,0.23,0.32,0.12,0.16,0.52,0.12,0.48,0.16,0.13,0.14,0.21,0.14,0.26,0.31,0.15,0.15,0.26,0.11,0.09,0.26,0.12,0.14,0.14,0.15,0.09,0.17,0.3,0.23,0.22,0.28,0.38,0.29,0.33,0.38,0.37,0.3,0.35,0.14,0.21,0.24,0.25,0.24,0.15,0.21,0.2,0.25,0.5,0.32,0.16,0.35,0.14,0.52,0.55,0.13,0.14,0.1,0.24,0.21,0.22,0.25,0.24,0.26,0.32,0.23,0.24,0.11,0.21,0.12,0.35,0.14,0.11,0.42,0.48,0.15,0.11,0.23,0.09,0.21,0.3,0.22,0.17,0.44,0.42,0.27,0.33,0.14,0.21,0.31,0.46,0.33,0.12,0.42,0.25,0.35,0.38,1.0,0.42,0.16,0.41,0.27,0.24,0.31,0.44,0.29,0.11,0.2,0.11,0.42,0.19,0.17,0.38,0.19,0.28,0.22,0.16,0.12,0.11,0.11,0.12,0.12,0.23,0.11,0.12,0.5,0.18,0.15,0.42,0.44,0.21,0.28,0.28,0.35,0.16,0.43,0.29,0.28
"leucinol",0.12,0.22,0.17,0.16,0.16,0.12,0.07,0.03,0.14,0.24,0.19,0.06,0.03,0.11,0.18,0.22,0.17,0.19,0.06,0.22,0.16,0.23,0.12,0.02,0.03,0.07,0.23,0.16,0.18,0.11,0.17,0.15,0.12,0.19,0.19,0.19,0.32,0.1,0.14,0.15,0.03,0.12,0.13,0.12,0.06,0.06,0.06,0.06,0.14,0.06,0.14,0.15,0.16,0.12,0.21,0.03,0.02,0.13,0.18,0.08,0.17,0.21,0.11,0.17,0.13,0.24,0.24,0.12,0.14,0.23,0.22,0.06,0.13,0.05,0.12,0.11,0.02,0.12,0.03,0.2,0.12,0.06,0.12,0.06,0.1,0.23,0.03,0.08,0.29,0.05,0.19,0.06,0.08,0.05,0.1,0.05,0.11,0.14,0.06,0.06,0.11,0.04,0.02,0.11,0.05,0.06,0.06,0.06,0.03,0.07,0.14,0.11,0.1,0.15,0.17,0.16,0.14,0.15,0.15,0.14,0.16,0.05,0.12,0.14,0.15,0.14,0.09,0.1,0.1,0.1,0.27,0.5,0.06,0.14,0.31,0.18,0.19,0.03,0.03,0.02,0.12,0.11,0.14,0.12,0.11,0.19,0.18,0.11,0.12,0.03,0.1,0.03,0.14,0.07,0.03,0.17,0.19,0.06,0.04,0.11,0.03,0.1,0.12,0.08,0.04,0.17,0.17,0.13,0.14,0.06,0.1,0.13,0.22,0.14,0.05,0.25,0.14,0.13,0.17,0.42,1.0,0.08,0.16,0.11,0.12,0.13,0.19,0.13,0.03,0.1,0.04,0.17,0.06,0.06,0.15,0.38,0.13,0.09,0.06,0.03,0.03,0.03,0.03,0.03,0.09,0.03,0.03,0.29,0.07,0.06,0.23,0.23,0.1,0.11,0.12,0.14,0.08,0.24,0.13,0.43
"linoleic_acid",0.14,0.11,0.27,0.21,0.47,0.13,0.11,0.12,0.46,0.14,0.14,0.12,0.12,0.32,0.13,0.16,0.12,0.15,0.05,0.15,0.28,0.2,0.15,0.08,0.12,0.25,0.17,0.15,0.16,0.17,0.19,0.14,0.19,0.33,0.33,0.33,0.16,0.14,0.16,0.2,0.12,0.12,0.1,0.12,0.12,0.12,0.04,0.12,0.13,0.12,0.1,0.11,0.12,0.12,0.13,0.12,0.11,0.13,0.13,0.13,0.12,0.13,0.13,0.13,0.13,0.17,0.18,0.12,0.28,0.14,0.13,0.12,0.15,0.13,0.12,0.32,0.13,0.12,0.14,0.12,0.12,0.15,0.14,0.12,0.12,0.2,0.1,0.18,0.12,0.1,0.12,0.13,0.13,0.11,0.24,0.11,0.11,0.13,0.15,0.12,0.11,0.12,0.1,0.11,0.1,0.14,0.12,0.24,0.09,0.24,0.13,0.16,0.15,0.12,0.16,0.17,0.16,0.14,0.14,0.15,0.15,0.11,0.15,0.11,0.17,0.16,0.08,0.1,0.08,0.18,0.15,0.09,0.12,0.14,0.07,0.13,0.17,0.11,0.14,0.11,0.26,0.11,0.33,0.12,0.11,0.18,0.14,0.21,0.39,0.14,0.08,0.15,0.14,0.16,0.15,0.12,0.14,0.15,0.12,0.14,0.09,0.27,0.1,0.2,0.17,0.22,0.15,0.2,0.13,0.18,0.17,0.12,0.13,0.13,0.12,0.18,0.19,0.12,0.16,0.16,0.08,1.0,0.15,0.17,0.18,0.12,0.15,0.17,0.12,0.13,0.11,0.15,0.12,0.13,0.14,0.1,0.12,0.15,0.15,0.1,0.09,0.11,0.1,0.12,0.17,0.11,0.13,0.14,0.32,0.15,0.14,0.24,0.34,0.18,0.12,0.14,0.18,0.14,0.13,0.08
"lysine",0.21,0.43,0.53,0.18,0.34,0.22,0.17,0.11,0.25,0.3,0.52,0.14,0.11,0.3,0.68,0.23,0.26,0.24,0.09,0.29,0.6,0.44,0.19,0.1,0.11,0.17,0.2,0.18,0.19,0.21,0.23,0.21,0.47,0.62,0.62,0.62,0.23,0.16,0.48,0.35,0.11,0.24,0.3,0.29,0.14,0.17,0.11,0.11,0.26,0.14,0.32,0.3,0.29,0.28,0.27,0.11,0.1,0.31,0.28,0.12,0.26,0.27,0.26,0.36,0.24,0.35,0.29,0.29,0.22,0.29,0.28,0.11,0.31,0.1,0.14,0.4,0.1,0.28,0.12,0.38,0.24,0.14,0.23,0.11,0.22,0.24,0.11,0.12,0.38,0.09,0.5,0.12,0.1,0.1,0.24,0.13,0.24,0.26,0.11,0.11,0.24,0.09,0.09,0.24,0.09,0.11,0.11,0.14,0.08,0.16,0.19,0.18,0.18,0.24,0.48,0.37,0.48,0.56,0.59,0.26,0.3,0.1,0.2,0.18,0.24,0.22,0.15,0.2,0.19,0.17,0.33,0.19,0.15,0.52,0.2,0.42,0.44,0.12,0.13,0.1,0.32,0.17,0.24,0.24,0.22,0.46,0.23,0.17,0.18,0.1,0.2,0.11,0.52,0.11,0.11,0.39,0.44,0.14,0.11,0.17,0.08,0.16,0.28,0.2,0.16,0.52,0.5,0.3,0.48,0.09,0.2,0.3,0.54,0.39,0.11,0.3,0.19,0.3,0.24,0.41,0.16,0.15,1.0,0.25,0.22,0.3,0.46,0.38,0.11,0.15,0.08,0.86,0.18,0.16,0.35,0.18,0.26,0.21,0.15,0.11,0.11,0.1,0.11,0.11,0.16,0.1,0.12,0.46,0.17,0.14,0.29,0.37,0.16,0.26,0.27,0.33,0.12,0.3,0.19,0.17
"malic_acid",0.21,0.27,0.21,0.21,0.2,0.14,0.16,0.13,0.21,0.25,0.3,0.12,0.13,0.27,0.28,0.45,0.21,0.2,0.07,0.26,0.3,0.29,0.17,0.11,0.13,0.26,0.29,0.22,0.19,0.25,0.32,0.32,0.18,0.23,0.23,0.23,0.45,0.15,0.21,0.23,0.13,0.2,0.19,0.19,0.12,0.16,0.06,0.12,0.17,0.12,0.28,0.3,0.35,0.21,0.27,0.12,0.11,0.2,0.23,0.11,0.21,0.22,0.17,0.32,0.24,0.3,0.4,0.19,0.34,0.24,0.23,0.12,0.2,0.11,0.12,0.25,0.11,0.21,0.15,0.35,0.2,0.16,0.15,0.12,0.15,0.24,0.13,0.14,0.3,0.11,0.28,0.14,0.11,0.11,0.24,0.15,0.19,0.17,0.16,0.13,0.16,0.1,0.1,0.19,0.1,0.12,0.12,0.21,0.07,0.24,0.23,0.21,0.2,0.16,0.21,0.16,0.21,0.23,0.23,0.17,0.19,0.12,0.26,0.14,0.32,0.3,0.09,0.22,0.18,0.22,0.29,0.13,0.13,0.22,0.09,0.33,0.48,0.15,0.16,0.11,0.27,0.17,0.32,0.23,0.22,0.33,0.19,0.26,0.27,0.11,0.16,0.13,0.22,0.12,0.12,0.26,0.29,0.12,0.1,0.16,0.07,0.24,0.18,0.32,0.2,0.32,0.26,0.32,0.21,0.1,0.24,0.19,0.28,0.21,0.13,0.26,0.19,0.23,0.37,0.27,0.11,0.17,0.25,1.0,0.27,0.19,0.24,0.19,0.12,0.14,0.09,0.26,0.25,0.14,0.23,0.13,0.21,0.38,0.17,0.13,0.12,0.11,0.13,0.13,0.2,0.11,0.14,0.3,0.25,0.13,0.29,0.24,0.19,0.53,0.18,0.22,0.14,0.25,0.22,0.12
"malonamate",0.15,0.2,0.18,0.18,0.18,0.12,0.23,0.14,0.19,0.22,0.27,0.17,0.14,0.16,0.25,0.2,0.19,0.17,0.11,0.17,0.27,0.26,0.25,0.11,0.14,0.29,0.21,0.18,0.25,0.33,0.19,0.17,0.16,0.21,0.21,0.21,0.2,0.21,0.18,0.21,0.14,0.17,0.17,0.17,0.21,0.17,0.1,0.13,0.15,0.17,0.25,0.22,0.32,0.16,0.19,0.13,0.11,0.18,0.2,0.15,0.19,0.24,0.15,0.24,0.18,0.27,0.27,0.17,0.19,0.21,0.2,0.13,0.25,0.15,0.13,0.33,0.11,0.16,0.16,0.27,0.17,0.17,0.13,0.13,0.13,0.18,0.14,0.15,0.22,0.11,0.21,0.15,0.11,0.12,0.32,0.16,0.14,0.15,0.13,0.14,0.14,0.1,0.11,0.14,0.1,0.13,0.13,0.27,0.07,0.32,0.2,0.19,0.18,0.14,0.18,0.14,0.18,0.25,0.24,0.15,0.17,0.12,0.2,0.12,0.25,0.23,0.08,0.14,0.13,0.25,0.25,0.14,0.19,0.23,0.13,0.36,0.32,0.16,0.17,0.12,0.37,0.12,0.18,0.17,0.16,0.26,0.16,0.29,0.3,0.12,0.14,0.14,0.28,0.12,0.13,0.23,0.26,0.21,0.16,0.29,0.08,0.26,0.16,0.35,0.22,0.29,0.33,0.44,0.18,0.1,0.38,0.17,0.25,0.18,0.14,0.23,0.25,0.17,0.2,0.24,0.12,0.18,0.22,0.27,1.0,0.17,0.21,0.23,0.13,0.19,0.09,0.23,0.14,0.2,0.21,0.14,0.19,0.17,0.19,0.14,0.13,0.12,0.14,0.14,0.22,0.12,0.15,0.27,0.27,0.18,0.21,0.21,0.2,0.29,0.15,0.19,0.15,0.22,0.15,0.12
"meta-tyrosine",0.3,0.28,0.26,0.14,0.25,0.32,0.17,0.14,0.13,0.23,0.34,0.22,0.26,0.16,0.32,0.18,0.21,0.29,0.12,0.24,0.3,0.33,0.14,0.08,0.21,0.14,0.16,0.14,0.15,0.16,0.18,0.17,0.23,0.28,0.28,0.28,0.18,0.16,0.46,0.22,0.24,0.36,0.24,0.54,0.22,0.32,0.09,0.09,0.44,0.25,0.22,0.23,0.23,0.4,0.21,0.22,0.23,0.62,0.22,0.23,0.21,0.21,0.51,0.24,0.41,0.23,0.23,0.27,0.13,0.22,0.22,0.09,0.25,0.17,0.21,0.16,0.2,0.44,0.26,0.3,0.36,0.29,0.37,0.09,0.36,0.2,0.09,0.1,0.3,0.1,0.28,0.1,0.08,0.08,0.16,0.21,0.36,0.52,0.2,0.09,0.33,0.16,0.16,0.36,0.23,0.25,0.09,0.14,0.14,0.13,0.15,0.36,0.34,0.35,0.29,0.23,0.26,0.28,0.28,0.41,0.47,0.09,0.3,0.24,0.32,0.33,0.15,0.19,0.21,0.17,0.25,0.15,0.24,0.27,0.11,0.32,0.33,0.1,0.24,0.18,0.21,0.24,0.12,0.32,0.33,0.2,0.31,0.14,0.14,0.21,0.21,0.21,0.27,0.2,0.22,0.31,0.33,0.22,0.18,0.17,0.14,0.13,0.26,0.15,0.12,0.31,0.31,0.19,0.26,0.17,0.16,0.37,0.32,0.46,0.19,0.24,0.15,0.37,0.18,0.31,0.13,0.12,0.3,0.19,0.17,1.0,0.29,0.24,0.2,0.12,0.17,0.31,0.3,0.22,0.67,0.37,0.34,0.4,0.31,0.09,0.09,0.18,0.09,0.21,0.16,0.18,0.24,0.34,0.13,0.12,0.22,0.29,0.12,0.2,0.4,0.62,0.2,0.23,0.18,0.14
"methionine",0.2,0.42,0.42,0.21,0.33,0.24,0.17,0.11,0.21,0.33,0.44,0.14,0.11,0.26,0.52,0.27,0.29,0.27,0.09,0.32,0.46,0.48,0.22,0.09,0.11,0.17,0.23,0.21,0.23,0.2,0.26,0.25,0.34,0.48,0.48,0.48,0.27,0.19,0.38,0.26,0.11,0.24,0.29,0.28,0.13,0.19,0.08,0.13,0.28,0.13,0.27,0.29,0.28,0.27,0.3,0.1,0.09,0.3,0.31,0.15,0.29,0.3,0.25,0.3,0.23,0.33,0.37,0.28,0.22,0.32,0.31,0.14,0.3,0.12,0.16,0.2,0.09,0.27,0.12,0.37,0.24,0.14,0.25,0.14,0.22,0.26,0.11,0.15,0.37,0.12,0.39,0.15,0.12,0.12,0.19,0.13,0.24,0.29,0.14,0.14,0.24,0.11,0.09,0.24,0.09,0.13,0.13,0.14,0.1,0.16,0.23,0.21,0.2,0.26,0.42,0.33,0.38,0.43,0.42,0.28,0.32,0.13,0.19,0.2,0.23,0.22,0.16,0.19,0.19,0.22,0.38,0.23,0.14,0.41,0.16,0.41,0.42,0.12,0.13,0.1,0.21,0.2,0.21,0.23,0.22,0.27,0.26,0.21,0.21,0.1,0.19,0.11,0.41,0.13,0.11,0.38,0.42,0.14,0.11,0.21,0.1,0.19,0.28,0.19,0.15,0.5,0.48,0.24,0.38,0.11,0.19,0.32,0.52,0.38,0.11,0.33,0.23,0.29,0.28,0.44,0.19,0.15,0.46,0.24,0.21,0.29,1.0,0.33,0.11,0.18,0.1,0.48,0.17,0.15,0.34,0.17,0.25,0.2,0.14,0.11,0.11,0.1,0.11,0.11,0.2,0.1,0.11,0.44,0.16,0.14,0.32,0.4,0.19,0.25,0.26,0.32,0.15,0.33,0.22,0.21
"methylglutaconyl_hydroxyornithine",0.18,0.29,0.36,0.17,0.29,0.2,0.11,0.1,0.2,0.25,0.28,0.1,0.08,0.21,0.33,0.21,0.2,0.27,0.06,0.23,0.41,0.31,0.15,0.07,0.08,0.14,0.16,0.14,0.16,0.16,0.18,0.17,0.3,0.39,0.39,0.39,0.21,0.16,0.33,0.21,0.1,0.17,0.21,0.23,0.1,0.14,0.06,0.1,0.23,0.12,0.24,0.22,0.22,0.2,0.23,0.08,0.09,0.24,0.21,0.11,0.23,0.23,0.21,0.23,0.19,0.22,0.28,0.21,0.2,0.24,0.24,0.1,0.27,0.13,0.12,0.19,0.09,0.2,0.11,0.25,0.17,0.1,0.19,0.1,0.17,0.24,0.08,0.11,0.25,0.11,0.27,0.1,0.11,0.09,0.16,0.09,0.18,0.24,0.1,0.1,0.18,0.08,0.07,0.18,0.08,0.1,0.1,0.15,0.08,0.19,0.18,0.18,0.17,0.2,0.61,0.73,0.49,0.39,0.38,0.25,0.26,0.09,0.16,0.17,0.19,0.18,0.15,0.16,0.18,0.17,0.24,0.15,0.1,0.34,0.14,0.27,0.31,0.09,0.11,0.07,0.17,0.17,0.2,0.19,0.18,0.24,0.21,0.17,0.17,0.09,0.16,0.1,0.37,0.14,0.1,0.26,0.28,0.12,0.1,0.17,0.08,0.16,0.23,0.15,0.13,0.36,0.32,0.18,0.45,0.14,0.16,0.21,0.33,0.27,0.08,0.26,0.16,0.21,0.18,0.29,0.13,0.17,0.38,0.19,0.23,0.24,0.33,1.0,0.1,0.13,0.08,0.38,0.12,0.13,0.27,0.12,0.17,0.14,0.1,0.08,0.08,0.11,0.08,0.08,0.16,0.07,0.08,0.28,0.16,0.12,0.24,0.3,0.16,0.2,0.2,0.26,0.11,0.25,0.15,0.14
"nicotinic_acid",0.15,0.1,0.09,0.11,0.09,0.17,0.13,0.17,0.1,0.12,0.12,0.24,0.28,0.1,0.12,0.12,0.11,0.14,0.09,0.09,0.11,0.12,0.14,0.09,0.29,0.13,0.12,0.13,0.12,0.12,0.11,0.13,0.09,0.1,0.1,0.1,0.12,0.16,0.21,0.1,0.33,0.17,0.09,0.43,0.23,0.3,0.08,0.1,0.12,0.3,0.12,0.12,0.11,0.18,0.11,0.39,0.27,0.17,0.12,0.24,0.11,0.11,0.15,0.11,0.17,0.12,0.11,0.11,0.1,0.12,0.12,0.11,0.09,0.18,0.19,0.12,0.27,0.16,0.37,0.11,0.2,0.2,0.15,0.11,0.15,0.09,0.11,0.09,0.11,0.12,0.1,0.11,0.09,0.1,0.12,0.22,0.14,0.15,0.2,0.11,0.14,0.16,0.16,0.14,0.16,0.26,0.1,0.11,0.14,0.12,0.12,0.21,0.17,0.16,0.09,0.1,0.09,0.1,0.1,0.15,0.17,0.1,0.22,0.17,0.23,0.18,0.08,0.11,0.13,0.17,0.14,0.03,0.29,0.1,0.02,0.12,0.12,0.12,0.52,0.28,0.17,0.12,0.09,0.23,0.18,0.11,0.22,0.17,0.13,0.18,0.14,0.25,0.1,0.15,0.2,0.11,0.12,0.24,0.18,0.13,0.14,0.12,0.13,0.15,0.15,0.11,0.11,0.15,0.09,0.13,0.12,0.22,0.12,0.18,0.19,0.11,0.12,0.2,0.14,0.11,0.03,0.12,0.11,0.12,0.13,0.2,0.11,0.1,1.0,0.11,0.2,0.11,0.21,0.36,0.23,0.17,0.25,0.24,0.25,0.11,0.11,0.29,0.11,0.29,0.15,0.32,0.3,0.12,0.12,0.11,0.16,0.11,0.12,0.13,0.18,0.18,0.18,0.12,0.15,0.03
"norcoronamic_acid",0.11,0.14,0.16,0.15,0.15,0.11,0.39,0.19,0.13,0.22,0.18,0.15,0.12,0.14,0.17,0.17,0.28,0.18,0.13,0.15,0.15,0.21,0.25,0.16,0.12,0.14,0.17,0.19,0.21,0.18,0.16,0.19,0.17,0.18,0.18,0.18,0.17,0.21,0.13,0.14,0.12,0.15,0.18,0.12,0.14,0.14,0.15,0.25,0.13,0.14,0.17,0.18,0.15,0.11,0.2,0.11,0.1,0.12,0.21,0.16,0.19,0.2,0.11,0.16,0.12,0.22,0.19,0.18,0.14,0.21,0.21,0.26,0.12,0.13,0.14,0.18,0.1,0.11,0.13,0.15,0.15,0.11,0.12,0.26,0.09,0.15,0.19,0.19,0.15,0.22,0.14,0.29,0.19,0.24,0.17,0.14,0.1,0.13,0.15,0.27,0.1,0.11,0.09,0.1,0.14,0.14,0.25,0.12,0.12,0.13,0.17,0.13,0.12,0.12,0.16,0.12,0.13,0.14,0.14,0.13,0.15,0.24,0.12,0.13,0.14,0.14,0.09,0.18,0.17,0.25,0.25,0.12,0.16,0.14,0.05,0.17,0.17,0.21,0.14,0.1,0.19,0.13,0.13,0.14,0.14,0.15,0.17,0.19,0.19,0.14,0.18,0.16,0.14,0.11,0.15,0.16,0.17,0.18,0.11,0.23,0.13,0.17,0.17,0.17,0.17,0.16,0.16,0.22,0.13,0.09,0.17,0.12,0.17,0.13,0.09,0.19,0.21,0.12,0.21,0.2,0.1,0.13,0.15,0.14,0.19,0.12,0.18,0.13,0.11,1.0,0.18,0.16,0.12,0.17,0.14,0.09,0.16,0.11,0.12,0.19,0.18,0.14,0.19,0.12,0.23,0.11,0.12,0.18,0.14,0.15,0.21,0.18,0.17,0.14,0.11,0.14,0.13,0.22,0.16,0.1
"ochratoxin_beta",0.12,0.08,0.09,0.12,0.09,0.13,0.14,0.15,0.09,0.11,0.09,0.34,0.38,0.1,0.09,0.11,0.13,0.12,0.13,0.09,0.08,0.11,0.12,0.11,0.26,0.09,0.11,0.12,0.11,0.09,0.11,0.12,0.12,0.1,0.1,0.1,0.11,0.11,0.15,0.1,0.2,0.15,0.11,0.15,0.33,0.19,0.12,0.17,0.13,0.19,0.09,0.09,0.08,0.18,0.11,0.22,0.22,0.15,0.11,0.25,0.1,0.11,0.13,0.08,0.15,0.11,0.1,0.12,0.09,0.11,0.11,0.17,0.07,0.15,0.31,0.09,0.18,0.18,0.22,0.08,0.17,0.17,0.14,0.17,0.12,0.09,0.12,0.13,0.08,0.17,0.08,0.18,0.13,0.14,0.09,0.21,0.11,0.16,0.2,0.17,0.13,0.2,0.21,0.11,0.25,0.24,0.17,0.08,0.2,0.09,0.11,0.18,0.17,0.15,0.09,0.08,0.07,0.08,0.08,0.13,0.15,0.14,0.15,0.16,0.17,0.16,0.1,0.12,0.12,0.14,0.12,0.05,0.26,0.07,0.02,0.09,0.09,0.14,0.23,0.2,0.12,0.13,0.09,0.17,0.16,0.08,0.19,0.12,0.12,0.16,0.12,0.18,0.07,0.18,0.17,0.08,0.09,0.17,0.14,0.12,0.2,0.11,0.12,0.1,0.1,0.08,0.08,0.1,0.07,0.16,0.09,0.11,0.09,0.15,0.15,0.1,0.11,0.17,0.12,0.11,0.04,0.11,0.08,0.09,0.09,0.17,0.1,0.08,0.2,0.18,1.0,0.08,0.17,0.19,0.17,0.12,0.18,0.17,0.18,0.12,0.12,0.23,0.13,0.23,0.13,0.18,0.3,0.09,0.09,0.08,0.11,0.1,0.11,0.09,0.14,0.16,0.2,0.11,0.13,0.04
"ornithine",0.21,0.45,0.5,0.18,0.35,0.22,0.18,0.11,0.22,0.31,0.55,0.14,0.11,0.27,0.71,0.24,0.27,0.25,0.09,0.3,0.62,0.46,0.19,0.1,0.12,0.18,0.21,0.19,0.2,0.21,0.23,0.22,0.44,0.58,0.58,0.58,0.24,0.17,0.5,0.37,0.12,0.25,0.31,0.3,0.14,0.17,0.11,0.11,0.26,0.14,0.33,0.31,0.3,0.28,0.28,0.11,0.1,0.31,0.29,0.12,0.27,0.28,0.26,0.37,0.24,0.36,0.3,0.3,0.23,0.3,0.29,0.11,0.31,0.1,0.14,0.42,0.1,0.28,0.13,0.39,0.25,0.14,0.23,0.11,0.23,0.24,0.11,0.12,0.39,0.1,0.52,0.12,0.1,0.1,0.25,0.14,0.25,0.27,0.11,0.11,0.25,0.09,0.09,0.25,0.09,0.11,0.11,0.15,0.08,0.17,0.2,0.19,0.18,0.24,0.5,0.38,0.5,0.58,0.56,0.26,0.31,0.11,0.2,0.18,0.24,0.23,0.15,0.2,0.2,0.18,0.35,0.2,0.15,0.54,0.21,0.44,0.46,0.13,0.14,0.1,0.33,0.18,0.22,0.24,0.23,0.54,0.24,0.18,0.19,0.1,0.2,0.12,0.54,0.11,0.11,0.41,0.46,0.14,0.11,0.18,0.09,0.17,0.29,0.21,0.17,0.54,0.52,0.32,0.5,0.09,0.21,0.31,0.57,0.41,0.12,0.31,0.2,0.31,0.25,0.42,0.17,0.15,0.86,0.26,0.23,0.31,0.48,0.38,0.11,0.16,0.08,1.0,0.18,0.16,0.37,0.18,0.27,0.21,0.15,0.11,0.11,0.1,0.12,0.12,0.17,0.1,0.12,0.48,0.17,0.15,0.3,0.38,0.16,0.27,0.28,0.34,0.12,0.31,0.19,0.18
"p-hydroxymandelate",0.24,0.19,0.15,0.14,0.15,0.17,0.17,0.14,0.12,0.21,0.21,0.24,0.25,0.19,0.19,0.23,0.18,0.21,0.12,0.17,0.18,0.2,0.14,0.1,0.22,0.13,0.16,0.18,0.12,0.13,0.23,0.26,0.14,0.17,0.17,0.17,0.28,0.12,0.24,0.17,0.26,0.37,0.14,0.22,0.24,0.27,0.08,0.11,0.2,0.27,0.23,0.25,0.21,0.24,0.23,0.24,0.21,0.27,0.19,0.18,0.22,0.19,0.23,0.23,0.42,0.21,0.18,0.17,0.16,0.2,0.19,0.11,0.15,0.15,0.22,0.13,0.21,0.31,0.44,0.21,0.58,0.37,0.18,0.11,0.18,0.18,0.11,0.1,0.21,0.09,0.2,0.12,0.1,0.1,0.12,0.19,0.19,0.23,0.21,0.11,0.19,0.16,0.17,0.19,0.25,0.24,0.11,0.14,0.12,0.12,0.19,0.25,0.38,0.19,0.15,0.12,0.15,0.17,0.16,0.2,0.23,0.1,0.29,0.2,0.27,0.47,0.1,0.2,0.19,0.17,0.23,0.07,0.22,0.16,0.05,0.19,0.2,0.12,0.26,0.18,0.14,0.26,0.15,0.35,0.57,0.14,0.3,0.13,0.14,0.22,0.17,0.22,0.16,0.16,0.37,0.18,0.2,0.21,0.16,0.13,0.12,0.12,0.16,0.15,0.16,0.19,0.18,0.15,0.15,0.13,0.12,0.2,0.19,0.39,0.17,0.18,0.12,0.23,0.29,0.19,0.06,0.12,0.18,0.25,0.14,0.3,0.17,0.12,0.21,0.12,0.17,0.18,1.0,0.23,0.27,0.18,0.34,0.32,0.22,0.11,0.11,0.19,0.11,0.22,0.16,0.19,0.27,0.21,0.13,0.14,0.24,0.17,0.12,0.21,0.21,0.42,0.18,0.21,0.23,0.06
"para-aminobenzoic_acid",0.22,0.18,0.13,0.12,0.13,0.16,0.19,0.16,0.11,0.19,0.19,0.36,0.28,0.14,0.17,0.13,0.16,0.15,0.17,0.12,0.16,0.18,0.21,0.13,0.29,0.15,0.14,0.15,0.17,0.19,0.13,0.15,0.12,0.15,0.15,0.15,0.13,0.18,0.23,0.15,0.44,0.23,0.12,0.21,0.34,0.5,0.12,0.11,0.16,0.5,0.17,0.19,0.19,0.23,0.17,0.26,0.23,0.22,0.17,0.3,0.16,0.17,0.19,0.21,0.26,0.19,0.16,0.15,0.14,0.18,0.17,0.12,0.13,0.19,0.27,0.19,0.34,0.23,0.57,0.16,0.27,0.23,0.17,0.12,0.16,0.13,0.12,0.1,0.16,0.1,0.15,0.13,0.1,0.11,0.18,0.33,0.18,0.22,0.23,0.12,0.18,0.17,0.18,0.18,0.18,0.26,0.11,0.16,0.13,0.14,0.13,0.2,0.19,0.17,0.13,0.13,0.13,0.15,0.14,0.19,0.22,0.11,0.21,0.19,0.26,0.24,0.1,0.15,0.18,0.2,0.21,0.08,0.38,0.14,0.05,0.17,0.18,0.14,0.55,0.24,0.2,0.16,0.13,0.26,0.24,0.15,0.25,0.15,0.15,0.21,0.18,0.24,0.14,0.17,0.23,0.16,0.18,0.27,0.2,0.19,0.13,0.14,0.18,0.17,0.18,0.17,0.16,0.23,0.13,0.14,0.18,0.18,0.17,0.23,0.18,0.16,0.17,0.25,0.17,0.17,0.06,0.13,0.16,0.14,0.2,0.22,0.15,0.13,0.36,0.17,0.19,0.16,0.23,1.0,0.26,0.19,0.29,0.23,0.24,0.12,0.12,0.37,0.12,0.29,0.18,0.24,0.3,0.19,0.14,0.16,0.18,0.15,0.13,0.15,0.2,0.24,0.19,0.19,0.17,0.07
"phenylalanine",0.38,0.32,0.3,0.17,0.29,0.39,0.16,0.17,0.15,0.28,0.42,0.23,0.24,0.18,0.39,0.22,0.24,0.3,0.11,0.28,0.35,0.41,0.17,0.09,0.28,0.16,0.19,0.17,0.18,0.19,0.21,0.2,0.27,0.33,0.33,0.33,0.22,0.19,0.6,0.26,0.21,0.3,0.28,0.65,0.22,0.26,0.1,0.1,0.44,0.22,0.26,0.28,0.27,0.39,0.25,0.22,0.23,0.58,0.26,0.23,0.24,0.25,0.47,0.29,0.44,0.28,0.27,0.31,0.15,0.27,0.26,0.1,0.29,0.17,0.21,0.19,0.17,0.36,0.23,0.35,0.34,0.26,0.39,0.1,0.38,0.22,0.11,0.12,0.35,0.11,0.33,0.11,0.09,0.1,0.19,0.22,0.38,0.49,0.16,0.11,0.38,0.13,0.13,0.38,0.16,0.22,0.1,0.14,0.14,0.15,0.18,0.52,0.36,0.44,0.33,0.26,0.3,0.33,0.32,0.51,0.61,0.1,0.28,0.31,0.42,0.31,0.16,0.21,0.24,0.21,0.31,0.18,0.32,0.31,0.13,0.39,0.41,0.12,0.33,0.24,0.25,0.22,0.14,0.42,0.31,0.23,0.41,0.16,0.17,0.18,0.24,0.28,0.31,0.17,0.19,0.37,0.41,0.3,0.23,0.2,0.14,0.15,0.3,0.19,0.15,0.38,0.37,0.23,0.3,0.15,0.19,0.43,0.39,0.45,0.24,0.28,0.18,0.47,0.22,0.38,0.15,0.14,0.35,0.23,0.21,0.67,0.34,0.27,0.23,0.14,0.17,0.37,0.27,0.26,1.0,0.56,0.46,0.59,0.41,0.11,0.1,0.18,0.11,0.24,0.19,0.24,0.29,0.42,0.16,0.14,0.27,0.34,0.15,0.24,0.5,0.7,0.17,0.28,0.21,0.16
"phenylalaninol",0.3,0.23,0.15,0.11,0.15,0.24,0.1,0.08,0.1,0.17,0.21,0.17,0.18,0.1,0.19,0.12,0.15,0.17,0.09,0.14,0.18,0.2,0.1,0.05,0.22,0.1,0.12,0.1,0.16,0.13,0.12,0.1,0.14,0.17,0.17,0.17,0.12,0.09,0.39,0.17,0.15,0.21,0.14,0.36,0.17,0.17,0.08,0.05,0.23,0.17,0.16,0.17,0.18,0.24,0.15,0.17,0.18,0.31,0.16,0.18,0.15,0.15,0.26,0.19,0.34,0.17,0.18,0.17,0.1,0.16,0.16,0.05,0.15,0.1,0.16,0.13,0.12,0.21,0.16,0.18,0.24,0.21,0.23,0.05,0.22,0.18,0.05,0.07,0.25,0.04,0.17,0.06,0.07,0.05,0.12,0.16,0.22,0.26,0.11,0.05,0.22,0.09,0.09,0.22,0.11,0.17,0.05,0.08,0.1,0.09,0.09,0.41,0.27,0.3,0.15,0.14,0.15,0.17,0.16,0.29,0.33,0.05,0.22,0.23,0.35,0.26,0.1,0.14,0.16,0.08,0.19,0.29,0.26,0.16,0.27,0.19,0.2,0.06,0.26,0.18,0.18,0.15,0.1,0.31,0.22,0.21,0.3,0.1,0.1,0.13,0.17,0.22,0.16,0.11,0.14,0.18,0.2,0.24,0.19,0.1,0.1,0.09,0.16,0.11,0.07,0.19,0.18,0.15,0.15,0.09,0.12,0.23,0.23,0.28,0.2,0.18,0.12,0.3,0.11,0.19,0.38,0.1,0.18,0.13,0.14,0.37,0.17,0.12,0.17,0.09,0.12,0.18,0.18,0.19,0.56,1.0,0.34,0.46,0.34,0.05,0.05,0.13,0.05,0.18,0.07,0.19,0.23,0.3,0.09,0.08,0.16,0.21,0.09,0.13,0.3,0.38,0.12,0.17,0.12,0.26
"phenylglycine",0.28,0.24,0.22,0.15,0.21,0.27,0.18,0.15,0.13,0.31,0.31,0.25,0.26,0.17,0.29,0.2,0.27,0.29,0.12,0.2,0.26,0.3,0.19,0.1,0.31,0.14,0.17,0.19,0.16,0.21,0.19,0.22,0.2,0.24,0.24,0.24,0.24,0.17,0.41,0.24,0.23,0.54,0.21,0.33,0.24,0.28,0.11,0.11,0.23,0.24,0.29,0.31,0.26,0.32,0.28,0.24,0.25,0.31,0.29,0.25,0.27,0.28,0.26,0.28,0.31,0.26,0.26,0.23,0.13,0.3,0.29,0.11,0.21,0.18,0.22,0.17,0.18,0.28,0.25,0.26,0.67,0.21,0.26,0.11,0.26,0.21,0.11,0.1,0.26,0.1,0.24,0.12,0.1,0.1,0.17,0.24,0.25,0.27,0.18,0.11,0.28,0.14,0.14,0.28,0.17,0.24,0.11,0.11,0.14,0.13,0.2,0.33,0.24,0.3,0.22,0.17,0.22,0.24,0.24,0.26,0.31,0.11,0.26,0.33,0.52,0.34,0.13,0.23,0.22,0.18,0.35,0.15,0.36,0.23,0.11,0.29,0.3,0.13,0.38,0.26,0.23,0.26,0.12,0.58,0.39,0.21,0.56,0.14,0.14,0.19,0.23,0.31,0.23,0.13,0.21,0.27,0.3,0.33,0.25,0.18,0.15,0.13,0.26,0.16,0.17,0.28,0.27,0.21,0.22,0.11,0.17,0.27,0.29,0.32,0.23,0.27,0.16,0.38,0.25,0.28,0.13,0.12,0.26,0.21,0.19,0.34,0.25,0.17,0.25,0.16,0.18,0.27,0.34,0.29,0.46,0.34,1.0,0.38,0.31,0.11,0.11,0.19,0.12,0.31,0.17,0.26,0.32,0.31,0.13,0.15,0.3,0.25,0.12,0.22,0.34,0.34,0.15,0.31,0.23,0.14
"phenyllactic_acid",0.36,0.22,0.18,0.17,0.17,0.26,0.13,0.14,0.15,0.2,0.24,0.2,0.24,0.22,0.23,0.36,0.18,0.2,0.09,0.19,0.21,0.23,0.14,0.09,0.29,0.17,0.19,0.17,0.15,0.2,0.26,0.25,0.16,0.19,0.19,0.19,0.36,0.12,0.42,0.19,0.21,0.24,0.17,0.39,0.19,0.23,0.08,0.1,0.25,0.19,0.23,0.24,0.24,0.27,0.22,0.23,0.24,0.33,0.19,0.21,0.18,0.18,0.28,0.26,0.41,0.24,0.21,0.19,0.18,0.19,0.19,0.11,0.17,0.15,0.19,0.16,0.18,0.24,0.23,0.28,0.27,0.27,0.25,0.11,0.24,0.2,0.11,0.12,0.24,0.09,0.23,0.11,0.09,0.1,0.16,0.22,0.27,0.29,0.17,0.11,0.24,0.13,0.14,0.27,0.16,0.23,0.1,0.14,0.14,0.16,0.19,0.53,0.37,0.29,0.18,0.14,0.18,0.19,0.19,0.31,0.36,0.1,0.22,0.26,0.34,0.25,0.11,0.22,0.21,0.17,0.22,0.1,0.29,0.18,0.08,0.23,0.23,0.12,0.35,0.24,0.21,0.2,0.18,0.39,0.29,0.17,0.33,0.17,0.17,0.18,0.19,0.29,0.18,0.15,0.2,0.21,0.23,0.27,0.21,0.13,0.14,0.16,0.19,0.19,0.15,0.22,0.21,0.19,0.18,0.13,0.16,0.26,0.23,0.31,0.25,0.21,0.15,0.32,0.28,0.22,0.09,0.15,0.21,0.38,0.17,0.4,0.2,0.14,0.24,0.11,0.17,0.21,0.32,0.23,0.59,0.46,0.38,1.0,0.43,0.11,0.11,0.18,0.11,0.25,0.15,0.25,0.3,0.24,0.16,0.11,0.23,0.2,0.15,0.25,0.32,0.41,0.18,0.2,0.22,0.09
"phenylpyruvic_acid",0.24,0.14,0.12,0.15,0.12,0.2,0.14,0.15,0.13,0.13,0.17,0.21,0.26,0.14,0.16,0.2,0.12,0.14,0.09,0.12,0.15,0.17,0.15,0.1,0.31,0.32,0.3,0.19,0.16,0.17,0.16,0.14,0.11,0.14,0.14,0.14,0.16,0.13,0.36,0.14,0.23,0.18,0.18,0.3,0.21,0.21,0.08,0.11,0.18,0.21,0.12,0.13,0.15,0.22,0.12,0.24,0.25,0.24,0.12,0.22,0.12,0.12,0.23,0.16,0.24,0.17,0.15,0.17,0.13,0.13,0.12,0.11,0.12,0.15,0.17,0.17,0.22,0.19,0.25,0.15,0.21,0.67,0.18,0.11,0.2,0.12,0.11,0.12,0.15,0.1,0.14,0.12,0.1,0.1,0.17,0.2,0.17,0.21,0.18,0.11,0.17,0.14,0.14,0.17,0.17,0.24,0.11,0.15,0.14,0.17,0.12,0.38,0.24,0.22,0.12,0.1,0.12,0.14,0.14,0.2,0.24,0.11,0.2,0.21,0.32,0.23,0.1,0.12,0.14,0.18,0.15,0.07,0.31,0.13,0.05,0.16,0.17,0.13,0.38,0.26,0.23,0.13,0.12,0.28,0.19,0.14,0.27,0.18,0.19,0.19,0.14,0.31,0.13,0.16,0.21,0.15,0.17,0.33,0.25,0.18,0.15,0.17,0.14,0.21,0.17,0.16,0.15,0.21,0.12,0.13,0.17,0.18,0.16,0.25,0.45,0.15,0.16,0.27,0.15,0.16,0.06,0.15,0.15,0.17,0.19,0.31,0.14,0.1,0.25,0.12,0.18,0.15,0.22,0.24,0.41,0.34,0.31,0.43,1.0,0.15,0.11,0.19,0.12,0.27,0.22,0.26,0.32,0.17,0.17,0.11,0.13,0.14,0.16,0.18,0.24,0.26,0.18,0.13,0.16,0.06
"pipecolic_acid",0.08,0.1,0.1,0.11,0.09,0.07,0.17,0.25,0.1,0.13,0.13,0.11,0.11,0.1,0.16,0.12,0.15,0.11,0.09,0.09,0.11,0.12,0.14,0.31,0.11,0.13,0.12,0.14,0.12,0.13,0.12,0.13,0.14,0.11,0.11,0.11,0.12,0.12,0.1,0.11,0.11,0.11,0.17,0.09,0.11,0.11,0.17,0.27,0.08,0.11,0.12,0.13,0.11,0.09,0.12,0.11,0.1,0.09,0.12,0.1,0.11,0.12,0.08,0.12,0.09,0.13,0.11,0.2,0.1,0.12,0.12,0.37,0.09,0.12,0.11,0.13,0.1,0.09,0.12,0.11,0.11,0.14,0.09,0.37,0.09,0.09,0.38,0.31,0.11,0.27,0.11,0.36,0.31,0.42,0.12,0.1,0.1,0.08,0.11,0.38,0.1,0.09,0.11,0.1,0.28,0.11,0.45,0.11,0.14,0.12,0.12,0.1,0.09,0.08,0.1,0.08,0.1,0.11,0.1,0.08,0.09,0.3,0.09,0.1,0.11,0.1,0.07,0.2,0.16,0.17,0.14,0.03,0.11,0.1,0.02,0.12,0.12,0.71,0.13,0.1,0.14,0.08,0.1,0.11,0.1,0.11,0.1,0.13,0.14,0.1,0.2,0.11,0.1,0.08,0.11,0.11,0.12,0.11,0.11,0.13,0.14,0.16,0.16,0.15,0.16,0.12,0.11,0.15,0.1,0.07,0.12,0.12,0.12,0.1,0.14,0.11,0.12,0.09,0.15,0.12,0.03,0.1,0.11,0.13,0.14,0.09,0.11,0.08,0.11,0.19,0.12,0.11,0.11,0.12,0.11,0.05,0.11,0.11,0.15,1.0,0.52,0.13,0.86,0.15,0.16,0.1,0.12,0.13,0.13,0.11,0.12,0.11,0.12,0.13,0.11,0.1,0.1,0.13,0.12,0.03
"piperazic_acid",0.08,0.1,0.09,0.11,0.09,0.07,0.17,0.24,0.1,0.12,0.12,0.11,0.11,0.1,0.12,0.12,0.14,0.11,0.09,0.09,0.11,0.12,0.14,0.31,0.11,0.13,0.12,0.13,0.12,0.12,0.11,0.13,0.13,0.1,0.1,0.1,0.12,0.12,0.09,0.1,0.11,0.11,0.14,0.09,0.1,0.1,0.17,0.23,0.08,0.1,0.12,0.12,0.11,0.08,0.11,0.1,0.09,0.09,0.12,0.09,0.11,0.11,0.08,0.11,0.09,0.12,0.11,0.19,0.1,0.12,0.12,0.31,0.09,0.12,0.11,0.12,0.09,0.08,0.12,0.11,0.11,0.11,0.09,0.31,0.09,0.09,0.32,0.27,0.11,0.26,0.1,0.34,0.27,0.32,0.12,0.1,0.1,0.08,0.11,0.37,0.1,0.08,0.11,0.1,0.24,0.1,0.43,0.11,0.16,0.12,0.12,0.1,0.09,0.07,0.09,0.08,0.09,0.1,0.1,0.08,0.09,0.26,0.09,0.1,0.1,0.1,0.07,0.19,0.16,0.17,0.14,0.03,0.11,0.1,0.02,0.12,0.12,0.48,0.13,0.1,0.13,0.08,0.09,0.1,0.1,0.11,0.1,0.13,0.13,0.1,0.19,0.11,0.1,0.08,0.11,0.11,0.12,0.11,0.11,0.13,0.14,0.16,0.16,0.15,0.15,0.11,0.11,0.15,0.09,0.07,0.12,0.11,0.12,0.09,0.11,0.11,0.12,0.09,0.14,0.11,0.03,0.09,0.11,0.12,0.13,0.09,0.11,0.08,0.11,0.18,0.12,0.11,0.11,0.12,0.1,0.05,0.11,0.11,0.11,0.52,1.0,0.12,0.6,0.14,0.15,0.1,0.11,0.12,0.12,0.11,0.12,0.11,0.12,0.13,0.1,0.1,0.09,0.12,0.11,0.03
"piperonylic_acid",0.14,0.09,0.09,0.1,0.09,0.16,0.15,0.16,0.09,0.11,0.11,0.22,0.22,0.09,0.11,0.11,0.13,0.1,0.11,0.08,0.1,0.11,0.12,0.11,0.23,0.12,0.11,0.16,0.11,0.11,0.11,0.12,0.12,0.1,0.1,0.1,0.11,0.11,0.16,0.1,0.43,0.18,0.11,0.15,0.21,0.39,0.1,0.12,0.14,0.39,0.11,0.11,0.1,0.15,0.11,0.21,0.22,0.19,0.11,0.19,0.1,0.11,0.16,0.11,0.16,0.11,0.1,0.13,0.09,0.11,0.11,0.12,0.09,0.19,0.17,0.11,0.35,0.17,0.38,0.1,0.18,0.18,0.15,0.12,0.14,0.09,0.13,0.11,0.1,0.13,0.1,0.14,0.11,0.12,0.11,0.24,0.18,0.16,0.22,0.13,0.15,0.17,0.18,0.18,0.2,0.21,0.12,0.1,0.13,0.11,0.11,0.17,0.16,0.15,0.09,0.11,0.09,0.1,0.09,0.14,0.16,0.12,0.15,0.14,0.18,0.17,0.09,0.13,0.12,0.15,0.12,0.03,0.23,0.09,0.02,0.11,0.11,0.14,0.36,0.22,0.12,0.14,0.09,0.18,0.17,0.1,0.18,0.12,0.12,0.2,0.13,0.19,0.09,0.17,0.18,0.1,0.11,0.18,0.15,0.12,0.13,0.11,0.12,0.13,0.14,0.11,0.1,0.13,0.09,0.14,0.11,0.13,0.11,0.16,0.18,0.1,0.11,0.16,0.13,0.11,0.03,0.11,0.1,0.11,0.12,0.18,0.1,0.11,0.29,0.14,0.23,0.1,0.19,0.37,0.18,0.13,0.19,0.18,0.19,0.13,0.12,1.0,0.13,0.23,0.14,0.2,0.24,0.11,0.11,0.1,0.11,0.1,0.11,0.12,0.17,0.17,0.22,0.11,0.14,0.03
"proline",0.09,0.11,0.1,0.11,0.1,0.07,0.18,0.26,0.1,0.13,0.13,0.11,0.11,0.11,0.16,0.12,0.15,0.11,0.09,0.09,0.11,0.13,0.15,0.32,0.12,0.14,0.13,0.14,0.12,0.13,0.12,0.14,0.14,0.11,0.11,0.11,0.12,0.13,0.1,0.11,0.12,0.11,0.15,0.09,0.11,0.11,0.18,0.28,0.08,0.11,0.12,0.13,0.11,0.09,0.12,0.11,0.1,0.1,0.12,0.1,0.12,0.12,0.08,0.12,0.1,0.13,0.11,0.2,0.1,0.13,0.12,0.38,0.1,0.12,0.11,0.13,0.1,0.09,0.13,0.11,0.11,0.11,0.09,0.38,0.09,0.1,0.39,0.32,0.11,0.28,0.11,0.37,0.32,0.43,0.13,0.11,0.1,0.08,0.11,0.39,0.1,0.09,0.12,0.1,0.29,0.11,0.46,0.11,0.16,0.13,0.12,0.1,0.1,0.08,0.1,0.08,0.1,0.11,0.11,0.08,0.09,0.31,0.09,0.11,0.11,0.1,0.07,0.2,0.17,0.18,0.15,0.03,0.12,0.1,0.02,0.12,0.13,0.75,0.14,0.1,0.14,0.08,0.1,0.11,0.1,0.11,0.11,0.14,0.14,0.1,0.2,0.12,0.1,0.09,0.11,0.12,0.13,0.11,0.11,0.14,0.15,0.17,0.17,0.16,0.17,0.12,0.12,0.16,0.1,0.07,0.13,0.12,0.12,0.1,0.12,0.12,0.12,0.09,0.15,0.12,0.03,0.1,0.11,0.13,0.14,0.09,0.11,0.08,0.11,0.19,0.13,0.12,0.11,0.12,0.11,0.05,0.12,0.11,0.12,0.86,0.6,0.13,1.0,0.15,0.17,0.1,0.12,0.13,0.13,0.11,0.13,0.11,0.12,0.14,0.11,0.1,0.1,0.13,0.12,0.03
"pyrrole-2-carboxylic_acid",0.16,0.11,0.1,0.11,0.1,0.15,0.14,0.15,0.1,0.13,0.13,0.25,0.3,0.11,0.12,0.12,0.12,0.14,0.09,0.09,0.11,0.13,0.15,0.12,0.31,0.14,0.13,0.14,0.12,0.17,0.12,0.14,0.09,0.11,0.11,0.11,0.12,0.13,0.22,0.11,0.27,0.18,0.09,0.2,0.24,0.24,0.11,0.14,0.13,0.24,0.12,0.13,0.11,0.19,0.12,0.28,0.25,0.18,0.12,0.25,0.12,0.12,0.15,0.12,0.18,0.13,0.11,0.12,0.1,0.13,0.12,0.14,0.1,0.32,0.22,0.13,0.22,0.16,0.3,0.11,0.25,0.21,0.21,0.14,0.2,0.1,0.15,0.12,0.11,0.12,0.11,0.16,0.12,0.13,0.13,0.24,0.2,0.16,0.21,0.15,0.2,0.16,0.23,0.2,0.2,0.28,0.14,0.11,0.19,0.13,0.12,0.22,0.18,0.17,0.1,0.08,0.1,0.11,0.11,0.15,0.18,0.14,0.17,0.24,0.24,0.19,0.07,0.12,0.14,0.18,0.15,0.03,0.31,0.1,0.02,0.12,0.13,0.17,0.38,0.26,0.19,0.13,0.1,0.24,0.19,0.11,0.24,0.14,0.14,0.19,0.14,0.27,0.1,0.16,0.21,0.12,0.13,0.25,0.25,0.14,0.19,0.13,0.14,0.16,0.17,0.12,0.12,0.16,0.1,0.13,0.13,0.21,0.12,0.18,0.26,0.12,0.12,0.21,0.15,0.12,0.03,0.12,0.11,0.13,0.14,0.21,0.11,0.08,0.29,0.12,0.23,0.12,0.22,0.29,0.24,0.18,0.31,0.25,0.27,0.15,0.14,0.23,0.15,1.0,0.17,0.26,0.32,0.13,0.13,0.11,0.13,0.11,0.12,0.14,0.24,0.19,0.18,0.13,0.16,0.03
"pyruvic_acid",0.11,0.14,0.17,0.21,0.16,0.11,0.21,0.21,0.17,0.26,0.2,0.15,0.16,0.19,0.18,0.24,0.22,0.25,0.08,0.15,0.16,0.25,0.31,0.13,0.17,0.28,0.32,0.38,0.24,0.2,0.23,0.28,0.11,0.19,0.19,0.19,0.24,0.32,0.13,0.15,0.17,0.15,0.12,0.15,0.15,0.15,0.07,0.19,0.16,0.15,0.18,0.2,0.16,0.11,0.23,0.15,0.13,0.16,0.24,0.17,0.22,0.23,0.13,0.17,0.12,0.26,0.21,0.12,0.18,0.25,0.24,0.2,0.12,0.21,0.15,0.2,0.13,0.11,0.19,0.16,0.15,0.2,0.12,0.2,0.09,0.16,0.16,0.17,0.16,0.2,0.15,0.23,0.17,0.18,0.19,0.14,0.1,0.17,0.2,0.21,0.1,0.14,0.12,0.1,0.11,0.19,0.19,0.16,0.1,0.19,0.24,0.17,0.16,0.12,0.21,0.15,0.13,0.15,0.14,0.16,0.19,0.19,0.12,0.14,0.15,0.14,0.06,0.12,0.11,0.6,0.31,0.11,0.17,0.14,0.03,0.18,0.19,0.19,0.21,0.13,0.22,0.13,0.17,0.15,0.14,0.15,0.19,0.28,0.29,0.14,0.12,0.17,0.14,0.17,0.15,0.17,0.19,0.2,0.14,0.44,0.1,0.25,0.11,0.27,0.29,0.17,0.17,0.27,0.13,0.14,0.19,0.12,0.18,0.13,0.15,0.22,0.24,0.12,0.33,0.23,0.09,0.17,0.16,0.2,0.22,0.16,0.2,0.16,0.15,0.23,0.13,0.17,0.16,0.18,0.19,0.07,0.17,0.15,0.22,0.16,0.15,0.14,0.17,0.17,1.0,0.14,0.17,0.2,0.2,0.21,0.25,0.2,0.24,0.21,0.11,0.18,0.17,0.26,0.23,0.1
"quinoxaline-2-carboxylic_acid",0.17,0.09,0.09,0.1,0.09,0.18,0.12,0.16,0.09,0.11,0.11,0.25,0.26,0.09,0.11,0.11,0.13,0.12,0.08,0.08,0.1,0.11,0.12,0.09,0.3,0.12,0.11,0.12,0.11,0.11,0.11,0.12,0.08,0.1,0.1,0.1,0.11,0.14,0.22,0.1,0.23,0.15,0.08,0.23,0.21,0.21,0.1,0.1,0.12,0.24,0.11,0.11,0.1,0.17,0.11,0.31,0.39,0.16,0.11,0.22,0.1,0.11,0.14,0.11,0.16,0.11,0.1,0.1,0.12,0.11,0.11,0.1,0.09,0.16,0.2,0.11,0.19,0.15,0.25,0.1,0.18,0.18,0.15,0.1,0.14,0.09,0.1,0.09,0.1,0.09,0.1,0.11,0.11,0.12,0.11,0.24,0.13,0.14,0.18,0.1,0.13,0.15,0.15,0.13,0.15,0.24,0.1,0.1,0.13,0.11,0.11,0.22,0.16,0.17,0.09,0.07,0.09,0.1,0.09,0.16,0.16,0.12,0.23,0.19,0.24,0.17,0.09,0.1,0.12,0.15,0.12,0.03,0.3,0.09,0.02,0.11,0.11,0.11,0.36,0.4,0.16,0.12,0.11,0.24,0.17,0.1,0.24,0.12,0.12,0.17,0.13,0.26,0.09,0.14,0.18,0.13,0.11,0.25,0.2,0.12,0.13,0.11,0.12,0.13,0.14,0.11,0.1,0.13,0.09,0.12,0.11,0.18,0.11,0.16,0.2,0.1,0.11,0.21,0.13,0.11,0.03,0.11,0.1,0.11,0.12,0.18,0.1,0.07,0.32,0.11,0.18,0.1,0.19,0.24,0.24,0.19,0.26,0.25,0.26,0.1,0.1,0.2,0.1,0.26,0.14,1.0,0.31,0.11,0.11,0.1,0.14,0.1,0.11,0.12,0.19,0.17,0.16,0.11,0.14,0.03
"salicylic_acid",0.16,0.11,0.1,0.12,0.1,0.18,0.19,0.15,0.1,0.14,0.14,0.39,0.65,0.11,0.13,0.13,0.12,0.15,0.13,0.09,0.12,0.13,0.15,0.1,0.54,0.14,0.13,0.15,0.13,0.18,0.12,0.14,0.09,0.11,0.11,0.11,0.13,0.13,0.26,0.14,0.37,0.22,0.1,0.21,0.43,0.33,0.08,0.11,0.18,0.33,0.13,0.14,0.12,0.36,0.12,0.43,0.38,0.25,0.13,0.38,0.12,0.12,0.21,0.12,0.22,0.14,0.12,0.12,0.11,0.13,0.13,0.11,0.1,0.19,0.3,0.14,0.29,0.22,0.36,0.12,0.26,0.26,0.16,0.11,0.16,0.1,0.12,0.1,0.12,0.1,0.11,0.12,0.1,0.11,0.13,0.32,0.15,0.21,0.3,0.12,0.17,0.29,0.31,0.17,0.2,0.43,0.11,0.12,0.15,0.13,0.13,0.26,0.22,0.2,0.1,0.08,0.1,0.11,0.11,0.16,0.18,0.11,0.21,0.21,0.29,0.24,0.07,0.15,0.14,0.19,0.15,0.04,0.54,0.11,0.03,0.13,0.13,0.13,0.45,0.3,0.19,0.18,0.1,0.29,0.24,0.11,0.28,0.14,0.15,0.27,0.12,0.32,0.11,0.22,0.26,0.12,0.13,0.3,0.22,0.14,0.15,0.13,0.12,0.17,0.17,0.12,0.12,0.17,0.1,0.18,0.13,0.15,0.13,0.22,0.27,0.12,0.13,0.31,0.16,0.12,0.03,0.13,0.12,0.14,0.15,0.24,0.11,0.08,0.3,0.12,0.3,0.12,0.27,0.3,0.29,0.23,0.32,0.3,0.32,0.12,0.11,0.24,0.12,0.32,0.17,0.31,1.0,0.14,0.14,0.12,0.13,0.11,0.13,0.14,0.25,0.24,0.26,0.14,0.16,0.03
"serine",0.24,0.52,0.37,0.21,0.35,0.24,0.21,0.13,0.18,0.36,0.58,0.16,0.13,0.23,0.52,0.28,0.31,0.29,0.1,0.33,0.46,0.55,0.23,0.11,0.13,0.21,0.24,0.22,0.28,0.25,0.27,0.26,0.32,0.42,0.42,0.42,0.28,0.19,0.37,0.32,0.13,0.29,0.34,0.33,0.16,0.19,0.09,0.12,0.29,0.16,0.33,0.36,0.35,0.31,0.32,0.12,0.11,0.35,0.33,0.14,0.31,0.32,0.29,0.38,0.27,0.36,0.35,0.33,0.18,0.35,0.33,0.12,0.35,0.11,0.15,0.25,0.11,0.31,0.15,0.46,0.29,0.16,0.26,0.12,0.25,0.27,0.13,0.14,0.59,0.11,0.42,0.14,0.11,0.11,0.24,0.15,0.28,0.3,0.12,0.13,0.28,0.1,0.1,0.28,0.1,0.12,0.12,0.17,0.07,0.19,0.23,0.21,0.2,0.27,0.37,0.31,0.37,0.42,0.41,0.29,0.34,0.12,0.22,0.2,0.28,0.26,0.14,0.22,0.22,0.22,0.42,0.37,0.17,0.39,0.23,0.52,0.55,0.15,0.16,0.11,0.27,0.2,0.17,0.28,0.26,0.29,0.27,0.21,0.22,0.11,0.22,0.13,0.39,0.12,0.12,0.48,0.55,0.16,0.12,0.21,0.07,0.19,0.32,0.25,0.2,0.5,0.48,0.32,0.37,0.1,0.24,0.34,0.6,0.37,0.13,0.36,0.23,0.34,0.3,0.5,0.29,0.14,0.46,0.3,0.27,0.34,0.44,0.28,0.12,0.18,0.09,0.48,0.21,0.19,0.42,0.3,0.31,0.24,0.17,0.13,0.12,0.11,0.13,0.13,0.2,0.11,0.14,1.0,0.2,0.17,0.35,0.44,0.19,0.32,0.31,0.39,0.14,0.36,0.22,0.32
"succinic_semialdehyde",0.12,0.15,0.17,0.21,0.2,0.12,0.16,0.13,0.25,0.2,0.2,0.12,0.13,0.15,0.19,0.19,0.13,0.16,0.07,0.13,0.3,0.19,0.17,0.11,0.13,0.45,0.19,0.17,0.19,0.25,0.18,0.16,0.15,0.16,0.16,0.16,0.19,0.15,0.14,0.23,0.13,0.12,0.13,0.13,0.12,0.12,0.06,0.12,0.11,0.12,0.14,0.15,0.17,0.12,0.14,0.12,0.11,0.14,0.14,0.11,0.17,0.14,0.11,0.18,0.14,0.2,0.21,0.13,0.18,0.15,0.14,0.12,0.17,0.11,0.1,0.36,0.11,0.12,0.15,0.17,0.12,0.16,0.12,0.12,0.1,0.2,0.13,0.14,0.17,0.11,0.16,0.14,0.14,0.11,0.41,0.12,0.11,0.12,0.12,0.13,0.11,0.1,0.1,0.11,0.1,0.12,0.12,0.35,0.07,0.41,0.14,0.14,0.14,0.11,0.14,0.16,0.21,0.16,0.15,0.14,0.13,0.12,0.16,0.09,0.19,0.18,0.06,0.1,0.1,0.22,0.17,0.08,0.13,0.15,0.06,0.19,0.24,0.15,0.16,0.11,0.4,0.09,0.17,0.12,0.11,0.2,0.12,0.26,0.4,0.15,0.1,0.17,0.15,0.18,0.16,0.17,0.19,0.16,0.12,0.16,0.07,0.35,0.12,0.32,0.26,0.32,0.21,0.32,0.14,0.17,0.24,0.13,0.19,0.14,0.13,0.17,0.19,0.13,0.18,0.18,0.07,0.32,0.17,0.25,0.27,0.13,0.16,0.16,0.12,0.14,0.09,0.17,0.13,0.14,0.16,0.09,0.13,0.16,0.17,0.13,0.12,0.11,0.13,0.13,0.2,0.11,0.14,0.2,1.0,0.21,0.15,0.24,0.28,0.26,0.12,0.15,0.17,0.15,0.14,0.07
"succinyl-hydrazinoacetic_acid",0.11,0.13,0.12,0.25,0.21,0.11,0.17,0.14,0.1,0.17,0.17,0.14,0.11,0.1,0.16,0.12,0.15,0.17,0.09,0.11,0.14,0.16,0.19,0.1,0.11,0.13,0.12,0.14,0.16,0.21,0.12,0.13,0.11,0.14,0.14,0.14,0.12,0.16,0.12,0.2,0.11,0.14,0.12,0.11,0.14,0.14,0.08,0.11,0.1,0.14,0.16,0.17,0.14,0.11,0.15,0.11,0.1,0.12,0.16,0.12,0.15,0.15,0.1,0.15,0.12,0.17,0.14,0.11,0.1,0.16,0.16,0.11,0.18,0.1,0.11,0.17,0.1,0.11,0.12,0.14,0.14,0.11,0.09,0.11,0.09,0.18,0.11,0.1,0.14,0.09,0.14,0.12,0.12,0.1,0.16,0.13,0.1,0.1,0.14,0.11,0.1,0.11,0.11,0.12,0.09,0.11,0.11,0.11,0.07,0.16,0.12,0.1,0.09,0.1,0.12,0.12,0.15,0.14,0.13,0.12,0.12,0.1,0.11,0.1,0.14,0.13,0.05,0.11,0.11,0.17,0.19,0.07,0.15,0.16,0.08,0.16,0.16,0.12,0.13,0.1,0.18,0.1,0.1,0.14,0.13,0.14,0.13,0.13,0.14,0.22,0.11,0.26,0.13,0.11,0.24,0.18,0.16,0.17,0.16,0.17,0.07,0.12,0.11,0.15,0.38,0.15,0.15,0.2,0.15,0.11,0.2,0.12,0.16,0.12,0.09,0.15,0.16,0.12,0.15,0.15,0.06,0.15,0.14,0.13,0.18,0.12,0.14,0.12,0.11,0.15,0.08,0.15,0.14,0.16,0.14,0.08,0.15,0.11,0.11,0.11,0.11,0.1,0.11,0.11,0.21,0.1,0.12,0.17,0.21,1.0,0.16,0.21,0.32,0.13,0.11,0.13,0.1,0.17,0.12,0.06
"threonine",0.3,0.3,0.27,0.24,0.26,0.21,0.2,0.16,0.21,0.63,0.35,0.16,0.12,0.26,0.32,0.38,0.35,0.48,0.1,0.32,0.29,0.39,0.27,0.11,0.13,0.15,0.28,0.32,0.22,0.19,0.36,0.43,0.21,0.31,0.31,0.31,0.38,0.28,0.24,0.27,0.13,0.28,0.22,0.25,0.15,0.19,0.09,0.15,0.22,0.15,0.5,0.55,0.44,0.24,0.62,0.15,0.14,0.23,0.38,0.17,0.46,0.55,0.19,0.48,0.34,0.41,0.5,0.22,0.25,0.6,0.57,0.16,0.23,0.14,0.21,0.19,0.11,0.24,0.14,0.33,0.28,0.12,0.2,0.16,0.17,0.43,0.12,0.14,0.33,0.13,0.31,0.17,0.14,0.14,0.19,0.15,0.18,0.22,0.16,0.16,0.18,0.12,0.1,0.18,0.12,0.15,0.15,0.12,0.09,0.14,0.32,0.21,0.19,0.2,0.31,0.24,0.27,0.27,0.26,0.22,0.26,0.15,0.22,0.32,0.23,0.21,0.14,0.32,0.35,0.28,0.56,0.29,0.17,0.25,0.12,0.32,0.33,0.14,0.15,0.14,0.21,0.32,0.24,0.41,0.38,0.23,0.44,0.2,0.21,0.11,0.25,0.13,0.25,0.12,0.12,0.3,0.33,0.16,0.12,0.25,0.09,0.19,0.24,0.18,0.19,0.31,0.3,0.24,0.27,0.1,0.19,0.26,0.32,0.24,0.1,0.52,0.22,0.26,0.5,0.42,0.23,0.14,0.29,0.29,0.21,0.22,0.32,0.24,0.16,0.21,0.11,0.3,0.24,0.18,0.27,0.16,0.3,0.23,0.13,0.12,0.12,0.11,0.13,0.13,0.25,0.14,0.13,0.35,0.15,0.16,1.0,0.32,0.18,0.25,0.2,0.25,0.14,0.63,0.31,0.25
"trans-2-crotylglycine",0.2,0.33,0.38,0.24,0.55,0.26,0.17,0.11,0.21,0.33,0.44,0.14,0.11,0.22,0.41,0.27,0.29,0.31,0.09,0.32,0.41,0.48,0.22,0.09,0.11,0.21,0.23,0.21,0.23,0.2,0.3,0.25,0.31,0.39,0.39,0.39,0.27,0.19,0.31,0.34,0.11,0.24,0.29,0.28,0.13,0.16,0.08,0.13,0.28,0.13,0.27,0.29,0.28,0.27,0.3,0.1,0.09,0.3,0.31,0.15,0.29,0.3,0.25,0.3,0.23,0.33,0.32,0.28,0.18,0.32,0.31,0.14,0.5,0.12,0.16,0.24,0.09,0.27,0.12,0.37,0.24,0.14,0.28,0.14,0.22,0.55,0.11,0.15,0.37,0.12,0.34,0.15,0.21,0.12,0.23,0.13,0.24,0.29,0.14,0.14,0.24,0.13,0.09,0.24,0.09,0.13,0.13,0.17,0.08,0.19,0.23,0.21,0.2,0.26,0.34,0.33,0.34,0.34,0.33,0.31,0.32,0.13,0.19,0.2,0.23,0.22,0.15,0.19,0.19,0.22,0.38,0.23,0.14,0.32,0.13,0.41,0.42,0.12,0.13,0.1,0.26,0.2,0.18,0.23,0.22,0.24,0.26,0.21,0.26,0.12,0.19,0.14,0.32,0.15,0.14,0.38,0.42,0.17,0.13,0.21,0.1,0.23,0.28,0.19,0.2,0.44,0.43,0.24,0.31,0.15,0.19,0.29,0.41,0.31,0.11,0.38,0.23,0.29,0.28,0.44,0.23,0.24,0.37,0.24,0.21,0.29,0.4,0.3,0.11,0.18,0.1,0.38,0.17,0.15,0.34,0.21,0.25,0.2,0.14,0.11,0.11,0.1,0.11,0.11,0.2,0.1,0.11,0.44,0.24,0.21,0.32,1.0,0.27,0.25,0.26,0.32,0.15,0.33,0.22,0.21
"trans-2-hexenoic_acid",0.11,0.14,0.19,0.42,0.33,0.13,0.15,0.12,0.24,0.19,0.19,0.12,0.12,0.25,0.17,0.21,0.16,0.19,0.06,0.18,0.16,0.27,0.21,0.1,0.12,0.19,0.22,0.2,0.21,0.19,0.25,0.19,0.12,0.26,0.26,0.26,0.21,0.18,0.13,0.26,0.16,0.12,0.12,0.12,0.15,0.15,0.06,0.15,0.13,0.11,0.13,0.14,0.16,0.12,0.17,0.11,0.1,0.16,0.17,0.16,0.16,0.17,0.13,0.17,0.13,0.23,0.19,0.12,0.24,0.18,0.17,0.15,0.19,0.13,0.12,0.19,0.13,0.12,0.14,0.16,0.12,0.15,0.12,0.15,0.1,0.22,0.12,0.23,0.16,0.13,0.15,0.17,0.16,0.14,0.18,0.11,0.1,0.16,0.15,0.16,0.1,0.12,0.1,0.1,0.09,0.15,0.15,0.16,0.09,0.22,0.17,0.17,0.16,0.12,0.16,0.15,0.16,0.15,0.14,0.16,0.15,0.14,0.12,0.11,0.15,0.14,0.07,0.1,0.09,0.26,0.21,0.12,0.12,0.14,0.05,0.17,0.18,0.14,0.15,0.11,0.2,0.11,0.23,0.11,0.11,0.15,0.14,0.24,0.36,0.28,0.1,0.29,0.14,0.17,0.27,0.16,0.18,0.15,0.14,0.19,0.09,0.22,0.12,0.23,0.44,0.17,0.16,0.23,0.13,0.16,0.18,0.12,0.17,0.13,0.12,0.24,0.26,0.12,0.22,0.21,0.1,0.34,0.16,0.19,0.2,0.12,0.19,0.16,0.12,0.17,0.11,0.16,0.12,0.13,0.15,0.09,0.12,0.15,0.16,0.12,0.12,0.11,0.12,0.12,0.24,0.11,0.13,0.19,0.28,0.32,0.18,0.27,1.0,0.19,0.11,0.14,0.19,0.19,0.17,0.11
"tricarballylic_acid",0.18,0.23,0.21,0.21,0.21,0.14,0.17,0.13,0.22,0.26,0.32,0.13,0.13,0.23,0.29,0.29,0.22,0.21,0.07,0.23,0.31,0.3,0.18,0.11,0.14,0.27,0.3,0.23,0.19,0.26,0.28,0.27,0.19,0.24,0.24,0.24,0.29,0.15,0.21,0.24,0.14,0.21,0.2,0.19,0.12,0.16,0.06,0.12,0.17,0.12,0.24,0.26,0.31,0.22,0.23,0.12,0.14,0.21,0.24,0.11,0.22,0.23,0.17,0.28,0.21,0.32,0.42,0.19,0.31,0.25,0.24,0.13,0.21,0.11,0.13,0.26,0.11,0.22,0.15,0.26,0.21,0.17,0.15,0.13,0.15,0.21,0.13,0.14,0.26,0.14,0.24,0.14,0.11,0.12,0.25,0.12,0.16,0.18,0.17,0.13,0.16,0.1,0.1,0.16,0.1,0.12,0.12,0.21,0.07,0.25,0.24,0.22,0.21,0.16,0.21,0.16,0.21,0.24,0.23,0.17,0.2,0.12,0.26,0.15,0.33,0.31,0.09,0.16,0.16,0.24,0.3,0.14,0.14,0.23,0.09,0.35,0.5,0.15,0.17,0.11,0.29,0.14,0.29,0.2,0.19,0.35,0.19,0.27,0.29,0.12,0.16,0.14,0.23,0.12,0.13,0.27,0.3,0.13,0.1,0.17,0.07,0.25,0.19,0.33,0.21,0.33,0.27,0.33,0.25,0.1,0.25,0.2,0.29,0.21,0.13,0.27,0.19,0.24,0.32,0.28,0.11,0.18,0.26,0.53,0.29,0.2,0.25,0.2,0.13,0.14,0.09,0.27,0.21,0.15,0.24,0.13,0.22,0.25,0.18,0.13,0.13,0.12,0.14,0.14,0.21,0.12,0.14,0.32,0.26,0.13,0.25,0.25,0.19,1.0,0.18,0.23,0.14,0.26,0.23,0.12
"tryptophan",0.25,0.25,0.23,0.13,0.23,0.42,0.12,0.11,0.12,0.21,0.31,0.18,0.21,0.15,0.29,0.17,0.19,0.23,0.09,0.22,0.27,0.3,0.13,0.09,0.21,0.12,0.14,0.15,0.14,0.18,0.16,0.15,0.22,0.26,0.26,0.26,0.17,0.12,0.38,0.2,0.19,0.23,0.22,0.39,0.2,0.23,0.1,0.1,0.32,0.2,0.2,0.21,0.21,0.34,0.19,0.2,0.21,0.4,0.2,0.21,0.19,0.19,0.35,0.22,0.28,0.21,0.21,0.24,0.12,0.2,0.2,0.1,0.23,0.18,0.19,0.15,0.16,0.29,0.17,0.27,0.26,0.18,0.61,0.1,0.6,0.18,0.11,0.12,0.27,0.09,0.26,0.11,0.09,0.1,0.14,0.17,0.66,0.38,0.15,0.11,0.55,0.15,0.24,0.66,0.15,0.2,0.1,0.11,0.22,0.12,0.14,0.3,0.23,0.47,0.23,0.19,0.23,0.26,0.25,0.32,0.36,0.1,0.22,0.51,0.32,0.24,0.14,0.17,0.19,0.11,0.22,0.13,0.24,0.24,0.12,0.29,0.3,0.12,0.24,0.19,0.18,0.2,0.12,0.32,0.24,0.2,0.31,0.12,0.15,0.17,0.2,0.21,0.24,0.14,0.15,0.28,0.3,0.23,0.43,0.15,0.23,0.12,0.27,0.14,0.11,0.28,0.28,0.17,0.23,0.12,0.14,0.4,0.29,0.32,0.56,0.21,0.14,0.36,0.16,0.28,0.12,0.12,0.27,0.18,0.15,0.4,0.26,0.2,0.18,0.11,0.14,0.28,0.21,0.2,0.5,0.3,0.34,0.32,0.24,0.11,0.1,0.17,0.11,0.24,0.11,0.19,0.25,0.31,0.12,0.11,0.2,0.26,0.11,0.18,1.0,0.4,0.18,0.21,0.16,0.12
"tyrosine",0.4,0.31,0.28,0.16,0.28,0.32,0.19,0.16,0.14,0.26,0.39,0.25,0.22,0.18,0.37,0.21,0.23,0.29,0.14,0.26,0.33,0.38,0.16,0.09,0.19,0.15,0.18,0.16,0.17,0.18,0.2,0.19,0.26,0.31,0.31,0.31,0.21,0.18,0.43,0.24,0.23,0.36,0.27,0.51,0.24,0.28,0.1,0.1,0.45,0.24,0.24,0.26,0.26,0.38,0.24,0.21,0.19,0.65,0.24,0.19,0.26,0.24,0.53,0.27,0.65,0.26,0.26,0.29,0.14,0.25,0.24,0.1,0.28,0.16,0.23,0.18,0.19,0.45,0.38,0.33,0.5,0.45,0.34,0.1,0.33,0.21,0.1,0.11,0.33,0.11,0.31,0.11,0.09,0.09,0.18,0.21,0.36,0.54,0.18,0.1,0.36,0.15,0.15,0.36,0.23,0.21,0.1,0.16,0.11,0.14,0.17,0.36,0.55,0.36,0.32,0.25,0.28,0.31,0.31,0.53,0.62,0.09,0.36,0.24,0.31,0.45,0.16,0.2,0.2,0.19,0.29,0.17,0.23,0.3,0.12,0.37,0.38,0.11,0.23,0.17,0.19,0.23,0.14,0.31,0.45,0.22,0.31,0.15,0.16,0.2,0.2,0.19,0.3,0.19,0.32,0.34,0.38,0.22,0.17,0.19,0.11,0.14,0.29,0.17,0.14,0.35,0.34,0.21,0.28,0.16,0.18,0.41,0.37,0.67,0.18,0.26,0.17,0.37,0.21,0.35,0.14,0.14,0.33,0.22,0.19,0.62,0.32,0.26,0.18,0.14,0.16,0.34,0.42,0.24,0.7,0.38,0.34,0.41,0.26,0.1,0.1,0.17,0.1,0.19,0.18,0.17,0.24,0.39,0.15,0.13,0.25,0.32,0.14,0.23,0.4,1.0,0.19,0.26,0.2,0.15
"ustethylinic_acid",0.14,0.11,0.16,0.18,0.15,0.15,0.14,0.12,0.16,0.14,0.14,0.24,0.28,0.17,0.13,0.16,0.12,0.12,0.1,0.15,0.12,0.2,0.15,0.08,0.18,0.14,0.17,0.18,0.16,0.17,0.19,0.14,0.1,0.17,0.17,0.17,0.16,0.14,0.16,0.14,0.29,0.21,0.1,0.15,0.26,0.26,0.07,0.12,0.25,0.26,0.1,0.11,0.12,0.19,0.13,0.23,0.24,0.23,0.13,0.18,0.12,0.13,0.2,0.13,0.18,0.21,0.15,0.12,0.16,0.14,0.13,0.12,0.13,0.21,0.22,0.14,0.24,0.19,0.24,0.12,0.18,0.21,0.16,0.12,0.14,0.13,0.1,0.16,0.12,0.1,0.12,0.13,0.13,0.11,0.14,0.2,0.17,0.23,0.52,0.12,0.15,0.24,0.22,0.19,0.17,0.37,0.12,0.12,0.11,0.17,0.13,0.19,0.2,0.17,0.13,0.11,0.11,0.12,0.11,0.15,0.17,0.11,0.17,0.13,0.17,0.19,0.09,0.1,0.1,0.18,0.15,0.09,0.18,0.11,0.04,0.13,0.14,0.11,0.21,0.16,0.15,0.22,0.16,0.14,0.16,0.12,0.17,0.18,0.22,0.22,0.1,0.15,0.11,0.41,0.18,0.12,0.14,0.15,0.12,0.14,0.11,0.17,0.12,0.16,0.13,0.16,0.12,0.16,0.11,0.32,0.14,0.15,0.13,0.18,0.2,0.18,0.19,0.15,0.16,0.16,0.08,0.18,0.12,0.14,0.15,0.2,0.15,0.11,0.18,0.13,0.2,0.12,0.18,0.19,0.17,0.12,0.15,0.18,0.18,0.1,0.09,0.22,0.1,0.18,0.17,0.16,0.26,0.14,0.17,0.1,0.14,0.15,0.19,0.14,0.18,0.19,1.0,0.14,0.13,0.08
"valine",0.27,0.27,0.28,0.25,0.27,0.19,0.21,0.13,0.21,0.67,0.36,0.16,0.13,0.23,0.33,0.33,0.42,0.5,0.1,0.29,0.3,0.41,0.29,0.11,0.13,0.16,0.29,0.33,0.23,0.2,0.32,0.45,0.22,0.32,0.32,0.32,0.33,0.24,0.24,0.28,0.13,0.29,0.23,0.22,0.16,0.19,0.09,0.16,0.22,0.16,0.45,0.5,0.4,0.21,0.65,0.12,0.11,0.24,0.39,0.17,0.48,0.57,0.2,0.43,0.31,0.43,0.52,0.22,0.22,0.63,0.68,0.16,0.24,0.14,0.22,0.2,0.11,0.21,0.15,0.3,0.29,0.12,0.2,0.16,0.17,0.4,0.13,0.14,0.3,0.14,0.28,0.18,0.14,0.15,0.19,0.15,0.19,0.23,0.16,0.17,0.19,0.12,0.1,0.19,0.12,0.16,0.16,0.13,0.09,0.15,0.39,0.21,0.2,0.21,0.32,0.24,0.28,0.28,0.27,0.22,0.26,0.15,0.19,0.33,0.23,0.22,0.12,0.29,0.29,0.29,0.59,0.3,0.17,0.26,0.12,0.33,0.35,0.15,0.16,0.11,0.22,0.29,0.21,0.37,0.34,0.24,0.46,0.21,0.22,0.11,0.22,0.13,0.26,0.12,0.12,0.31,0.35,0.16,0.12,0.26,0.09,0.19,0.22,0.19,0.2,0.32,0.31,0.25,0.28,0.1,0.19,0.23,0.33,0.24,0.1,0.55,0.23,0.23,0.44,0.43,0.24,0.14,0.3,0.25,0.22,0.23,0.33,0.25,0.12,0.22,0.11,0.31,0.21,0.19,0.28,0.17,0.31,0.2,0.13,0.13,0.12,0.11,0.13,0.13,0.26,0.11,0.14,0.36,0.15,0.17,0.63,0.33,0.19,0.26,0.21,0.26,0.14,1.0,0.38,0.32
"valine_isocyanide",0.16,0.17,0.19,0.23,0.18,0.15,0.14,0.12,0.19,0.32,0.22,0.15,0.15,0.21,0.21,0.3,0.28,0.26,0.06,0.21,0.19,0.26,0.2,0.1,0.16,0.14,0.26,0.29,0.17,0.14,0.29,0.39,0.14,0.21,0.21,0.21,0.3,0.17,0.19,0.18,0.16,0.18,0.15,0.18,0.14,0.18,0.05,0.14,0.16,0.14,0.21,0.22,0.19,0.17,0.33,0.14,0.13,0.18,0.25,0.16,0.23,0.29,0.16,0.2,0.18,0.32,0.27,0.15,0.2,0.31,0.4,0.15,0.15,0.13,0.2,0.14,0.13,0.17,0.17,0.19,0.22,0.15,0.16,0.15,0.14,0.22,0.12,0.13,0.19,0.12,0.18,0.16,0.13,0.14,0.13,0.14,0.15,0.19,0.15,0.15,0.15,0.11,0.09,0.15,0.14,0.18,0.14,0.12,0.11,0.13,0.35,0.23,0.22,0.17,0.19,0.15,0.16,0.18,0.17,0.18,0.21,0.14,0.15,0.21,0.18,0.17,0.1,0.15,0.14,0.25,0.36,0.16,0.16,0.17,0.05,0.21,0.21,0.13,0.19,0.13,0.15,0.16,0.19,0.21,0.2,0.15,0.28,0.19,0.19,0.14,0.15,0.16,0.17,0.11,0.15,0.19,0.21,0.15,0.11,0.19,0.13,0.17,0.14,0.17,0.17,0.2,0.19,0.17,0.16,0.09,0.13,0.15,0.21,0.19,0.12,0.28,0.17,0.18,0.38,0.29,0.13,0.13,0.19,0.22,0.15,0.18,0.22,0.15,0.15,0.16,0.13,0.19,0.23,0.17,0.21,0.12,0.23,0.22,0.16,0.12,0.11,0.14,0.12,0.16,0.23,0.14,0.16,0.22,0.14,0.12,0.31,0.22,0.17,0.23,0.16,0.2,0.13,0.38,1.0,0.19
"valinol",0.12,0.32,0.18,0.17,0.17,0.12,0.08,0.03,0.15,0.26,0.21,0.06,0.03,0.12,0.19,0.19,0.22,0.21,0.07,0.19,0.17,0.25,0.13,0.03,0.03,0.08,0.2,0.17,0.19,0.12,0.19,0.22,0.13,0.2,0.2,0.2,0.19,0.11,0.14,0.16,0.03,0.13,0.14,0.13,0.06,0.06,0.06,0.06,0.14,0.06,0.15,0.16,0.17,0.12,0.28,0.03,0.03,0.14,0.19,0.08,0.18,0.23,0.12,0.19,0.14,0.26,0.26,0.13,0.15,0.25,0.29,0.06,0.14,0.05,0.13,0.12,0.03,0.12,0.03,0.17,0.13,0.06,0.13,0.06,0.1,0.21,0.03,0.08,0.26,0.05,0.16,0.07,0.05,0.06,0.11,0.06,0.11,0.15,0.06,0.06,0.11,0.05,0.02,0.11,0.05,0.06,0.06,0.06,0.04,0.07,0.19,0.11,0.11,0.13,0.18,0.16,0.14,0.16,0.16,0.14,0.17,0.06,0.13,0.15,0.16,0.15,0.09,0.1,0.1,0.11,0.3,0.67,0.06,0.15,0.24,0.19,0.2,0.03,0.04,0.03,0.12,0.12,0.14,0.12,0.12,0.17,0.19,0.12,0.12,0.03,0.1,0.03,0.15,0.07,0.03,0.18,0.2,0.06,0.05,0.12,0.04,0.11,0.13,0.09,0.05,0.19,0.18,0.14,0.14,0.06,0.11,0.14,0.24,0.14,0.05,0.27,0.15,0.14,0.19,0.28,0.43,0.08,0.17,0.12,0.12,0.14,0.21,0.14,0.03,0.1,0.04,0.18,0.06,0.07,0.16,0.26,0.14,0.09,0.06,0.03,0.03,0.03,0.03,0.03,0.1,0.03,0.03,0.32,0.07,0.06,0.25,0.21,0.11,0.12,0.12,0.15,0.08,0.32,0.19,1.0
